raceId,year,circuitId,driverId,constructorId,grid,positionOrder
18,2008,1,1,1,1,1
18,2008,1,2,2,5,2
18,2008,1,3,3,7,3
18,2008,1,4,4,11,4
18,2008,1,5,1,3,5
18,2008,1,6,3,13,6
18,2008,1,7,5,17,7
18,2008,1,8,6,15,8
18,2008,1,9,2,2,9
18,2008,1,10,7,18,10
18,2008,1,11,8,19,11
18,2008,1,12,4,20,12
18,2008,1,13,6,4,13
18,2008,1,14,9,8,14
18,2008,1,15,7,6,15
18,2008,1,16,10,22,16
18,2008,1,17,9,14,17
18,2008,1,18,11,12,18
18,2008,1,19,8,21,19
18,2008,1,20,5,9,20
18,2008,1,21,10,16,21
18,2008,1,22,11,10,22
19,2008,2,8,6,2,1
19,2008,2,9,2,4,2
19,2008,2,5,1,8,3
19,2008,2,15,7,3,4
19,2008,2,1,1,9,5
19,2008,2,2,2,5,6
19,2008,2,17,9,6,7
19,2008,2,4,4,7,8
19,2008,2,14,9,12,9
19,2008,2,18,11,11,10
19,2008,2,12,4,13,11
19,2008,2,21,10,17,12
19,2008,2,22,11,14,13
19,2008,2,3,3,16,14
19,2008,2,19,8,21,15
19,2008,2,11,8,19,16
19,2008,2,6,3,22,17
19,2008,2,20,5,15,18
19,2008,2,13,6,1,19
19,2008,2,16,10,20,20
19,2008,2,10,7,10,21
19,2008,2,7,5,18,22
20,2008,3,13,6,2,1
20,2008,3,8,6,4,2
20,2008,3,9,2,1,3
20,2008,3,2,2,6,4
20,2008,3,5,1,5,5
20,2008,3,15,7,7,6
20,2008,3,17,9,11,7
20,2008,3,3,3,8,8
20,2008,3,10,7,13,9
20,2008,3,4,4,10,10
20,2008,3,22,11,12,11
20,2008,3,21,10,18,12
20,2008,3,1,1,3,13
20,2008,3,6,3,16,14
20,2008,3,7,5,15,15
20,2008,3,19,8,21,16
20,2008,3,11,8,22,17
20,2008,3,14,9,17,18
20,2008,3,16,10,20,19
20,2008,3,12,4,14,20
20,2008,3,18,11,9,21
20,2008,3,20,5,19,22
21,2008,4,8,6,1,1
21,2008,4,13,6,3,2
21,2008,4,1,1,5,3
21,2008,4,9,2,4,4
21,2008,4,17,9,7,5
21,2008,4,18,11,13,6
21,2008,4,6,3,12,7
21,2008,4,15,7,8,8
21,2008,4,2,2,9,9
21,2008,4,21,10,19,10
21,2008,4,10,7,14,11
21,2008,4,14,9,17,12
21,2008,4,11,8,22,13
21,2008,4,3,3,15,14
21,2008,4,4,4,2,15
21,2008,4,22,11,11,16
21,2008,4,5,1,6,17
21,2008,4,19,8,21,18
21,2008,4,7,5,16,19
21,2008,4,12,4,10,20
21,2008,4,16,10,20,21
21,2008,4,20,5,18,22
22,2008,5,13,6,1,1
22,2008,5,1,1,3,2
22,2008,5,8,6,4,3
22,2008,5,9,2,5,4
22,2008,5,2,2,9,5
22,2008,5,4,4,7,6
22,2008,5,17,9,6,7
22,2008,5,3,3,11,8
22,2008,5,14,9,10,9
22,2008,5,15,7,8,10
22,2008,5,18,11,13,11
22,2008,5,5,1,2,12
22,2008,5,10,7,15,13
22,2008,5,22,11,12,14
22,2008,5,12,4,17,15
22,2008,5,16,10,19,16
22,2008,5,20,5,14,17
22,2008,5,7,5,18,18
22,2008,5,6,3,16,19
22,2008,5,21,10,20,20
23,2008,6,1,1,3,1
23,2008,6,9,2,5,2
23,2008,6,13,6,1,3
23,2008,6,17,9,9,4
23,2008,6,20,5,19,5
23,2008,6,22,11,14,6
23,2008,6,6,3,13,7
23,2008,6,5,1,4,8
23,2008,6,8,6,2,9
23,2008,6,4,4,7,10
23,2008,6,18,11,11,11
23,2008,6,10,7,10,12
23,2008,6,15,7,8,13
23,2008,6,2,2,12,14
23,2008,6,16,10,18,15
23,2008,6,3,3,6,16
23,2008,6,12,4,17,17
23,2008,6,21,10,20,18
23,2008,6,14,9,15,19
23,2008,6,7,5,16,20
24,2008,7,9,2,2,1
24,2008,7,2,2,8,2
24,2008,7,14,9,13,3
24,2008,7,10,7,11,4
24,2008,7,13,6,6,5
24,2008,7,15,7,14,6
24,2008,7,22,11,9,7
24,2008,7,20,5,19,8
24,2008,7,5,1,7,9
24,2008,7,3,3,5,10
24,2008,7,18,11,20,11
24,2008,7,17,9,10,12
24,2008,7,7,5,18,13
24,2008,7,21,10,17,14
24,2008,7,6,3,12,15
24,2008,7,4,4,4,16
24,2008,7,12,4,15,17
24,2008,7,8,6,3,18
24,2008,7,1,1,1,19
24,2008,7,16,10,16,20
25,2008,8,13,6,2,1
25,2008,8,8,6,1,2
25,2008,8,15,7,4,3
25,2008,8,5,1,10,4
25,2008,8,9,2,5,5
25,2008,8,17,9,6,6
25,2008,8,12,4,9,7
25,2008,8,4,4,3,8
25,2008,8,14,9,7,9
25,2008,8,1,1,13,10
25,2008,8,10,7,8,11
25,2008,8,20,5,12,12
25,2008,8,2,2,11,13
25,2008,8,22,11,20,14
25,2008,8,6,3,15,15
25,2008,8,3,3,19,16
25,2008,8,7,5,14,17
25,2008,8,21,10,17,18
25,2008,8,16,10,18,19
25,2008,8,18,11,16,20
26,2008,9,1,1,4,1
26,2008,9,2,2,5,2
26,2008,9,22,11,16,3
26,2008,9,8,6,3,4
26,2008,9,5,1,1,5
26,2008,9,4,4,6,6
26,2008,9,15,7,14,7
26,2008,9,6,3,15,8
26,2008,9,3,3,20,9
26,2008,9,17,9,2,10
26,2008,9,7,5,13,11
26,2008,9,10,7,12,12
26,2008,9,13,6,9,13
26,2008,9,9,2,10,14
26,2008,9,18,11,17,15
26,2008,9,12,4,7,16
26,2008,9,21,10,19,17
26,2008,9,16,10,18,18
26,2008,9,20,5,8,19
26,2008,9,14,9,11,20
27,2008,10,1,1,1,1
27,2008,10,12,4,17,2
27,2008,10,13,6,2,3
27,2008,10,2,2,12,4
27,2008,10,5,1,3,5
27,2008,10,8,6,6,6
27,2008,10,9,2,7,7
27,2008,10,20,5,9,8
27,2008,10,15,7,4,9
27,2008,10,3,3,13,10
27,2008,10,4,4,5,11
27,2008,10,7,5,15,12
27,2008,10,14,9,10,13
27,2008,10,6,3,16,14
27,2008,10,16,10,19,15
27,2008,10,21,10,20,16
27,2008,10,18,11,14,17
27,2008,10,22,11,18,18
27,2008,10,17,9,8,19
27,2008,10,10,7,11,20
28,2008,11,5,1,2,1
28,2008,11,10,7,5,2
28,2008,11,8,6,6,3
28,2008,11,4,4,7,4
28,2008,11,1,1,1,5
28,2008,11,12,4,10,6
28,2008,11,15,7,9,7
28,2008,11,9,2,4,8
28,2008,11,17,9,8,9
28,2008,11,2,2,15,10
28,2008,11,14,9,13,11
28,2008,11,18,11,12,12
28,2008,11,6,3,16,13
28,2008,11,3,3,14,14
28,2008,11,21,10,18,15
28,2008,11,22,11,17,16
28,2008,11,13,6,3,17
28,2008,11,7,5,19,18
28,2008,11,16,10,20,19
28,2008,11,20,5,11,20
29,2008,12,13,6,1,1
29,2008,12,1,1,2,2
29,2008,12,9,2,3,3
29,2008,12,5,1,5,4
29,2008,12,15,7,7,5
29,2008,12,20,5,6,6
29,2008,12,10,7,13,7
29,2008,12,3,3,9,8
29,2008,12,2,2,8,9
29,2008,12,7,5,10,10
29,2008,12,12,4,15,11
29,2008,12,17,9,14,12
29,2008,12,18,11,16,13
29,2008,12,21,10,18,14
29,2008,12,6,3,11,15
29,2008,12,22,11,19,16
29,2008,12,14,9,17,17
29,2008,12,8,6,4,18
29,2008,12,16,10,20,19
29,2008,12,4,4,12,20
30,2008,13,13,6,2,1
30,2008,13,2,2,5,2
30,2008,13,1,1,1,3
30,2008,13,4,4,6,4
30,2008,13,20,5,10,5
30,2008,13,9,2,8,6
30,2008,13,7,5,9,7
30,2008,13,17,9,7,8
30,2008,13,10,7,13,9
30,2008,13,5,1,3,10
30,2008,13,14,9,14,11
30,2008,13,3,3,15,12
30,2008,13,16,10,18,13
30,2008,13,6,3,19,14
30,2008,13,18,11,17,15
30,2008,13,15,7,11,16
30,2008,13,21,10,20,17
30,2008,13,8,6,4,18
30,2008,13,22,11,16,19
30,2008,13,12,4,12,20
31,2008,14,20,5,1,1
31,2008,14,5,1,2,2
31,2008,14,9,2,11,3
31,2008,14,4,4,8,4
31,2008,14,2,2,10,5
31,2008,14,13,6,6,6
31,2008,14,1,1,15,7
31,2008,14,17,9,3,8
31,2008,14,8,6,14,9
31,2008,14,12,4,17,10
31,2008,14,10,7,9,11
31,2008,14,6,3,18,12
31,2008,14,15,7,7,13
31,2008,14,3,3,5,14
31,2008,14,18,11,19,15
31,2008,14,14,9,13,16
31,2008,14,22,11,16,17
31,2008,14,7,5,4,18
31,2008,14,16,10,20,19
31,2008,14,21,10,12,20
32,2008,15,4,4,15,1
32,2008,15,3,3,8,2
32,2008,15,1,1,2,3
32,2008,15,10,7,7,4
32,2008,15,20,5,6,5
32,2008,15,2,2,9,6
32,2008,15,14,9,14,7
32,2008,15,6,3,10,8
32,2008,15,18,11,12,9
32,2008,15,5,1,5,10
32,2008,15,9,2,4,11
32,2008,15,7,5,17,12
32,2008,15,13,6,1,13
32,2008,15,21,10,20,14
32,2008,15,8,6,3,15
32,2008,15,15,7,11,16
32,2008,15,16,10,19,17
32,2008,15,17,9,13,18
32,2008,15,22,11,18,19
32,2008,15,12,4,16,20
33,2008,16,4,4,4,1
33,2008,16,9,2,6,2
33,2008,16,8,6,2,3
33,2008,16,12,4,12,4
33,2008,16,15,7,7,5
33,2008,16,20,5,9,6
33,2008,16,13,6,5,7
33,2008,16,17,9,13,8
33,2008,16,2,2,16,9
33,2008,16,7,5,10,10
33,2008,16,3,3,15,11
33,2008,16,1,1,1,12
33,2008,16,22,11,17,13
33,2008,16,18,11,18,14
33,2008,16,6,3,14,15
33,2008,16,21,10,20,16
33,2008,16,5,1,3,17
33,2008,16,16,10,19,18
33,2008,16,10,7,8,19
33,2008,16,14,9,11,20
34,2008,17,1,1,1,1
34,2008,17,13,6,3,2
34,2008,17,8,6,2,3
34,2008,17,4,4,4,4
34,2008,17,2,2,9,5
34,2008,17,9,2,11,6
34,2008,17,10,7,12,7
34,2008,17,12,4,10,8
34,2008,17,20,5,6,9
34,2008,17,14,9,15,10
34,2008,17,22,11,13,11
34,2008,17,6,3,17,12
34,2008,17,7,5,8,13
34,2008,17,17,9,16,14
34,2008,17,3,3,14,15
34,2008,17,18,11,18,16
34,2008,17,21,10,20,17
34,2008,17,5,1,5,18
34,2008,17,16,10,19,19
34,2008,17,15,7,7,20
35,2008,18,13,6,1,1
35,2008,18,4,4,6,2
35,2008,18,8,6,3,3
35,2008,18,20,5,7,4
35,2008,18,1,1,4,5
35,2008,18,10,7,10,6
35,2008,18,5,1,5,7
35,2008,18,15,7,2,8
35,2008,18,17,9,12,9
35,2008,18,2,2,8,10
35,2008,18,9,2,13,11
35,2008,18,3,3,18,12
35,2008,18,18,11,17,13
35,2008,18,7,5,9,14
35,2008,18,22,11,15,15
35,2008,18,16,10,20,16
35,2008,18,6,3,16,17
35,2008,18,21,10,19,18
35,2008,18,12,4,11,19
35,2008,18,14,9,14,20
36,2007,1,8,6,1,1
36,2007,1,4,1,2,2
36,2007,1,1,1,4,3
36,2007,1,2,2,3,4
36,2007,1,21,4,6,5
36,2007,1,13,6,22,6
36,2007,1,3,3,12,7
36,2007,1,23,7,9,8
36,2007,1,15,7,8,9
36,2007,1,5,4,13,10
36,2007,1,22,11,16,11
36,2007,1,11,8,10,12
36,2007,1,17,9,7,13
36,2007,1,24,5,19,14
36,2007,1,18,11,14,15
36,2007,1,19,8,11,16
36,2007,1,16,12,20,17
36,2007,1,25,3,15,18
36,2007,1,14,9,18,19
36,2007,1,9,2,5,20
36,2007,1,26,5,17,21
36,2007,1,27,12,21,22
37,2007,2,4,1,2,1
37,2007,2,1,1,4,2
37,2007,2,8,6,3,3
37,2007,2,2,2,5,4
37,2007,2,13,6,1,5
37,2007,2,21,4,12,6
37,2007,2,15,7,8,7
37,2007,2,5,4,11,8
37,2007,2,25,3,19,9
37,2007,2,17,9,10,10
37,2007,2,22,11,22,11
37,2007,2,18,11,15,12
37,2007,2,11,8,14,13
37,2007,2,26,5,17,14
37,2007,2,23,7,9,15
37,2007,2,19,8,18,16
37,2007,2,24,5,16,17
37,2007,2,9,2,7,18
37,2007,2,3,3,6,19
37,2007,2,14,9,13,20
37,2007,2,27,12,20,21
37,2007,2,16,12,21,22
38,2007,3,13,6,1,1
38,2007,3,1,1,2,2
38,2007,3,8,6,3,3
38,2007,3,2,2,5,4
38,2007,3,4,1,4,5
38,2007,3,9,2,6,6
38,2007,3,15,7,9,7
38,2007,3,21,4,7,8
38,2007,3,5,4,12,9
38,2007,3,3,3,10,10
38,2007,3,25,3,11,11
38,2007,3,23,7,14,12
38,2007,3,22,11,15,13
38,2007,3,27,12,22,14
38,2007,3,16,12,20,15
38,2007,3,19,8,13,16
38,2007,3,17,9,8,17
38,2007,3,14,9,21,18
38,2007,3,11,8,17,19
38,2007,3,24,5,18,20
38,2007,3,18,11,16,21
38,2007,3,26,5,19,22
39,2007,4,13,6,1,1
39,2007,4,1,1,4,2
39,2007,4,4,1,2,3
39,2007,4,9,2,5,4
39,2007,4,14,9,9,5
39,2007,4,3,3,11,6
39,2007,4,5,4,8,7
39,2007,4,11,8,13,8
39,2007,4,21,4,10,9
39,2007,4,22,11,12,10
39,2007,4,19,8,15,11
39,2007,4,18,11,14,12
39,2007,4,16,12,20,13
39,2007,4,27,12,21,14
39,2007,4,2,2,7,15
39,2007,4,23,7,17,16
39,2007,4,24,5,16,17
39,2007,4,26,5,22,18
39,2007,4,8,6,3,19
39,2007,4,15,7,6,20
39,2007,4,17,9,19,21
39,2007,4,25,3,18,22
40,2007,6,4,1,1,1
40,2007,6,1,1,2,2
40,2007,6,13,6,3,3
40,2007,6,21,4,4,4
40,2007,6,9,2,8,5
40,2007,6,2,2,7,6
40,2007,6,25,3,11,7
40,2007,6,8,6,16,8
40,2007,6,26,5,18,9
40,2007,6,22,11,9,10
40,2007,6,18,11,10,11
40,2007,6,3,3,5,12
40,2007,6,5,4,15,13
40,2007,6,14,9,13,14
40,2007,6,15,7,14,15
40,2007,6,23,7,20,16
40,2007,6,11,8,21,17
40,2007,6,19,8,17,18
40,2007,6,27,12,22,19
40,2007,6,16,12,19,20
40,2007,6,17,9,6,21
40,2007,6,24,5,12,22
41,2007,7,1,1,1,1
41,2007,7,2,2,3,2
41,2007,7,25,3,19,3
41,2007,7,5,4,22,4
41,2007,7,8,6,4,5
41,2007,7,11,8,11,6
41,2007,7,4,1,2,7
41,2007,7,23,7,18,8
41,2007,7,17,9,6,9
41,2007,7,3,3,7,10
41,2007,7,19,8,17,11
41,2007,7,22,11,13,12
41,2007,7,15,7,10,13
41,2007,7,24,5,12,14
41,2007,7,27,12,21,15
41,2007,7,14,9,14,16
41,2007,7,9,2,8,17
41,2007,7,16,12,20,18
41,2007,7,26,5,16,19
41,2007,7,18,11,15,20
41,2007,7,13,6,5,21
41,2007,7,21,4,9,22
42,2007,19,1,1,1,1
42,2007,19,4,1,2,2
42,2007,19,13,6,3,3
42,2007,19,8,6,4,4
42,2007,19,5,4,6,5
42,2007,19,15,7,8,6
42,2007,19,17,9,9,7
42,2007,19,20,2,7,8
42,2007,19,21,4,10,9
42,2007,19,25,3,17,10
42,2007,19,19,8,16,11
42,2007,19,18,11,13,12
42,2007,19,26,5,20,13
42,2007,19,16,12,21,14
42,2007,19,27,12,22,15
42,2007,19,3,3,14,16
42,2007,19,24,5,19,17
42,2007,19,2,2,5,18
42,2007,19,11,8,18,19
42,2007,19,14,9,11,20
42,2007,19,22,11,15,21
42,2007,19,23,7,12,22
43,2007,8,8,6,3,1
43,2007,8,13,6,1,2
43,2007,8,1,1,2,3
43,2007,8,9,2,4,4
43,2007,8,2,2,7,5
43,2007,8,21,4,5,6
43,2007,8,4,1,10,7
43,2007,8,18,11,12,8
43,2007,8,3,3,9,9
43,2007,8,23,7,11,10
43,2007,8,22,11,13,11
43,2007,8,17,9,14,12
43,2007,8,14,9,16,13
43,2007,8,25,3,18,14
43,2007,8,5,4,6,15
43,2007,8,11,8,22,16
43,2007,8,16,12,21,17
43,2007,8,26,5,15,18
43,2007,8,27,12,20,19
43,2007,8,19,8,19,20
43,2007,8,15,7,8,21
43,2007,8,24,5,17,22
44,2007,9,8,6,2,1
44,2007,9,4,1,3,2
44,2007,9,1,1,1,3
44,2007,9,9,2,5,4
44,2007,9,13,6,4,5
44,2007,9,2,2,9,6
44,2007,9,5,4,7,7
44,2007,9,21,4,8,8
44,2007,9,22,11,14,9
44,2007,9,18,11,18,10
44,2007,9,14,9,12,11
44,2007,9,3,3,17,12
44,2007,9,25,3,13,13
44,2007,9,11,8,21,14
44,2007,9,27,12,22,15
44,2007,9,24,5,16,16
44,2007,9,15,7,10,17
44,2007,9,19,8,19,18
44,2007,9,26,5,15,19
44,2007,9,23,7,6,20
44,2007,9,16,12,20,21
44,2007,9,17,9,11,22
45,2007,20,4,1,2,1
45,2007,20,13,6,3,2
45,2007,20,17,9,6,3
45,2007,20,25,3,12,4
45,2007,20,14,9,20,5
45,2007,20,2,2,4,6
45,2007,20,9,2,5,7
45,2007,20,5,4,7,8
45,2007,20,1,1,10,9
45,2007,20,21,4,13,10
45,2007,20,22,11,14,11
45,2007,20,19,8,15,12
45,2007,20,15,7,8,13
45,2007,20,8,6,1,14
45,2007,20,11,8,16,15
45,2007,20,23,7,9,16
45,2007,20,28,12,22,17
45,2007,20,18,11,17,18
45,2007,20,16,12,21,19
45,2007,20,3,3,11,20
45,2007,20,26,5,18,21
45,2007,20,24,5,19,22
46,2007,11,1,1,1,1
46,2007,11,8,6,3,2
46,2007,11,2,2,2,3
46,2007,11,4,1,6,4
46,2007,11,9,2,7,5
46,2007,11,23,7,5,6
46,2007,11,3,3,4,7
46,2007,11,5,4,11,8
46,2007,11,17,9,9,9
46,2007,11,15,7,8,10
46,2007,11,14,9,10,11
46,2007,11,21,4,13,12
46,2007,11,13,6,14,13
46,2007,11,25,3,12,14
46,2007,11,11,8,19,15
46,2007,11,20,5,20,16
46,2007,11,16,12,21,17
46,2007,11,22,11,18,18
46,2007,11,24,5,16,19
46,2007,11,19,8,15,20
46,2007,11,18,11,17,21
46,2007,11,29,12,22,22
47,2007,5,13,6,1,1
47,2007,5,8,6,3,2
47,2007,5,4,1,4,3
47,2007,5,2,2,6,4
47,2007,5,1,1,2,5
47,2007,5,5,4,7,6
47,2007,5,3,3,8,7
47,2007,5,9,2,5,8
47,2007,5,21,4,10,9
47,2007,5,14,9,13,10
47,2007,5,25,3,14,11
47,2007,5,23,7,16,12
47,2007,5,18,11,21,13
47,2007,5,19,8,11,14
47,2007,5,24,5,15,15
47,2007,5,15,7,9,16
47,2007,5,22,11,22,17
47,2007,5,11,8,17,18
47,2007,5,20,5,18,19
47,2007,5,29,12,20,20
47,2007,5,16,12,19,21
47,2007,5,17,9,12,22
48,2007,14,4,1,1,1
48,2007,14,1,1,2,2
48,2007,14,8,6,5,3
48,2007,14,2,2,4,4
48,2007,14,9,2,6,5
48,2007,14,3,3,8,6
48,2007,14,5,4,7,7
48,2007,14,18,11,10,8
48,2007,14,17,9,11,9
48,2007,14,22,11,12,10
48,2007,14,15,7,9,11
48,2007,14,21,4,15,12
48,2007,14,25,3,13,13
48,2007,14,19,8,14,14
48,2007,14,23,7,18,15
48,2007,14,11,8,17,16
48,2007,14,24,5,19,17
48,2007,14,20,5,16,18
48,2007,14,16,12,21,19
48,2007,14,29,12,22,20
48,2007,14,13,6,3,21
48,2007,14,14,9,20,22
49,2007,13,8,6,1,1
49,2007,13,13,6,2,2
49,2007,13,4,1,3,3
49,2007,13,1,1,4,4
49,2007,13,2,2,6,5
49,2007,13,3,3,5,6
49,2007,13,17,9,7,7
49,2007,13,5,4,9,8
49,2007,13,9,2,14,9
49,2007,13,23,7,10,10
49,2007,13,15,7,8,11
49,2007,13,24,5,13,12
49,2007,13,22,11,17,13
49,2007,13,16,12,19,14
49,2007,13,11,8,18,15
49,2007,13,19,8,20,16
49,2007,13,29,12,21,17
49,2007,13,18,11,12,18
49,2007,13,25,3,15,19
49,2007,13,14,9,11,20
49,2007,13,20,5,16,21
49,2007,13,21,4,22,22
50,2007,16,1,1,1,1
50,2007,16,5,4,11,2
50,2007,16,8,6,3,3
50,2007,16,14,9,12,4
50,2007,16,21,4,10,5
50,2007,16,13,6,4,6
50,2007,16,9,2,9,7
50,2007,16,16,12,20,8
50,2007,16,24,5,14,9
50,2007,16,22,11,17,10
50,2007,16,18,11,6,11
50,2007,16,29,12,22,12
50,2007,16,15,7,13,13
50,2007,16,2,2,5,14
50,2007,16,11,8,21,15
50,2007,16,23,7,15,16
50,2007,16,19,8,19,17
50,2007,16,3,3,16,18
50,2007,16,20,5,8,19
50,2007,16,17,9,7,20
50,2007,16,4,1,2,21
50,2007,16,25,3,18,22
51,2007,17,8,6,2,1
51,2007,17,4,1,4,2
51,2007,17,13,6,3,3
51,2007,17,20,5,17,4
51,2007,17,18,11,10,5
51,2007,17,24,5,11,6
51,2007,17,2,2,8,7
51,2007,17,14,9,5,8
51,2007,17,5,4,13,9
51,2007,17,17,9,7,10
51,2007,17,21,4,18,11
51,2007,17,25,3,19,12
51,2007,17,15,7,12,13
51,2007,17,11,8,20,14
51,2007,17,22,11,16,15
51,2007,17,3,3,15,16
51,2007,17,29,12,22,17
51,2007,17,9,2,9,18
51,2007,17,1,1,1,19
51,2007,17,23,7,6,20
51,2007,17,16,12,21,21
51,2007,17,19,8,14,22
52,2007,18,8,6,3,1
52,2007,18,13,6,1,2
52,2007,18,4,1,4,3
52,2007,18,3,3,10,4
52,2007,18,9,2,7,5
52,2007,18,2,2,6,6
52,2007,18,1,1,2,7
52,2007,18,15,7,8,8
52,2007,18,14,9,9,9
52,2007,18,6,3,19,10
52,2007,18,23,7,15,11
52,2007,18,11,8,18,12
52,2007,18,24,5,14,13
52,2007,18,19,8,20,14
52,2007,18,16,12,21,15
52,2007,18,22,11,11,16
52,2007,18,5,4,17,17
52,2007,18,20,5,13,18
52,2007,18,18,11,16,19
52,2007,18,17,9,5,20
52,2007,18,29,12,22,21
52,2007,18,21,4,12,22
53,2006,3,4,4,4,1
53,2006,3,30,6,1,2
53,2006,3,8,1,22,3
53,2006,3,18,11,3,4
53,2006,3,31,1,5,5
53,2006,3,17,3,7,6
53,2006,3,3,3,12,7
53,2006,3,32,9,8,8
53,2006,3,13,6,2,9
53,2006,3,14,9,13,10
53,2006,3,24,5,15,11
53,2006,3,2,2,10,12
53,2006,3,26,5,16,13
53,2006,3,23,7,17,14
53,2006,3,22,11,6,15
53,2006,3,15,7,14,16
53,2006,3,33,13,19,17
53,2006,3,11,8,20,18
53,2006,3,34,8,21,19
53,2006,3,35,2,11,20
53,2006,3,21,4,9,21
53,2006,3,27,13,18,22
54,2006,2,21,4,1,1
54,2006,2,4,4,7,2
54,2006,2,18,11,2,3
54,2006,2,31,1,5,4
54,2006,2,13,6,21,5
54,2006,2,30,6,14,6
54,2006,2,35,2,10,7
54,2006,2,23,7,22,8
54,2006,2,15,7,9,9
54,2006,2,22,11,20,10
54,2006,2,24,5,13,11
54,2006,2,27,13,15,12
54,2006,2,33,13,16,13
54,2006,2,11,8,17,14
54,2006,2,2,2,11,15
54,2006,2,26,5,12,16
54,2006,2,34,8,18,17
54,2006,2,32,9,8,18
54,2006,2,17,3,4,19
54,2006,2,14,9,19,20
54,2006,2,3,3,3,21
54,2006,2,8,1,6,22
55,2006,1,4,4,3,1
55,2006,1,8,1,4,2
55,2006,1,23,7,6,3
55,2006,1,2,2,8,4
55,2006,1,21,4,2,5
55,2006,1,35,2,19,6
55,2006,1,22,11,16,7
55,2006,1,14,9,11,8
55,2006,1,26,5,18,9
55,2006,1,18,11,1,10
55,2006,1,27,13,17,11
55,2006,1,11,8,21,12
55,2006,1,34,8,22,13
55,2006,1,31,1,5,14
55,2006,1,33,13,20,15
55,2006,1,24,5,12,16
55,2006,1,30,6,10,17
55,2006,1,17,3,7,18
55,2006,1,32,9,13,19
55,2006,1,15,7,9,20
55,2006,1,3,3,14,21
55,2006,1,13,6,15,22
56,2006,21,30,6,1,1
56,2006,21,4,4,5,2
56,2006,21,31,1,7,3
56,2006,21,13,6,4,4
56,2006,21,8,1,8,5
56,2006,21,17,3,10,6
56,2006,21,18,11,2,7
56,2006,21,21,4,11,8
56,2006,21,23,7,6,9
56,2006,21,22,11,3,10
56,2006,21,3,3,13,11
56,2006,21,35,2,12,12
56,2006,21,2,2,15,13
56,2006,21,24,5,16,14
56,2006,21,26,5,18,15
56,2006,21,33,13,19,16
56,2006,21,14,9,14,17
56,2006,21,11,8,21,18
56,2006,21,32,9,17,19
56,2006,21,34,8,22,20
56,2006,21,15,7,9,21
56,2006,21,27,13,20,22
57,2006,20,30,6,2,1
57,2006,20,4,4,1,2
57,2006,20,13,6,3,3
57,2006,20,8,1,5,4
57,2006,20,22,11,4,5
57,2006,20,21,4,11,6
57,2006,20,3,3,22,7
57,2006,20,35,2,9,8
57,2006,20,15,7,7,9
57,2006,20,2,2,13,10
57,2006,20,26,5,17,11
57,2006,20,33,13,18,12
57,2006,20,27,13,16,13
57,2006,20,23,7,10,14
57,2006,20,31,1,8,15
57,2006,20,11,8,20,16
57,2006,20,36,8,21,17
57,2006,20,18,11,6,18
57,2006,20,32,9,15,19
57,2006,20,17,3,19,20
57,2006,20,14,9,12,21
57,2006,20,24,5,14,22
58,2006,4,4,4,1,1
58,2006,4,30,6,3,2
58,2006,4,21,4,2,3
58,2006,4,13,6,4,4
58,2006,4,8,1,9,5
58,2006,4,18,11,8,6
58,2006,4,22,11,5,7
58,2006,4,2,2,10,8
58,2006,4,17,3,11,9
58,2006,4,15,7,7,10
58,2006,4,3,3,13,11
58,2006,4,35,2,22,12
58,2006,4,32,9,14,13
58,2006,4,14,9,21,14
58,2006,4,24,5,15,15
58,2006,4,33,13,17,16
58,2006,4,11,8,19,17
58,2006,4,27,13,18,18
58,2006,4,26,5,16,19
58,2006,4,23,7,6,20
58,2006,4,31,1,12,21
58,2006,4,36,8,20,22
59,2006,6,4,4,1,1
59,2006,6,31,1,4,2
59,2006,6,14,9,7,3
59,2006,6,22,11,5,4
59,2006,6,30,6,22,5
59,2006,6,21,4,9,6
59,2006,6,2,2,15,7
59,2006,6,23,7,10,8
59,2006,6,13,6,21,9
59,2006,6,24,5,12,10
59,2006,6,18,11,13,11
59,2006,6,27,13,16,12
59,2006,6,26,5,18,13
59,2006,6,35,2,14,14
59,2006,6,33,13,17,15
59,2006,6,36,8,20,16
59,2006,6,15,7,6,17
59,2006,6,32,9,11,18
59,2006,6,3,3,8,19
59,2006,6,8,1,3,20
59,2006,6,17,3,2,21
59,2006,6,11,8,19,22
60,2006,9,4,4,1,1
60,2006,9,30,6,3,2
60,2006,9,8,1,2,3
60,2006,9,21,4,5,4
60,2006,9,13,6,4,5
60,2006,9,31,1,8,6
60,2006,9,2,2,9,7
60,2006,9,35,2,10,8
60,2006,9,3,3,12,9
60,2006,9,22,11,6,10
60,2006,9,15,7,22,11
60,2006,9,14,9,11,12
60,2006,9,24,5,13,13
60,2006,9,32,9,14,14
60,2006,9,27,13,18,15
60,2006,9,33,13,16,16
60,2006,9,11,8,20,17
60,2006,9,36,8,21,18
60,2006,9,18,11,19,19
60,2006,9,26,5,15,20
60,2006,9,23,7,7,21
60,2006,9,17,3,17,22
61,2006,7,4,4,1,1
61,2006,7,30,6,5,2
61,2006,7,8,1,3,3
61,2006,7,21,4,2,4
61,2006,7,13,6,10,5
61,2006,7,15,7,4,6
61,2006,7,2,2,13,7
61,2006,7,14,9,22,8
61,2006,7,18,11,8,9
61,2006,7,26,5,17,10
61,2006,7,32,9,12,11
61,2006,7,17,3,16,12
61,2006,7,24,5,15,13
61,2006,7,33,13,18,14
61,2006,7,11,8,20,15
61,2006,7,35,2,11,16
61,2006,7,23,7,14,17
61,2006,7,31,1,7,18
61,2006,7,22,11,9,19
61,2006,7,36,8,21,20
61,2006,7,3,3,6,21
61,2006,7,27,13,19,22
62,2006,19,30,6,1,1
62,2006,19,13,6,2,2
62,2006,19,21,4,3,3
62,2006,19,15,7,22,4
62,2006,19,4,4,5,5
62,2006,19,22,11,4,6
62,2006,19,14,9,17,7
62,2006,19,24,5,20,8
62,2006,19,3,3,21,9
62,2006,19,23,7,8,10
62,2006,19,27,13,14,11
62,2006,19,35,2,6,12
62,2006,19,33,13,15,13
62,2006,19,11,8,18,14
62,2006,19,18,11,7,15
62,2006,19,8,1,9,16
62,2006,19,2,2,10,17
62,2006,19,31,1,11,18
62,2006,19,17,3,12,19
62,2006,19,26,5,13,20
62,2006,19,32,9,16,21
62,2006,19,36,8,19,22
63,2006,8,30,6,1,1
63,2006,8,4,4,3,2
63,2006,8,13,6,2,3
63,2006,8,23,7,5,4
63,2006,8,8,1,6,5
63,2006,8,21,4,7,6
63,2006,8,37,1,8,7
63,2006,8,2,2,11,8
63,2006,8,14,9,9,9
63,2006,8,26,5,14,10
63,2006,8,35,2,16,11
63,2006,8,32,9,12,12
63,2006,8,24,5,22,13
63,2006,8,3,3,18,14
63,2006,8,27,13,15,15
63,2006,8,36,8,20,16
63,2006,8,18,11,17,17
63,2006,8,17,3,10,18
63,2006,8,15,7,4,19
63,2006,8,22,11,13,20
63,2006,8,33,13,19,21
63,2006,8,11,8,21,22
64,2006,10,30,6,2,1
64,2006,10,13,6,3,2
64,2006,10,8,1,1,3
64,2006,10,18,11,4,4
64,2006,10,4,4,7,5
64,2006,10,21,4,5,6
64,2006,10,15,7,20,7
64,2006,10,32,9,12,8
64,2006,10,23,7,8,9
64,2006,10,24,5,16,10
64,2006,10,14,9,10,11
64,2006,10,26,5,19,12
64,2006,10,17,3,11,13
64,2006,10,11,8,17,14
64,2006,10,35,2,13,15
64,2006,10,22,11,6,16
64,2006,10,2,2,15,17
64,2006,10,37,1,9,18
64,2006,10,29,8,22,19
64,2006,10,3,3,14,20
64,2006,10,27,13,21,21
64,2006,10,33,13,18,22
65,2006,11,18,11,14,1
65,2006,11,37,1,4,2
65,2006,11,2,2,10,3
65,2006,11,22,11,3,4
65,2006,11,14,9,12,5
65,2006,11,23,7,6,6
65,2006,11,13,6,2,7
65,2006,11,30,6,11,8
65,2006,11,33,13,16,9
65,2006,11,27,13,22,10
65,2006,11,26,5,20,11
65,2006,11,15,7,8,12
65,2006,11,11,8,19,13
65,2006,11,4,4,15,14
65,2006,11,8,1,1,15
65,2006,11,24,5,17,16
65,2006,11,3,3,18,17
65,2006,11,21,4,7,18
65,2006,11,32,9,13,19
65,2006,11,17,3,5,20
65,2006,11,29,8,21,21
65,2006,11,9,2,9,22
66,2006,5,13,6,1,1
66,2006,5,4,4,3,2
66,2006,5,30,6,2,3
66,2006,5,18,11,6,4
66,2006,5,37,1,11,5
66,2006,5,21,4,4,6
66,2006,5,23,7,15,7
66,2006,5,22,11,13,8
66,2006,5,15,7,12,9
66,2006,5,17,3,9,10
66,2006,5,32,9,10,11
66,2006,5,9,2,8,12
66,2006,5,26,5,17,13
66,2006,5,2,2,5,14
66,2006,5,14,9,16,15
66,2006,5,27,13,22,16
66,2006,5,11,8,21,17
66,2006,5,3,3,14,18
66,2006,5,29,8,20,19
66,2006,5,24,5,18,20
66,2006,5,8,1,7,21
66,2006,5,33,13,19,22
67,2006,14,30,6,2,1
67,2006,14,8,1,1,2
67,2006,14,9,2,6,3
67,2006,14,21,4,9,4
67,2006,14,18,11,5,5
67,2006,14,22,11,8,6
67,2006,14,15,7,11,7
67,2006,14,2,2,3,8
67,2006,14,13,6,4,9
67,2006,14,17,3,19,10
67,2006,14,32,9,16,11
67,2006,14,14,9,14,12
67,2006,14,26,5,15,13
67,2006,14,24,5,17,14
67,2006,14,23,7,13,15
67,2006,14,11,8,21,16
67,2006,14,27,14,18,17
67,2006,14,33,14,20,18
67,2006,14,4,4,10,19
67,2006,14,37,1,7,20
67,2006,14,29,8,22,21
67,2006,14,3,3,12,22
68,2006,17,30,6,6,1
68,2006,17,4,4,1,2
68,2006,17,21,4,2,3
68,2006,17,18,11,4,4
68,2006,17,37,1,7,5
68,2006,17,22,11,3,6
68,2006,17,2,2,8,7
68,2006,17,17,3,14,8
68,2006,17,14,9,12,9
68,2006,17,24,5,13,10
68,2006,17,3,3,15,11
68,2006,17,38,9,10,12
68,2006,17,9,2,9,13
68,2006,17,26,5,11,14
68,2006,17,27,14,22,15
68,2006,17,29,8,19,16
68,2006,17,23,7,16,17
68,2006,17,13,6,20,18
68,2006,17,15,7,17,19
68,2006,17,33,14,18,20
68,2006,17,8,1,5,21
68,2006,17,11,8,21,22
69,2006,22,4,4,5,1
69,2006,22,13,6,1,2
69,2006,22,21,4,6,3
69,2006,22,18,11,7,4
69,2006,22,8,1,11,5
69,2006,22,15,7,4,6
69,2006,22,23,7,3,7
69,2006,22,2,2,9,8
69,2006,22,9,2,12,9
69,2006,22,3,3,10,10
69,2006,22,37,1,13,11
69,2006,22,22,11,8,12
69,2006,22,38,9,18,13
69,2006,22,24,5,15,14
69,2006,22,11,8,20,15
69,2006,22,33,14,21,16
69,2006,22,29,8,22,17
69,2006,22,26,5,19,18
69,2006,22,17,3,14,19
69,2006,22,30,6,2,20
69,2006,22,14,9,17,21
69,2006,22,27,14,16,22
70,2006,18,13,6,1,1
70,2006,18,4,4,4,2
70,2006,18,18,11,14,3
70,2006,18,30,6,10,4
70,2006,18,8,1,2,5
70,2006,18,21,4,6,6
70,2006,18,22,11,5,7
70,2006,18,37,1,12,8
70,2006,18,9,2,9,9
70,2006,18,11,8,19,10
70,2006,18,26,5,16,11
70,2006,18,38,9,22,12
70,2006,18,24,5,15,13
70,2006,18,27,14,17,14
70,2006,18,33,14,21,15
70,2006,18,29,8,20,16
70,2006,18,2,2,8,17
70,2006,18,14,9,18,18
70,2006,18,15,7,3,19
70,2006,18,23,7,7,20
70,2006,18,17,3,11,21
70,2006,18,3,3,13,22
71,2005,1,21,4,1,1
71,2005,1,22,6,11,2
71,2005,1,4,4,13,3
71,2005,1,14,9,5,4
71,2005,1,17,3,3,5
71,2005,1,31,1,9,6
71,2005,1,32,9,6,7
71,2005,1,8,1,10,8
71,2005,1,15,7,2,9
71,2005,1,13,15,18,10
71,2005,1,18,16,8,11
71,2005,1,23,7,15,12
71,2005,1,35,15,4,13
71,2005,1,11,16,20,14
71,2005,1,39,17,12,15
71,2005,1,33,17,14,16
71,2005,1,40,18,16,17
71,2005,1,30,6,19,18
71,2005,1,2,3,7,19
71,2005,1,27,18,17,20
72,2005,2,4,4,1,1
72,2005,2,15,7,2,2
72,2005,2,2,3,10,3
72,2005,2,31,1,11,4
72,2005,2,23,7,5,5
72,2005,2,14,9,8,6
72,2005,2,30,6,13,7
72,2005,2,32,9,7,8
72,2005,2,8,1,6,9
72,2005,2,13,15,14,10
72,2005,2,39,17,17,11
72,2005,2,33,17,18,12
72,2005,2,27,18,19,13
72,2005,2,22,6,12,14
72,2005,2,21,4,3,15
72,2005,2,17,3,4,16
72,2005,2,35,15,16,17
72,2005,2,18,16,9,18
72,2005,2,19,16,15,19
72,2005,2,40,18,20,20
73,2005,3,4,4,1,1
73,2005,3,15,7,3,2
73,2005,3,8,1,9,3
73,2005,3,23,7,6,4
73,2005,3,37,1,8,5
73,2005,3,17,3,5,6
73,2005,3,13,15,12,7
73,2005,3,14,9,14,8
73,2005,3,22,6,20,9
73,2005,3,33,17,16,10
73,2005,3,35,15,15,11
73,2005,3,40,18,19,12
73,2005,3,27,18,18,13
73,2005,3,18,16,11,14
73,2005,3,11,16,13,15
73,2005,3,2,3,4,16
73,2005,3,30,6,2,17
73,2005,3,21,4,10,18
73,2005,3,39,17,17,19
73,2005,3,32,9,7,20
74,2005,21,4,4,2,1
74,2005,21,30,6,13,2
74,2005,21,25,1,7,3
74,2005,21,35,15,11,4
74,2005,21,15,7,5,5
74,2005,21,2,3,8,6
74,2005,21,17,3,4,7
74,2005,21,24,9,15,8
74,2005,21,23,7,10,9
74,2005,21,13,15,18,10
74,2005,21,14,9,14,11
74,2005,21,39,17,16,12
74,2005,21,33,17,17,13
74,2005,21,27,18,20,14
74,2005,21,22,6,9,15
74,2005,21,8,1,1,16
74,2005,21,40,18,19,17
74,2005,21,21,4,12,18
74,2005,21,18,16,3,19
74,2005,21,11,16,6,20
75,2005,4,8,1,1,1
75,2005,4,4,4,3,2
75,2005,4,15,7,5,3
75,2005,4,23,7,4,4
75,2005,4,21,4,6,5
75,2005,4,17,3,2,6
75,2005,4,31,1,7,7
75,2005,4,14,9,9,8
75,2005,4,22,6,16,9
75,2005,4,2,3,17,10
75,2005,4,13,15,10,11
75,2005,4,33,17,18,12
75,2005,4,39,17,13,13
75,2005,4,35,15,12,14
75,2005,4,30,6,8,15
75,2005,4,27,18,14,16
75,2005,4,40,18,15,17
75,2005,4,24,9,11,18
76,2005,6,8,1,1,1
76,2005,6,2,3,6,2
76,2005,6,17,3,3,3
76,2005,6,4,4,2,4
76,2005,6,31,1,16,5
76,2005,6,23,7,18,6
76,2005,6,30,6,8,7
76,2005,6,22,6,10,8
76,2005,6,13,15,11,9
76,2005,6,15,7,5,10
76,2005,6,35,15,9,11
76,2005,6,21,4,4,12
76,2005,6,33,17,15,13
76,2005,6,27,18,14,14
76,2005,6,24,9,12,15
76,2005,6,40,18,13,16
76,2005,6,14,9,7,17
76,2005,6,39,17,17,18
77,2005,20,4,4,6,1
77,2005,20,2,3,1,2
77,2005,20,22,6,7,3
77,2005,20,14,9,12,4
77,2005,20,30,6,10,5
77,2005,20,21,4,9,6
77,2005,20,31,1,5,7
77,2005,20,15,7,4,8
77,2005,20,24,9,14,9
77,2005,20,18,16,13,10
77,2005,20,8,1,2,11
77,2005,20,11,16,16,12
77,2005,20,35,15,15,13
77,2005,20,13,15,11,14
77,2005,20,33,17,17,15
77,2005,20,39,17,19,16
77,2005,20,27,18,20,17
77,2005,20,40,18,18,18
77,2005,20,23,7,8,19
77,2005,20,17,3,3,20
78,2005,7,8,1,7,1
78,2005,7,30,6,2,2
78,2005,7,22,6,20,3
78,2005,7,13,15,11,4
78,2005,7,17,3,14,5
78,2005,7,23,7,10,6
78,2005,7,14,9,12,7
78,2005,7,32,9,16,8
78,2005,7,35,15,8,9
78,2005,7,33,17,18,10
78,2005,7,27,18,15,11
78,2005,7,15,7,9,12
78,2005,7,18,16,1,13
78,2005,7,2,3,13,14
78,2005,7,11,16,6,15
78,2005,7,40,18,19,16
78,2005,7,4,4,3,17
78,2005,7,21,4,4,18
78,2005,7,39,17,17,19
78,2005,7,31,1,5,20
79,2005,19,30,6,5,1
79,2005,19,22,6,7,2
79,2005,19,33,17,17,3
79,2005,19,39,17,19,4
79,2005,19,27,18,18,5
79,2005,19,40,18,20,6
79,2005,19,15,7,1,7
79,2005,19,8,1,2,8
79,2005,19,18,16,3,9
79,2005,19,21,4,4,10
79,2005,19,4,4,6,11
79,2005,19,11,16,8,12
79,2005,19,17,3,9,13
79,2005,19,13,15,10,14
79,2005,19,31,1,11,15
79,2005,19,35,15,12,16
79,2005,19,41,7,13,17
79,2005,19,32,9,14,18
79,2005,19,2,3,15,19
79,2005,19,14,9,16,20
80,2005,8,4,4,1,1
80,2005,8,8,1,13,2
80,2005,8,30,6,3,3
80,2005,8,18,16,7,4
80,2005,8,15,7,2,5
80,2005,8,21,4,6,6
80,2005,8,23,7,11,7
80,2005,8,35,15,10,8
80,2005,8,22,6,5,9
80,2005,8,14,9,15,10
80,2005,8,11,16,4,11
80,2005,8,17,3,12,12
80,2005,8,33,17,19,13
80,2005,8,2,3,14,14
80,2005,8,39,17,17,15
80,2005,8,31,1,8,16
80,2005,8,27,18,20,17
80,2005,8,40,18,18,18
80,2005,8,13,15,9,19
80,2005,8,32,9,16,20
81,2005,9,31,1,3,1
81,2005,9,4,4,1,2
81,2005,9,8,1,12,3
81,2005,9,21,4,6,4
81,2005,9,18,16,2,5
81,2005,9,30,6,9,6
81,2005,9,22,6,5,7
81,2005,9,23,7,8,8
81,2005,9,15,7,4,9
81,2005,9,13,15,16,10
81,2005,9,17,3,11,11
81,2005,9,2,3,14,12
81,2005,9,14,9,13,13
81,2005,9,35,15,10,14
81,2005,9,32,9,15,15
81,2005,9,11,16,7,16
81,2005,9,33,17,20,17
81,2005,9,27,18,18,18
81,2005,9,40,18,19,19
81,2005,9,39,17,17,20
82,2005,10,4,4,3,1
82,2005,10,31,1,20,2
82,2005,10,18,16,2,3
82,2005,10,21,4,4,4
82,2005,10,30,6,5,5
82,2005,10,23,7,12,6
82,2005,10,14,9,11,7
82,2005,10,13,15,13,8
82,2005,10,32,9,10,9
82,2005,10,22,6,15,10
82,2005,10,2,3,7,11
82,2005,10,11,16,8,12
82,2005,10,27,18,16,13
82,2005,10,15,7,9,14
82,2005,10,35,15,14,15
82,2005,10,39,17,19,16
82,2005,10,33,17,18,17
82,2005,10,38,18,17,18
82,2005,10,17,3,6,19
82,2005,10,8,1,1,20
83,2005,11,8,1,4,1
83,2005,11,30,6,1,2
83,2005,11,23,7,5,3
83,2005,11,15,7,3,4
83,2005,11,18,16,8,5
83,2005,11,2,3,12,6
83,2005,11,17,3,16,7
83,2005,11,11,16,10,8
83,2005,11,21,4,9,9
83,2005,11,22,6,7,10
83,2005,11,4,4,6,11
83,2005,11,39,17,18,12
83,2005,11,33,17,20,13
83,2005,11,13,15,14,14
83,2005,11,27,18,17,15
83,2005,11,35,15,15,16
83,2005,11,31,1,2,17
83,2005,11,38,18,19,18
83,2005,11,14,9,13,19
83,2005,11,32,9,11,20
84,2005,5,8,1,1,1
84,2005,5,4,4,3,2
84,2005,5,31,1,4,3
84,2005,5,21,4,2,4
84,2005,5,18,16,13,5
84,2005,5,15,7,5,6
84,2005,5,14,9,12,7
84,2005,5,32,9,10,8
84,2005,5,11,16,20,9
84,2005,5,22,6,11,10
84,2005,5,35,15,16,11
84,2005,5,23,7,9,12
84,2005,5,38,18,17,13
84,2005,5,39,17,18,14
84,2005,5,33,17,14,15
84,2005,5,27,18,15,16
84,2005,5,30,6,19,17
84,2005,5,2,3,6,18
84,2005,5,13,15,8,19
84,2005,5,17,3,7,20
85,2005,14,31,1,1,1
85,2005,14,4,4,2,2
85,2005,14,21,4,8,3
85,2005,14,8,1,11,4
85,2005,14,15,7,5,5
85,2005,14,23,7,9,6
85,2005,14,42,3,16,7
85,2005,14,18,16,3,8
85,2005,14,13,15,15,9
85,2005,14,30,6,6,10
85,2005,14,35,15,12,11
85,2005,14,22,6,7,12
85,2005,14,32,9,13,13
85,2005,14,17,3,14,14
85,2005,14,14,9,10,15
85,2005,14,11,16,4,16
85,2005,14,33,17,17,17
85,2005,14,38,18,18,18
85,2005,14,27,18,20,19
85,2005,14,39,17,19,20
86,2005,13,8,1,2,1
86,2005,13,4,4,4,2
86,2005,13,18,16,8,3
86,2005,13,17,3,9,4
86,2005,13,22,6,12,5
86,2005,13,35,15,14,6
86,2005,13,23,7,5,7
86,2005,13,33,17,19,8
86,2005,13,32,9,16,9
86,2005,13,13,15,7,10
86,2005,13,39,17,20,11
86,2005,13,27,18,18,12
86,2005,13,38,18,17,13
86,2005,13,31,1,1,14
86,2005,13,42,3,15,15
86,2005,13,15,7,3,16
86,2005,13,14,9,11,17
86,2005,13,30,6,6,18
86,2005,13,11,16,10,19
86,2005,13,21,4,13,20
87,2005,18,31,1,2,1
87,2005,18,8,1,5,2
87,2005,18,4,4,1,3
87,2005,18,30,6,7,4
87,2005,18,21,4,3,5
87,2005,18,22,6,9,6
87,2005,18,18,16,4,7
87,2005,18,23,7,10,8
87,2005,18,32,9,6,9
87,2005,18,11,16,19,10
87,2005,18,13,15,8,11
87,2005,18,35,15,20,12
87,2005,18,15,7,17,13
87,2005,18,27,18,16,14
87,2005,18,39,17,15,15
87,2005,18,33,17,11,16
87,2005,18,17,3,12,17
87,2005,18,38,18,18,18
87,2005,18,42,3,13,19
87,2005,18,14,9,14,20
88,2005,22,8,1,17,1
88,2005,22,21,4,3,2
88,2005,22,4,4,16,3
88,2005,22,17,3,7,4
88,2005,22,18,16,2,5
88,2005,22,14,9,6,6
88,2005,22,30,6,14,7
88,2005,22,23,7,1,8
88,2005,22,32,9,4,9
88,2005,22,13,15,10,10
88,2005,22,22,6,9,11
88,2005,22,35,15,8,12
88,2005,22,33,17,20,13
88,2005,22,38,18,15,14
88,2005,22,39,17,11,15
88,2005,22,27,18,13,16
88,2005,22,42,3,12,17
88,2005,22,15,7,19,18
88,2005,22,31,1,18,19
88,2005,22,11,16,5,20
89,2005,17,4,4,1,1
89,2005,17,8,1,3,2
89,2005,17,23,7,9,3
89,2005,17,21,4,2,4
89,2005,17,32,9,14,5
89,2005,17,13,15,11,6
89,2005,17,17,3,10,7
89,2005,17,18,16,4,8
89,2005,17,14,9,7,9
89,2005,17,35,15,16,10
89,2005,17,33,17,19,11
89,2005,17,22,6,8,12
89,2005,17,42,3,13,13
89,2005,17,38,18,20,14
89,2005,17,15,7,12,15
89,2005,17,27,18,18,16
89,2005,17,11,16,17,17
89,2005,17,39,17,15,18
89,2005,17,31,1,5,19
89,2005,17,30,6,6,20
90,2004,1,30,6,1,1
90,2004,1,22,6,2,2
90,2004,1,4,4,5,3
90,2004,1,23,3,8,4
90,2004,1,31,3,3,5
90,2004,1,18,16,4,6
90,2004,1,15,4,9,7
90,2004,1,14,1,12,8
90,2004,1,11,16,7,9
90,2004,1,21,15,14,10
90,2004,1,32,19,19,11
90,2004,1,43,7,13,12
90,2004,1,44,7,18,13
90,2004,1,45,17,16,14
90,2004,1,13,15,11,15
90,2004,1,2,17,15,16
90,2004,1,46,18,20,17
90,2004,1,17,19,6,18
90,2004,1,47,18,17,19
90,2004,1,8,1,10,20
91,2004,2,30,6,1,1
91,2004,2,31,3,4,2
91,2004,2,18,16,6,3
91,2004,2,22,6,3,4
91,2004,2,15,4,8,5
91,2004,2,14,1,9,6
91,2004,2,4,4,19,7
91,2004,2,13,15,11,8
91,2004,2,43,7,10,9
91,2004,2,32,19,13,10
91,2004,2,21,15,12,11
91,2004,2,44,7,14,12
91,2004,2,45,17,18,13
91,2004,2,46,18,16,14
91,2004,2,11,16,20,15
91,2004,2,47,18,17,16
91,2004,2,8,1,5,17
91,2004,2,2,17,15,18
91,2004,2,23,3,7,19
91,2004,2,17,19,2,20
92,2004,3,30,6,1,1
92,2004,3,22,6,2,2
92,2004,3,18,16,6,3
92,2004,3,15,4,7,4
92,2004,3,11,16,5,5
92,2004,3,4,4,16,6
92,2004,3,23,3,4,7
92,2004,3,17,19,14,8
92,2004,3,44,7,8,9
92,2004,3,43,7,9,10
92,2004,3,21,15,11,11
92,2004,3,13,15,13,12
92,2004,3,31,3,3,13
92,2004,3,32,19,12,14
92,2004,3,2,17,18,15
92,2004,3,45,17,15,16
92,2004,3,46,18,17,17
92,2004,3,14,1,10,18
92,2004,3,47,18,20,19
92,2004,3,8,1,19,20
93,2004,21,30,6,2,1
93,2004,21,18,16,1,2
93,2004,21,31,3,3,3
93,2004,21,4,4,6,4
93,2004,21,15,4,9,5
93,2004,21,22,6,4,6
93,2004,21,23,3,5,7
93,2004,21,8,1,20,8
93,2004,21,21,15,18,9
93,2004,21,13,15,12,10
93,2004,21,44,7,13,11
93,2004,21,14,1,11,12
93,2004,21,17,19,8,13
93,2004,21,32,19,14,14
93,2004,21,47,18,19,15
93,2004,21,11,16,7,16
93,2004,21,2,17,16,17
93,2004,21,43,7,10,18
93,2004,21,46,18,17,19
93,2004,21,45,17,15,20
94,2004,4,30,6,1,1
94,2004,4,22,6,5,2
94,2004,4,15,4,4,3
94,2004,4,4,4,8,4
94,2004,4,11,16,3,5
94,2004,4,23,3,6,6
94,2004,4,21,15,12,7
94,2004,4,18,16,14,8
94,2004,4,13,15,17,9
94,2004,4,14,1,10,10
94,2004,4,8,1,13,11
94,2004,4,17,19,9,12
94,2004,4,43,7,11,13
94,2004,4,45,17,19,14
94,2004,4,31,3,2,15
94,2004,4,32,19,16,16
94,2004,4,44,7,7,17
94,2004,4,2,17,15,18
94,2004,4,46,18,18,19
94,2004,4,47,18,20,20
95,2004,6,15,4,1,1
95,2004,6,18,16,2,2
95,2004,6,22,6,6,3
95,2004,6,31,3,9,4
95,2004,6,13,15,16,5
95,2004,6,43,7,15,6
95,2004,6,2,17,17,7
95,2004,6,44,7,13,8
95,2004,6,47,18,19,9
95,2004,6,23,3,12,10
95,2004,6,30,6,4,11
95,2004,6,4,4,3,12
95,2004,6,8,1,5,13
95,2004,6,46,18,20,14
95,2004,6,45,17,18,15
95,2004,6,17,19,11,16
95,2004,6,11,16,7,17
95,2004,6,14,1,8,18
95,2004,6,21,15,10,19
95,2004,6,32,19,14,20
96,2004,20,30,6,1,1
96,2004,20,22,6,7,2
96,2004,20,18,16,5,3
96,2004,20,15,4,3,4
96,2004,20,4,4,6,5
96,2004,20,21,15,19,6
96,2004,20,17,19,14,7
96,2004,20,31,3,8,8
96,2004,20,13,15,16,9
96,2004,20,2,17,13,10
96,2004,20,44,7,10,11
96,2004,20,32,19,12,12
96,2004,20,45,17,15,13
96,2004,20,46,18,20,14
96,2004,20,47,18,17,15
96,2004,20,11,16,2,16
96,2004,20,14,1,18,17
96,2004,20,8,1,4,18
96,2004,20,23,3,9,19
96,2004,20,43,7,11,20
97,2004,7,30,6,6,1
97,2004,7,22,6,7,2
97,2004,7,18,16,2,3
97,2004,7,21,15,11,4
97,2004,7,8,1,8,5
97,2004,7,14,1,9,6
97,2004,7,10,17,16,7
97,2004,7,2,17,15,8
97,2004,7,32,19,10,9
97,2004,7,47,18,18,10
97,2004,7,13,15,17,11
97,2004,7,11,16,20,12
97,2004,7,4,4,5,13
97,2004,7,46,18,19,14
97,2004,7,17,19,14,15
97,2004,7,15,4,3,16
97,2004,7,23,3,1,17
97,2004,7,31,3,4,18
97,2004,7,43,7,12,19
97,2004,7,44,7,13,20
98,2004,19,30,6,2,1
98,2004,19,22,6,1,2
98,2004,19,11,16,3,3
98,2004,19,15,4,20,4
98,2004,19,44,7,8,5
98,2004,19,8,1,7,6
98,2004,19,14,1,12,7
98,2004,19,47,18,19,8
98,2004,19,21,15,14,9
98,2004,19,17,19,10,10
98,2004,19,31,3,5,11
98,2004,19,2,17,16,12
98,2004,19,18,16,4,13
98,2004,19,43,7,11,14
98,2004,19,23,3,6,15
98,2004,19,4,4,9,16
98,2004,19,32,19,13,17
98,2004,19,13,15,15,18
98,2004,19,45,17,17,19
98,2004,19,46,18,18,20
99,2004,8,30,6,2,1
99,2004,8,4,4,1,2
99,2004,8,22,6,10,3
99,2004,8,15,4,5,4
99,2004,8,18,16,4,5
99,2004,8,14,1,3,6
99,2004,8,8,1,9,7
99,2004,8,31,3,6,8
99,2004,8,17,19,12,9
99,2004,8,48,3,8,10
99,2004,8,32,19,13,11
99,2004,8,21,15,15,12
99,2004,8,13,15,16,13
99,2004,8,43,7,11,14
99,2004,8,44,7,14,15
99,2004,8,2,17,17,16
99,2004,8,45,17,18,17
99,2004,8,46,18,19,18
99,2004,8,47,18,20,19
99,2004,8,11,16,7,20
100,2004,9,30,6,4,1
100,2004,9,8,1,1,2
100,2004,9,22,6,2,3
100,2004,9,18,16,3,4
100,2004,9,31,3,7,5
100,2004,9,21,15,20,6
100,2004,9,14,1,6,7
100,2004,9,17,19,9,8
100,2004,9,13,15,10,9
100,2004,9,4,4,16,10
100,2004,9,11,16,8,11
100,2004,9,48,3,11,12
100,2004,9,43,7,12,13
100,2004,9,32,19,13,14
100,2004,9,2,17,15,15
100,2004,9,46,18,18,16
100,2004,9,45,17,14,17
100,2004,9,15,4,5,18
100,2004,9,47,18,19,19
100,2004,9,44,7,17,20
101,2004,10,30,6,1,1
101,2004,10,18,16,13,2
101,2004,10,4,4,5,3
101,2004,10,14,1,4,4
101,2004,10,31,3,2,5
101,2004,10,17,19,11,6
101,2004,10,42,3,10,7
101,2004,10,11,16,8,8
101,2004,10,21,15,14,9
101,2004,10,32,19,12,10
101,2004,10,15,4,6,11
101,2004,10,22,6,7,12
101,2004,10,13,15,16,13
101,2004,10,44,7,9,14
101,2004,10,45,17,17,15
101,2004,10,47,18,20,16
101,2004,10,46,18,19,17
101,2004,10,2,17,18,18
101,2004,10,43,7,15,19
101,2004,10,8,1,3,20
102,2004,11,30,6,1,1
102,2004,11,22,6,2,2
102,2004,11,4,4,5,3
102,2004,11,31,3,7,4
102,2004,11,18,16,4,5
102,2004,11,11,16,3,6
102,2004,11,42,3,6,7
102,2004,11,21,15,8,8
102,2004,11,14,1,12,9
102,2004,11,17,19,11,10
102,2004,11,44,7,13,11
102,2004,11,2,17,16,12
102,2004,11,32,19,14,13
102,2004,11,46,18,19,14
102,2004,11,47,18,18,15
102,2004,11,45,17,17,16
102,2004,11,15,4,9,17
102,2004,11,41,7,15,18
102,2004,11,13,15,20,19
102,2004,11,8,1,10,20
103,2004,13,8,1,10,1
103,2004,13,30,6,2,2
103,2004,13,22,6,6,3
103,2004,13,13,15,8,4
103,2004,13,21,15,5,5
103,2004,13,32,19,13,6
103,2004,13,14,1,4,7
103,2004,13,44,7,9,8
103,2004,13,15,4,1,9
103,2004,13,41,7,20,10
103,2004,13,2,17,16,11
103,2004,13,31,3,11,12
103,2004,13,42,3,14,13
103,2004,13,18,16,12,14
103,2004,13,47,18,18,15
103,2004,13,4,4,3,16
103,2004,13,17,19,7,17
103,2004,13,11,16,15,18
103,2004,13,46,18,17,19
103,2004,13,45,17,19,20
104,2004,14,22,6,1,1
104,2004,14,30,6,3,2
104,2004,14,18,16,6,3
104,2004,14,11,16,5,4
104,2004,14,31,3,2,5
104,2004,14,14,1,10,6
104,2004,14,42,3,8,7
104,2004,14,21,15,15,8
104,2004,14,17,19,12,9
104,2004,14,15,4,9,10
104,2004,14,41,7,11,11
104,2004,14,13,15,16,12
104,2004,14,32,19,14,13
104,2004,14,2,17,20,14
104,2004,14,47,18,19,15
104,2004,14,4,4,4,16
104,2004,14,45,17,17,17
104,2004,14,46,18,18,18
104,2004,14,8,1,7,19
104,2004,14,44,7,13,20
105,2004,17,22,6,1,1
105,2004,17,18,16,3,2
105,2004,17,8,1,2,3
105,2004,17,4,4,6,4
105,2004,17,31,3,10,5
105,2004,17,11,16,18,6
105,2004,17,21,15,7,7
105,2004,17,13,15,4,8
105,2004,17,14,1,9,9
105,2004,17,17,19,11,10
105,2004,17,35,4,12,11
105,2004,17,30,6,20,12
105,2004,17,2,17,14,13
105,2004,17,44,7,8,14
105,2004,17,10,17,16,15
105,2004,17,47,18,19,16
105,2004,17,46,18,17,17
105,2004,17,23,3,5,18
105,2004,17,41,7,13,19
105,2004,17,32,19,15,20
106,2004,22,30,6,1,1
106,2004,22,23,3,2,2
106,2004,22,18,16,5,3
106,2004,22,11,16,4,4
106,2004,22,4,4,11,5
106,2004,22,8,1,12,6
106,2004,22,31,3,13,7
106,2004,22,21,15,7,8
106,2004,22,13,15,19,9
106,2004,22,35,4,9,10
106,2004,22,15,7,6,11
106,2004,22,32,19,14,12
106,2004,22,2,17,16,13
106,2004,22,44,7,10,14
106,2004,22,10,17,17,15
106,2004,22,46,18,18,16
106,2004,22,47,18,20,17
106,2004,22,14,1,8,18
106,2004,22,22,6,15,19
106,2004,22,17,19,3,20
107,2004,18,31,3,2,1
107,2004,18,8,1,3,2
107,2004,18,22,6,1,3
107,2004,18,4,4,8,4
107,2004,18,23,3,7,5
107,2004,18,11,16,6,6
107,2004,18,30,6,18,7
107,2004,18,13,15,4,8
107,2004,18,21,15,10,9
107,2004,18,35,4,13,10
107,2004,18,14,1,12,11
107,2004,18,15,7,9,12
107,2004,18,41,7,14,13
107,2004,18,32,19,15,14
107,2004,18,10,17,17,15
107,2004,18,47,18,19,16
107,2004,18,46,18,20,17
107,2004,18,17,19,11,18
107,2004,18,2,17,16,19
107,2004,18,18,16,5,20
108,2003,1,14,1,11,1
108,2003,1,31,3,3,2
108,2003,1,8,1,15,3
108,2003,1,30,6,1,4
108,2003,1,15,4,12,5
108,2003,1,49,15,4,6
108,2003,1,4,4,10,7
108,2003,1,23,3,9,8
108,2003,1,35,16,6,9
108,2003,1,18,16,8,10
108,2003,1,50,18,20,11
108,2003,1,21,17,13,12
108,2003,1,42,19,18,13
108,2003,1,44,7,5,14
108,2003,1,2,15,7,15
108,2003,1,51,18,19,16
108,2003,1,17,19,14,17
108,2003,1,43,7,16,18
108,2003,1,52,17,17,19
108,2003,1,22,6,2,20
109,2003,2,8,1,7,1
109,2003,2,22,6,5,2
109,2003,2,4,4,1,3
109,2003,2,23,3,17,4
109,2003,2,15,4,2,5
109,2003,2,30,6,3,6
109,2003,2,18,16,9,7
109,2003,2,2,15,6,8
109,2003,2,49,15,13,9
109,2003,2,52,17,20,10
109,2003,2,43,7,11,11
109,2003,2,31,3,8,12
109,2003,2,50,18,18,13
109,2003,2,42,19,15,14
109,2003,2,51,18,19,15
109,2003,2,17,19,16,16
109,2003,2,44,7,10,17
109,2003,2,14,1,4,18
109,2003,2,21,17,14,19
109,2003,2,35,16,12,20
110,2003,18,21,17,8,1
110,2003,18,8,1,4,2
110,2003,18,4,4,10,3
110,2003,18,14,1,2,4
110,2003,18,49,15,14,5
110,2003,18,35,16,13,6
110,2003,18,23,3,6,7
110,2003,18,15,4,5,8
110,2003,18,17,19,3,9
110,2003,18,43,7,18,10
110,2003,18,22,6,1,11
110,2003,18,18,16,11,12
110,2003,18,50,18,19,13
110,2003,18,30,6,7,14
110,2003,18,31,3,9,15
110,2003,18,42,19,17,16
110,2003,18,44,7,15,17
110,2003,18,52,17,16,18
110,2003,18,51,18,20,19
110,2003,18,2,15,12,20
111,2003,21,30,6,1,1
111,2003,21,8,1,6,2
111,2003,21,22,6,3,3
111,2003,21,23,3,2,4
111,2003,21,14,1,12,5
111,2003,21,4,4,8,6
111,2003,21,31,3,4,7
111,2003,21,18,16,9,8
111,2003,21,44,7,10,9
111,2003,21,2,15,11,10
111,2003,21,49,15,14,11
111,2003,21,43,7,13,12
111,2003,21,15,4,16,13
111,2003,21,42,19,15,14
111,2003,21,21,17,17,15
111,2003,21,17,19,5,16
111,2003,21,52,17,19,17
111,2003,21,50,18,20,18
111,2003,21,51,18,18,19
111,2003,21,35,16,7,20
112,2003,4,30,6,1,1
112,2003,4,4,4,3,2
112,2003,4,22,6,2,3
112,2003,4,31,3,9,4
112,2003,4,23,3,7,5
112,2003,4,43,7,13,6
112,2003,4,17,19,12,7
112,2003,4,52,17,15,8
112,2003,4,18,16,5,9
112,2003,4,2,15,14,10
112,2003,4,51,18,18,11
112,2003,4,50,18,19,12
112,2003,4,21,17,17,13
112,2003,4,44,7,6,14
112,2003,4,49,15,10,15
112,2003,4,14,1,8,16
112,2003,4,35,16,11,17
112,2003,4,15,4,4,18
112,2003,4,42,19,16,19
112,2003,4,8,1,20,20
113,2003,70,30,6,1,1
113,2003,70,8,1,2,2
113,2003,70,22,6,5,3
113,2003,70,18,16,7,4
113,2003,70,14,1,14,5
113,2003,70,23,3,10,6
113,2003,70,17,19,17,7
113,2003,70,15,4,6,8
113,2003,70,42,19,8,9
113,2003,70,43,7,13,10
113,2003,70,52,17,16,11
113,2003,70,35,16,12,12
113,2003,70,51,18,18,13
113,2003,70,21,17,9,14
113,2003,70,2,15,4,15
113,2003,70,4,4,19,16
113,2003,70,31,3,3,17
113,2003,70,44,7,11,18
113,2003,70,50,18,20,19
113,2003,70,49,15,15,20
114,2003,6,31,3,3,1
114,2003,6,8,1,2,2
114,2003,6,30,6,5,3
114,2003,6,23,3,1,4
114,2003,6,4,4,8,5
114,2003,6,15,4,4,6
114,2003,6,14,1,6,7
114,2003,6,22,6,7,8
114,2003,6,43,7,10,9
114,2003,6,21,17,12,10
114,2003,6,2,15,14,11
114,2003,6,52,17,16,12
114,2003,6,44,7,17,13
114,2003,6,35,16,11,14
114,2003,6,51,18,19,15
114,2003,6,50,18,18,16
114,2003,6,17,19,9,17
114,2003,6,42,19,13,18
114,2003,6,49,15,15,19
114,2003,6,18,16,20,20
115,2003,7,30,6,3,1
115,2003,7,23,3,1,2
115,2003,7,31,3,2,3
115,2003,7,4,4,4,4
115,2003,7,22,6,5,5
115,2003,7,8,1,20,6
115,2003,7,17,19,6,7
115,2003,7,44,7,7,8
115,2003,7,50,18,15,9
115,2003,7,42,19,13,10
115,2003,7,43,7,9,11
115,2003,7,51,18,18,12
115,2003,7,18,16,17,13
115,2003,7,14,1,11,14
115,2003,7,2,15,12,15
115,2003,7,15,4,8,16
115,2003,7,21,17,16,17
115,2003,7,52,17,19,18
115,2003,7,35,16,14,19
115,2003,7,49,15,10,20
116,2003,20,23,3,3,1
116,2003,20,31,3,4,2
116,2003,20,22,6,5,3
116,2003,20,4,4,8,4
116,2003,20,30,6,2,5
116,2003,20,17,19,11,6
116,2003,20,18,16,12,7
116,2003,20,2,15,20,8
116,2003,20,49,15,15,9
116,2003,20,42,19,16,10
116,2003,20,52,17,14,11
116,2003,20,21,17,13,12
116,2003,20,51,18,19,13
116,2003,20,50,18,18,14
116,2003,20,14,1,9,15
116,2003,20,43,7,10,16
116,2003,20,35,16,17,17
116,2003,20,15,4,6,18
116,2003,20,44,7,7,19
116,2003,20,8,1,1,20
117,2003,8,23,3,1,1
117,2003,8,31,3,2,2
117,2003,8,30,6,3,3
117,2003,8,8,1,4,4
117,2003,8,14,1,5,5
117,2003,8,17,19,9,6
117,2003,8,22,6,8,7
117,2003,8,44,7,10,8
117,2003,8,35,16,12,9
117,2003,8,42,19,11,10
117,2003,8,43,7,13,11
117,2003,8,49,15,16,12
117,2003,8,2,15,15,13
117,2003,8,51,18,20,14
117,2003,8,52,17,18,15
117,2003,8,50,18,19,16
117,2003,8,15,4,6,17
117,2003,8,4,4,7,18
117,2003,8,21,17,17,19
117,2003,8,18,16,14,20
118,2003,9,22,6,1,1
118,2003,9,31,3,7,2
118,2003,9,8,1,3,3
118,2003,9,30,6,5,4
118,2003,9,14,1,12,5
118,2003,9,15,4,2,6
118,2003,9,43,7,6,7
118,2003,9,18,16,20,8
118,2003,9,23,3,4,9
118,2003,9,35,16,9,10
118,2003,9,44,7,13,11
118,2003,9,49,15,14,12
118,2003,9,52,17,17,13
118,2003,9,17,19,11,14
118,2003,9,50,18,19,15
118,2003,9,51,18,18,16
118,2003,9,2,15,16,17
118,2003,9,4,4,8,18
118,2003,9,21,17,15,19
118,2003,9,42,19,10,20
119,2003,10,31,3,1,1
119,2003,10,14,1,10,2
119,2003,10,15,4,4,3
119,2003,10,4,4,8,4
119,2003,10,44,7,7,5
119,2003,10,43,7,9,6
119,2003,10,30,6,6,7
119,2003,10,18,16,17,8
119,2003,10,35,16,13,9
119,2003,10,2,15,15,10
119,2003,10,17,19,11,11
119,2003,10,53,18,20,12
119,2003,10,21,17,13,13
119,2003,10,50,18,19,14
119,2003,10,51,19,16,15
119,2003,10,23,3,2,16
119,2003,10,49,15,14,17
119,2003,10,22,6,3,18
119,2003,10,8,1,5,19
119,2003,10,52,17,18,20
120,2003,11,4,4,1,1
120,2003,11,8,1,7,2
120,2003,11,31,3,4,3
120,2003,11,23,3,2,4
120,2003,11,14,1,9,5
120,2003,11,17,19,3,6
120,2003,11,15,4,6,7
120,2003,11,30,6,8,8
120,2003,11,2,15,11,9
120,2003,11,18,16,14,10
120,2003,11,43,7,15,11
120,2003,11,50,18,18,12
120,2003,11,53,18,20,13
120,2003,11,49,15,17,14
120,2003,11,51,19,12,15
120,2003,11,47,17,19,16
120,2003,11,44,7,10,17
120,2003,11,21,17,13,18
120,2003,11,22,6,5,19
120,2003,11,35,16,16,20
121,2003,14,30,6,1,1
121,2003,14,31,3,2,2
121,2003,14,22,6,3,3
121,2003,14,8,1,4,4
121,2003,14,48,3,5,5
121,2003,14,35,16,10,6
121,2003,14,17,19,11,7
121,2003,14,4,4,20,8
121,2003,14,2,15,16,9
121,2003,14,21,17,13,10
121,2003,14,47,17,18,11
121,2003,14,53,18,19,12
121,2003,14,49,15,14,13
121,2003,14,14,1,8,14
121,2003,14,44,7,9,15
121,2003,14,50,18,17,16
121,2003,14,18,16,7,17
121,2003,14,43,7,12,18
121,2003,14,51,19,15,19
121,2003,14,15,4,6,20
122,2003,19,30,6,7,1
122,2003,19,8,1,1,2
122,2003,19,49,15,15,3
122,2003,19,15,4,10,4
122,2003,19,2,15,13,5
122,2003,19,31,3,4,6
122,2003,19,21,17,17,7
122,2003,19,51,19,16,8
122,2003,19,43,7,9,9
122,2003,19,50,18,19,10
122,2003,19,53,18,20,11
122,2003,19,35,16,12,12
122,2003,19,52,17,18,13
122,2003,19,14,1,8,14
122,2003,19,4,4,6,15
122,2003,19,18,16,11,16
122,2003,19,44,7,3,17
122,2003,19,17,19,14,18
122,2003,19,23,3,5,19
122,2003,19,22,6,2,20
123,2003,22,22,6,1,1
123,2003,22,8,1,8,2
123,2003,22,14,1,7,3
123,2003,22,18,16,9,4
123,2003,22,15,4,20,5
123,2003,22,11,16,13,6
123,2003,22,43,7,3,7
123,2003,22,30,6,14,8
123,2003,22,2,15,11,9
123,2003,22,44,7,4,10
123,2003,22,17,19,6,11
123,2003,22,23,3,19,12
123,2003,22,51,19,10,13
123,2003,22,52,17,15,14
123,2003,22,50,18,17,15
123,2003,22,53,18,18,16
123,2003,22,21,17,16,17
123,2003,22,4,4,5,18
123,2003,22,49,15,12,19
123,2003,22,31,3,2,20
124,2002,1,30,6,2,1
124,2002,1,31,3,6,2
124,2002,1,8,1,5,3
124,2002,1,56,19,19,4
124,2002,1,17,18,18,5
124,2002,1,63,7,14,6
124,2002,1,62,18,21,7
124,2002,1,37,19,20,8
124,2002,1,14,1,4,9
124,2002,1,35,16,13,10
124,2002,1,49,21,15,11
124,2002,1,59,21,17,12
124,2002,1,11,17,22,13
124,2002,1,15,4,7,14
124,2002,1,22,6,1,15
124,2002,1,23,3,3,16
124,2002,1,21,17,8,17
124,2002,1,13,15,9,18
124,2002,1,2,15,10,19
124,2002,1,18,4,11,20
124,2002,1,44,16,12,21
124,2002,1,66,7,16,22
125,2002,2,23,3,4,1
125,2002,2,31,3,2,2
125,2002,2,30,6,1,3
125,2002,2,18,4,8,4
125,2002,2,2,15,7,5
125,2002,2,13,15,14,6
125,2002,2,66,7,19,7
125,2002,2,35,16,13,8
125,2002,2,11,17,15,9
125,2002,2,37,19,17,10
125,2002,2,49,21,11,11
125,2002,2,63,7,10,12
125,2002,2,21,17,9,13
125,2002,2,22,6,3,14
125,2002,2,17,18,21,15
125,2002,2,56,19,20,16
125,2002,2,62,18,22,17
125,2002,2,8,1,5,18
125,2002,2,59,21,16,19
125,2002,2,14,1,6,20
125,2002,2,44,16,18,21
125,2002,2,15,4,12,22
126,2002,18,30,6,2,1
126,2002,18,23,3,3,2
126,2002,18,14,1,4,3
126,2002,18,18,4,7,4
126,2002,18,31,3,1,5
126,2002,18,63,7,10,6
126,2002,18,56,19,13,7
126,2002,18,37,19,11,8
126,2002,18,11,17,19,9
126,2002,18,35,16,15,10
126,2002,18,17,18,20,11
126,2002,18,8,1,5,12
126,2002,18,62,18,22,13
126,2002,18,2,15,9,14
126,2002,18,15,4,6,15
126,2002,18,13,15,12,16
126,2002,18,66,7,16,17
126,2002,18,44,16,17,18
126,2002,18,49,21,18,19
126,2002,18,59,21,21,20
126,2002,18,22,6,8,21
126,2002,18,21,17,14,22
127,2002,21,30,6,1,1
127,2002,21,22,6,2,2
127,2002,21,23,3,3,3
127,2002,21,31,3,4,4
127,2002,21,18,4,9,5
127,2002,21,14,1,6,6
127,2002,21,35,16,10,7
127,2002,21,13,15,11,8
127,2002,21,15,4,8,9
127,2002,21,2,15,7,10
127,2002,21,17,18,19,11
127,2002,21,59,21,20,12
127,2002,21,56,19,18,13
127,2002,21,8,1,5,14
127,2002,21,44,16,12,15
127,2002,21,37,19,22,16
127,2002,21,63,7,16,17
127,2002,21,49,21,13,18
127,2002,21,21,17,15,19
127,2002,21,11,17,14,20
127,2002,21,66,7,17,21
127,2002,21,62,18,0,22
128,2002,4,30,6,1,1
128,2002,4,31,3,4,2
128,2002,4,14,1,7,3
128,2002,4,2,15,8,4
128,2002,4,13,15,11,5
128,2002,4,49,21,10,6
128,2002,4,35,16,15,7
128,2002,4,66,7,19,8
128,2002,4,63,7,17,9
128,2002,4,15,4,9,10
128,2002,4,23,3,3,11
128,2002,4,18,4,6,12
128,2002,4,44,16,13,13
128,2002,4,56,19,22,14
128,2002,4,59,21,14,15
128,2002,4,11,17,18,16
128,2002,4,21,17,12,17
128,2002,4,8,1,5,18
128,2002,4,37,19,16,19
128,2002,4,22,6,2,20
128,2002,4,17,18,20,21
128,2002,4,62,18,21,22
129,2002,70,30,6,3,1
129,2002,70,22,6,1,2
129,2002,70,31,3,4,3
129,2002,70,23,3,2,4
129,2002,70,21,17,15,5
129,2002,70,14,1,8,6
129,2002,70,18,4,13,7
129,2002,70,63,7,10,8
129,2002,70,66,7,14,9
129,2002,70,35,16,17,10
129,2002,70,49,21,11,11
129,2002,70,17,18,21,12
129,2002,70,15,4,16,13
129,2002,70,62,18,22,14
129,2002,70,56,19,20,15
129,2002,70,2,15,5,16
129,2002,70,11,17,18,17
129,2002,70,44,16,9,18
129,2002,70,13,15,7,19
129,2002,70,8,1,6,20
129,2002,70,59,21,12,21
129,2002,70,37,19,19,22
130,2002,6,14,1,2,1
130,2002,6,30,6,3,2
130,2002,6,23,3,4,3
130,2002,6,15,4,7,4
130,2002,6,21,17,11,5
130,2002,6,49,21,12,6
130,2002,6,22,6,5,7
130,2002,6,2,15,15,8
130,2002,6,56,19,19,9
130,2002,6,37,19,17,10
130,2002,6,17,18,20,11
130,2002,6,59,21,21,12
130,2002,6,63,7,9,13
130,2002,6,13,15,13,14
130,2002,6,44,16,18,15
130,2002,6,18,4,8,16
130,2002,6,31,3,1,17
130,2002,6,35,16,14,18
130,2002,6,8,1,6,19
130,2002,6,62,18,22,20
130,2002,6,11,17,16,21
130,2002,6,66,7,10,22
131,2002,7,30,6,2,1
131,2002,7,14,1,8,2
131,2002,7,22,6,3,3
131,2002,7,8,1,5,4
131,2002,7,21,17,6,5
131,2002,7,15,4,10,6
131,2002,7,23,3,4,7
131,2002,7,44,16,11,8
131,2002,7,13,15,12,9
131,2002,7,11,17,15,10
131,2002,7,17,18,21,11
131,2002,7,2,15,7,12
131,2002,7,49,21,19,13
131,2002,7,62,18,22,14
131,2002,7,18,4,13,15
131,2002,7,31,3,1,16
131,2002,7,66,7,20,17
131,2002,7,56,19,14,18
131,2002,7,63,7,18,19
131,2002,7,37,19,16,20
131,2002,7,59,21,17,21
131,2002,7,35,16,9,22
132,2002,20,22,6,4,1
132,2002,20,30,6,3,2
132,2002,20,8,1,6,3
132,2002,20,23,3,2,4
132,2002,20,18,4,8,5
132,2002,20,13,15,11,6
132,2002,20,2,15,9,7
132,2002,20,15,4,7,8
132,2002,20,44,16,12,9
132,2002,20,37,19,16,10
132,2002,20,59,21,21,11
132,2002,20,35,16,19,12
132,2002,20,49,21,15,13
132,2002,20,66,7,13,14
132,2002,20,17,18,20,15
132,2002,20,11,17,14,16
132,2002,20,63,7,10,17
132,2002,20,62,18,22,18
132,2002,20,56,19,17,19
132,2002,20,31,3,1,20
132,2002,20,14,1,5,21
132,2002,20,21,17,18,22
133,2002,9,30,6,3,1
133,2002,9,22,6,2,2
133,2002,9,31,3,1,3
133,2002,9,35,16,9,4
133,2002,9,44,16,13,5
133,2002,9,2,15,10,6
133,2002,9,21,17,17,7
133,2002,9,23,3,4,8
133,2002,9,13,15,11,9
133,2002,9,14,1,6,10
133,2002,9,37,19,21,11
133,2002,9,18,4,12,12
133,2002,9,11,17,14,13
133,2002,9,8,1,5,14
133,2002,9,15,4,7,15
133,2002,9,59,21,18,16
133,2002,9,56,19,19,17
133,2002,9,49,21,16,18
133,2002,9,63,7,8,19
133,2002,9,17,18,20,20
133,2002,9,66,7,15,21
134,2002,8,30,6,2,1
134,2002,8,8,1,4,2
134,2002,8,14,1,6,3
134,2002,8,31,3,1,4
134,2002,8,23,3,5,5
134,2002,8,18,4,7,6
134,2002,8,2,15,10,7
134,2002,8,17,18,18,8
134,2002,8,37,19,15,9
134,2002,8,62,18,19,10
134,2002,8,66,7,17,11
134,2002,8,56,19,9,12
134,2002,8,15,4,8,13
134,2002,8,13,15,12,14
134,2002,8,63,7,16,15
134,2002,8,35,16,13,16
134,2002,8,44,16,11,17
134,2002,8,11,17,14,18
134,2002,8,22,6,3,19
134,2002,8,49,21,0,20
134,2002,8,59,21,0,21
134,2002,8,21,17,0,22
135,2002,10,30,6,1,1
135,2002,10,31,3,4,2
135,2002,10,23,3,2,3
135,2002,10,22,6,3,4
135,2002,10,14,1,9,5
135,2002,10,2,15,10,6
135,2002,10,13,15,14,7
135,2002,10,11,17,12,8
135,2002,10,63,7,19,9
135,2002,10,21,17,6,10
135,2002,10,8,1,5,11
135,2002,10,56,19,16,12
135,2002,10,59,21,18,13
135,2002,10,44,16,7,14
135,2002,10,15,4,8,15
135,2002,10,35,16,11,16
135,2002,10,18,4,13,17
135,2002,10,66,7,17,18
135,2002,10,17,18,21,19
135,2002,10,49,21,15,20
135,2002,10,37,19,20,21
136,2002,11,22,6,1,1
136,2002,11,30,6,2,2
136,2002,11,23,3,3,3
136,2002,11,8,1,11,4
136,2002,11,14,1,10,5
136,2002,11,21,17,5,6
136,2002,11,13,15,7,7
136,2002,11,15,4,6,8
136,2002,11,2,15,8,9
136,2002,11,11,17,14,10
136,2002,11,31,3,4,11
136,2002,11,44,16,12,12
136,2002,11,37,19,15,13
136,2002,11,66,7,18,14
136,2002,11,63,7,17,15
136,2002,11,17,18,19,16
136,2002,11,19,18,20,17
136,2002,11,18,4,9,18
136,2002,11,56,19,16,19
136,2002,11,35,16,13,20
137,2002,13,30,6,1,1
137,2002,13,22,6,3,2
137,2002,13,31,3,5,3
137,2002,13,14,1,6,4
137,2002,13,23,3,4,5
137,2002,13,56,19,8,6
137,2002,13,63,7,9,7
137,2002,13,35,16,12,8
137,2002,13,66,7,13,9
137,2002,13,2,15,18,10
137,2002,13,11,17,16,11
137,2002,13,44,16,15,12
137,2002,13,21,17,14,13
137,2002,13,37,19,11,14
137,2002,13,13,15,17,15
137,2002,13,8,1,2,16
137,2002,13,15,4,7,17
137,2002,13,19,18,20,18
137,2002,13,18,4,10,19
137,2002,13,17,18,19,20
138,2002,14,22,6,4,1
138,2002,14,30,6,2,2
138,2002,14,56,19,5,3
138,2002,14,15,4,11,4
138,2002,14,18,4,17,5
138,2002,14,44,16,16,6
138,2002,14,14,1,7,7
138,2002,14,21,17,12,8
138,2002,14,35,16,9,9
138,2002,14,2,15,15,10
138,2002,14,63,7,10,11
138,2002,14,11,17,18,12
138,2002,14,62,18,20,13
138,2002,14,31,3,1,14
138,2002,14,8,1,6,15
138,2002,14,17,18,19,16
138,2002,14,13,15,14,17
138,2002,14,37,19,8,18
138,2002,14,66,7,13,19
138,2002,14,23,3,3,20
139,2002,19,22,6,2,1
139,2002,19,30,6,1,2
139,2002,19,14,1,3,3
139,2002,19,31,3,4,4
139,2002,19,15,4,8,5
139,2002,19,35,16,7,6
139,2002,19,21,17,9,7
139,2002,19,18,4,14,8
139,2002,19,2,15,10,9
139,2002,19,56,19,13,10
139,2002,19,11,17,15,11
139,2002,19,44,16,12,12
139,2002,19,49,15,11,13
139,2002,19,63,7,19,14
139,2002,19,66,7,16,15
139,2002,19,23,3,5,16
139,2002,19,8,1,6,17
139,2002,19,62,18,20,18
139,2002,19,17,18,18,19
139,2002,19,37,19,17,20
140,2002,22,30,6,1,1
140,2002,22,22,6,2,2
140,2002,22,8,1,4,3
140,2002,22,31,3,6,4
140,2002,22,11,17,7,5
140,2002,22,18,4,10,6
140,2002,22,2,15,12,7
140,2002,22,63,7,13,8
140,2002,22,56,19,14,9
140,2002,22,17,18,19,10
140,2002,22,23,3,5,11
140,2002,22,37,19,17,12
140,2002,22,21,17,8,13
140,2002,22,15,4,11,14
140,2002,22,35,16,9,15
140,2002,22,62,18,20,16
140,2002,22,44,16,16,17
140,2002,22,14,1,3,18
140,2002,22,13,15,15,19
140,2002,22,66,7,18,20
141,2001,1,30,6,1,1
141,2001,1,14,1,6,2
141,2001,1,22,6,2,3
141,2001,1,2,15,10,4
141,2001,1,49,17,4,5
141,2001,1,8,15,13,6
141,2001,1,44,16,9,7
141,2001,1,54,19,21,8
141,2001,1,55,20,14,9
141,2001,1,50,21,15,10
141,2001,1,56,19,12,11
141,2001,1,4,18,19,12
141,2001,1,21,22,17,13
141,2001,1,18,22,16,14
141,2001,1,31,3,11,15
141,2001,1,15,17,7,16
141,2001,1,57,1,3,17
141,2001,1,23,3,5,18
141,2001,1,35,16,8,19
141,2001,1,58,18,22,20
141,2001,1,59,21,18,21
141,2001,1,60,20,20,22
142,2001,2,30,6,1,1
142,2001,2,22,6,2,2
142,2001,2,14,1,8,3
142,2001,2,49,17,9,4
142,2001,2,23,3,3,5
142,2001,2,57,1,4,6
142,2001,2,50,21,18,7
142,2001,2,15,17,5,8
142,2001,2,55,20,13,9
142,2001,2,54,19,15,10
142,2001,2,18,22,17,11
142,2001,2,60,20,19,12
142,2001,2,4,18,21,13
142,2001,2,58,18,20,14
142,2001,2,21,22,16,15
142,2001,2,35,16,7,16
142,2001,2,2,15,11,17
142,2001,2,59,21,22,18
142,2001,2,31,3,6,19
142,2001,2,56,19,12,20
142,2001,2,44,16,10,21
142,2001,2,8,15,14,22
143,2001,18,14,1,5,1
143,2001,18,30,6,1,2
143,2001,18,2,15,9,3
143,2001,18,44,16,11,4
143,2001,18,15,17,7,5
143,2001,18,21,22,18,6
143,2001,18,35,16,12,7
143,2001,18,55,20,15,8
143,2001,18,58,18,22,9
143,2001,18,18,22,20,10
143,2001,18,49,17,8,11
143,2001,18,8,15,10,12
143,2001,18,23,3,2,13
143,2001,18,60,20,21,14
143,2001,18,56,19,13,15
143,2001,18,31,3,4,16
143,2001,18,50,21,17,17
143,2001,18,54,19,14,18
143,2001,18,4,18,19,19
143,2001,18,59,21,16,20
143,2001,18,22,6,6,21
143,2001,18,57,1,3,22
144,2001,21,23,3,3,1
144,2001,21,14,1,1,2
144,2001,21,22,6,6,3
144,2001,21,57,1,2,4
144,2001,21,15,17,5,5
144,2001,21,49,17,9,6
144,2001,21,2,15,12,7
144,2001,21,44,16,8,8
144,2001,21,55,20,14,9
144,2001,21,59,21,16,10
144,2001,21,54,19,15,11
144,2001,21,18,22,21,12
144,2001,21,58,18,22,13
144,2001,21,31,3,7,14
144,2001,21,56,19,13,15
144,2001,21,21,22,19,16
144,2001,21,35,16,11,17
144,2001,21,60,20,20,18
144,2001,21,30,6,4,19
144,2001,21,8,15,10,20
144,2001,21,50,21,17,21
144,2001,21,4,18,18,22
145,2001,4,30,6,1,1
145,2001,4,31,3,12,2
145,2001,4,35,16,7,3
145,2001,4,15,17,6,4
145,2001,4,14,1,3,5
145,2001,4,2,15,10,6
145,2001,4,44,16,11,7
145,2001,4,8,15,9,8
145,2001,4,57,1,2,9
145,2001,4,55,20,15,10
145,2001,4,54,20,14,11
145,2001,4,50,21,17,12
145,2001,4,4,18,18,13
145,2001,4,21,22,19,14
145,2001,4,18,22,21,15
145,2001,4,58,18,22,16
145,2001,4,22,6,4,17
145,2001,4,56,19,13,18
145,2001,4,23,3,5,19
145,2001,4,59,21,16,20
145,2001,4,37,19,20,21
145,2001,4,49,17,8,22
146,2001,70,14,1,7,1
146,2001,70,30,6,1,2
146,2001,70,22,6,4,3
146,2001,70,8,15,9,4
146,2001,70,44,16,10,5
146,2001,70,50,21,16,6
146,2001,70,56,19,13,7
146,2001,70,35,16,12,8
146,2001,70,2,15,6,9
146,2001,70,55,20,20,10
146,2001,70,54,20,17,11
146,2001,70,18,22,21,12
146,2001,70,37,19,14,13
146,2001,70,31,3,2,14
146,2001,70,4,18,18,15
146,2001,70,58,18,22,16
146,2001,70,59,21,15,17
146,2001,70,15,17,5,18
146,2001,70,23,3,3,19
146,2001,70,21,22,19,20
146,2001,70,57,1,8,21
146,2001,70,49,17,11,22
147,2001,6,30,6,2,1
147,2001,6,22,6,4,2
147,2001,6,56,19,6,3
147,2001,6,35,16,9,4
147,2001,6,14,1,1,5
147,2001,6,55,20,11,6
147,2001,6,18,22,17,7
147,2001,6,50,21,19,8
147,2001,6,59,21,20,9
147,2001,6,8,15,15,10
147,2001,6,23,3,5,11
147,2001,6,58,18,22,12
147,2001,6,4,18,18,13
147,2001,6,49,17,13,14
147,2001,6,21,22,10,15
147,2001,6,15,17,8,16
147,2001,6,54,20,21,17
147,2001,6,37,19,14,18
147,2001,6,57,1,3,19
147,2001,6,44,16,12,20
147,2001,6,31,3,7,21
147,2001,6,2,15,16,22
148,2001,7,23,3,2,1
148,2001,7,30,6,1,2
148,2001,7,57,1,8,3
148,2001,7,8,15,7,4
148,2001,7,55,20,16,5
148,2001,7,37,19,14,6
148,2001,7,41,17,12,7
148,2001,7,54,20,19,8
148,2001,7,58,18,21,9
148,2001,7,50,21,13,10
148,2001,7,15,17,4,11
148,2001,7,14,1,3,12
148,2001,7,44,16,6,13
148,2001,7,35,16,9,14
148,2001,7,59,21,17,15
148,2001,7,31,3,10,16
148,2001,7,22,6,5,17
148,2001,7,18,22,20,18
148,2001,7,4,18,22,19
148,2001,7,2,15,11,20
148,2001,7,56,19,15,21
148,2001,7,21,22,18,22
149,2001,20,30,6,1,1
149,2001,20,31,3,3,2
149,2001,20,14,1,5,3
149,2001,20,23,3,2,4
149,2001,20,22,6,4,5
149,2001,20,57,1,6,6
149,2001,20,56,19,12,7
149,2001,20,37,19,16,8
149,2001,20,35,16,11,9
149,2001,20,8,15,9,10
149,2001,20,21,22,15,11
149,2001,20,54,20,17,12
149,2001,20,18,22,20,13
149,2001,20,4,18,21,14
149,2001,20,55,20,14,15
149,2001,20,50,21,19,16
149,2001,20,2,15,10,17
149,2001,20,49,17,8,18
149,2001,20,15,17,7,19
149,2001,20,59,21,18,20
149,2001,20,44,16,13,21
149,2001,20,58,18,22,22
150,2001,8,30,6,2,1
150,2001,8,23,3,1,2
150,2001,8,22,6,8,3
150,2001,8,14,1,3,4
150,2001,8,15,17,5,5
150,2001,8,2,15,9,6
150,2001,8,8,15,13,7
150,2001,8,49,17,7,8
150,2001,8,44,16,11,9
150,2001,8,54,20,15,10
150,2001,8,21,22,16,11
150,2001,8,55,20,19,12
150,2001,8,50,21,18,13
150,2001,8,37,19,14,14
150,2001,8,58,18,22,15
150,2001,8,18,22,17,16
150,2001,8,4,18,21,17
150,2001,8,56,19,12,18
150,2001,8,31,3,6,19
150,2001,8,59,21,20,20
150,2001,8,35,16,10,21
150,2001,8,57,1,4,22
151,2001,9,57,1,2,1
151,2001,9,30,6,1,2
151,2001,9,22,6,6,3
151,2001,9,31,3,8,4
151,2001,9,8,15,7,5
151,2001,9,2,15,9,6
151,2001,9,49,17,5,7
151,2001,9,35,16,12,8
151,2001,9,56,19,15,9
151,2001,9,50,21,17,10
151,2001,9,55,20,14,11
151,2001,9,37,19,13,12
151,2001,9,21,22,19,13
151,2001,9,59,21,20,14
151,2001,9,18,22,18,15
151,2001,9,4,18,21,16
151,2001,9,23,3,10,17
151,2001,9,54,20,16,18
151,2001,9,14,1,3,19
151,2001,9,15,17,4,20
151,2001,9,44,16,11,21
151,2001,9,58,18,0,22
152,2001,10,23,3,2,1
152,2001,10,22,6,6,2
152,2001,10,35,16,12,3
152,2001,10,21,22,17,4
152,2001,10,18,22,18,5
152,2001,10,55,20,14,6
152,2001,10,44,16,13,7
152,2001,10,59,21,19,8
152,2001,10,50,21,20,9
152,2001,10,4,18,21,10
152,2001,10,15,17,10,11
152,2001,10,14,1,5,12
152,2001,10,58,18,22,13
152,2001,10,31,3,1,14
152,2001,10,30,6,4,15
152,2001,10,54,20,16,16
152,2001,10,8,15,8,17
152,2001,10,56,19,11,18
152,2001,10,57,1,3,19
152,2001,10,41,17,15,20
152,2001,10,2,15,7,21
152,2001,10,37,19,9,22
153,2001,11,30,6,1,1
153,2001,11,22,6,3,2
153,2001,11,14,1,2,3
153,2001,11,23,3,4,4
153,2001,11,57,1,6,5
153,2001,11,2,15,7,6
153,2001,11,8,15,9,7
153,2001,11,31,3,8,8
153,2001,11,35,16,10,9
153,2001,11,55,17,12,10
153,2001,11,37,19,13,11
153,2001,11,50,21,21,12
153,2001,11,21,22,15,13
153,2001,11,49,20,16,14
153,2001,11,58,18,22,15
153,2001,11,44,16,11,16
153,2001,11,15,17,5,17
153,2001,11,4,18,18,18
153,2001,11,18,22,17,19
153,2001,11,59,21,20,20
153,2001,11,54,20,19,21
153,2001,11,56,19,14,22
154,2001,13,30,6,3,1
154,2001,13,14,1,9,2
154,2001,13,21,22,8,3
154,2001,13,57,1,7,4
154,2001,13,22,6,5,5
154,2001,13,55,17,13,6
154,2001,13,23,3,2,7
154,2001,13,35,16,6,8
154,2001,13,49,20,4,9
154,2001,13,50,21,19,10
154,2001,13,44,16,11,11
154,2001,13,59,21,21,12
154,2001,13,58,18,22,13
154,2001,13,15,17,16,14
154,2001,13,18,22,15,15
154,2001,13,31,3,1,16
154,2001,13,37,19,10,17
154,2001,13,2,15,14,18
154,2001,13,8,15,12,19
154,2001,13,56,19,17,20
154,2001,13,54,20,18,21
154,2001,13,4,18,20,22
155,2001,14,31,3,1,1
155,2001,14,22,6,2,2
155,2001,14,23,3,4,3
155,2001,14,30,6,3,4
155,2001,14,37,19,10,5
155,2001,14,35,16,15,6
155,2001,14,8,15,9,7
155,2001,14,55,17,16,8
155,2001,14,44,16,17,9
155,2001,14,21,22,14,10
155,2001,14,2,15,8,11
155,2001,14,61,20,20,12
155,2001,14,4,18,21,13
155,2001,14,59,21,18,14
155,2001,14,62,18,22,15
155,2001,14,49,20,12,16
155,2001,14,50,21,19,17
155,2001,14,57,1,7,18
155,2001,14,56,19,13,19
155,2001,14,14,1,6,20
155,2001,14,18,22,11,21
155,2001,14,15,17,5,22
156,2001,19,57,1,4,1
156,2001,19,30,6,1,2
156,2001,19,14,1,7,3
156,2001,19,15,17,8,4
156,2001,19,56,19,14,5
156,2001,19,2,15,6,6
156,2001,19,55,17,9,7
156,2001,19,21,22,12,8
156,2001,19,18,22,10,9
156,2001,19,49,20,15,10
156,2001,19,44,16,13,11
156,2001,19,37,19,16,12
156,2001,19,59,21,19,13
156,2001,19,61,20,21,14
156,2001,19,22,6,5,15
156,2001,19,35,16,18,16
156,2001,19,50,21,20,17
156,2001,19,31,3,3,18
156,2001,19,62,18,22,19
156,2001,19,23,3,2,20
156,2001,19,4,18,17,21
156,2001,19,8,15,11,22
157,2001,22,30,6,1,1
157,2001,22,31,3,2,2
157,2001,22,14,1,7,3
157,2001,22,57,1,5,4
157,2001,22,22,6,4,5
157,2001,22,23,3,3,6
157,2001,22,18,22,9,7
157,2001,22,15,17,8,8
157,2001,22,2,15,10,9
157,2001,22,35,16,14,10
157,2001,22,4,18,18,11
157,2001,22,49,20,15,12
157,2001,22,44,16,17,13
157,2001,22,59,21,20,14
157,2001,22,50,21,21,15
157,2001,22,62,18,22,16
157,2001,22,21,22,6,17
157,2001,22,37,19,16,18
157,2001,22,61,20,19,19
157,2001,22,56,19,13,20
157,2001,22,8,15,12,21
157,2001,22,55,17,11,22
158,2000,1,30,6,3,1
158,2000,1,22,6,4,2
158,2000,1,23,3,11,3
158,2000,1,35,16,8,4
158,2000,1,21,22,9,5
158,2000,1,41,16,16,6
158,2000,1,25,22,14,7
158,2000,1,48,18,18,8
158,2000,1,2,20,15,9
158,2000,1,63,15,10,10
158,2000,1,18,3,21,11
158,2000,1,64,15,19,12
158,2000,1,60,18,22,13
158,2000,1,49,17,5,14
158,2000,1,15,17,6,15
158,2000,1,55,20,17,16
158,2000,1,57,1,1,17
158,2000,1,50,21,13,18
158,2000,1,14,1,2,19
158,2000,1,37,21,12,20
158,2000,1,56,19,7,21
158,2000,1,65,19,20,22
159,2000,18,30,6,3,1
159,2000,18,21,22,5,2
159,2000,18,49,17,7,3
159,2000,18,15,17,12,4
159,2000,18,23,3,11,5
159,2000,18,18,3,9,6
159,2000,18,50,21,14,7
159,2000,18,37,21,16,8
159,2000,18,41,16,8,9
159,2000,18,60,18,20,10
159,2000,18,14,1,2,11
159,2000,18,65,19,17,12
159,2000,18,48,18,18,13
159,2000,18,57,1,1,14
159,2000,18,22,6,4,15
159,2000,18,56,19,6,16
159,2000,18,35,16,10,17
159,2000,18,55,20,15,18
159,2000,18,2,20,19,19
159,2000,18,25,22,13,20
159,2000,18,64,15,0,21
159,2000,18,63,15,0,22
160,2000,21,30,6,2,1
160,2000,21,57,1,1,2
160,2000,21,14,1,3,3
160,2000,21,22,6,4,4
160,2000,21,35,16,9,5
160,2000,21,63,15,12,6
160,2000,21,56,19,7,7
160,2000,21,64,15,10,8
160,2000,21,25,22,11,9
160,2000,21,65,19,17,10
160,2000,21,21,22,19,11
160,2000,21,41,16,14,12
160,2000,21,60,18,20,13
160,2000,21,50,21,16,14
160,2000,21,15,17,8,15
160,2000,21,37,21,13,16
160,2000,21,23,3,5,17
160,2000,21,55,20,15,18
160,2000,21,2,20,22,19
160,2000,21,18,3,18,20
160,2000,21,48,18,21,21
160,2000,21,49,17,6,22
161,2000,9,14,1,4,1
161,2000,9,57,1,3,2
161,2000,9,30,6,5,3
161,2000,9,23,3,7,4
161,2000,9,18,3,6,5
161,2000,9,15,17,11,6
161,2000,9,21,22,12,7
161,2000,9,63,15,18,8
161,2000,9,25,22,20,9
161,2000,9,55,20,15,10
161,2000,9,64,15,13,11
161,2000,9,65,19,14,12
161,2000,9,56,19,9,13
161,2000,9,48,18,21,14
161,2000,9,60,18,22,15
161,2000,9,35,16,10,16
161,2000,9,49,17,2,17
161,2000,9,2,20,17,18
161,2000,9,41,16,16,19
161,2000,9,22,6,1,20
161,2000,9,37,21,19,21
161,2000,9,50,21,8,22
162,2000,4,57,1,2,1
162,2000,4,14,1,4,2
162,2000,4,22,6,3,3
162,2000,4,23,3,5,4
162,2000,4,30,6,1,5
162,2000,4,49,17,8,6
162,2000,4,63,15,12,7
162,2000,4,41,16,16,8
162,2000,4,21,22,13,9
162,2000,4,25,22,18,10
162,2000,4,56,19,9,11
162,2000,4,15,17,7,12
162,2000,4,65,19,14,13
162,2000,4,48,18,20,14
162,2000,4,60,18,21,15
162,2000,4,2,20,19,16
162,2000,4,18,3,10,17
162,2000,4,50,21,11,18
162,2000,4,35,16,6,19
162,2000,4,55,20,17,20
162,2000,4,37,21,22,21
162,2000,4,64,15,15,22
163,2000,20,30,6,2,1
163,2000,20,57,1,3,2
163,2000,20,14,1,1,3
163,2000,20,22,6,4,4
163,2000,20,21,22,7,5
163,2000,20,37,21,12,6
163,2000,20,64,15,15,7
163,2000,20,60,18,21,8
163,2000,20,55,20,17,9
163,2000,20,18,3,11,10
163,2000,20,65,19,16,11
163,2000,20,25,22,14,12
163,2000,20,41,16,18,13
163,2000,20,48,18,20,14
163,2000,20,35,16,9,15
163,2000,20,56,19,8,16
163,2000,20,50,21,13,17
163,2000,20,23,3,5,18
163,2000,20,63,15,19,19
163,2000,20,49,17,10,20
163,2000,20,15,17,6,21
164,2000,6,14,1,3,1
164,2000,6,22,6,6,2
164,2000,6,21,22,8,3
164,2000,6,56,19,10,4
164,2000,6,63,15,13,5
164,2000,6,57,1,5,6
164,2000,6,35,16,17,7
164,2000,6,2,20,18,8
164,2000,6,65,19,11,9
164,2000,6,49,17,4,10
164,2000,6,50,21,15,11
164,2000,6,30,6,1,12
164,2000,6,41,16,20,13
164,2000,6,23,3,9,14
164,2000,6,15,17,2,15
164,2000,6,64,15,19,16
164,2000,6,55,20,7,17
164,2000,6,60,18,22,18
164,2000,6,48,18,21,19
164,2000,6,25,22,12,20
164,2000,6,18,3,14,21
164,2000,6,37,21,16,22
165,2000,7,30,6,1,1
165,2000,7,22,6,3,2
165,2000,7,21,22,10,3
165,2000,7,57,1,4,4
165,2000,7,50,21,13,5
165,2000,7,15,17,7,6
165,2000,7,14,1,2,7
165,2000,7,41,16,8,8
165,2000,7,25,22,14,9
165,2000,7,64,15,19,10
165,2000,7,18,3,18,11
165,2000,7,60,18,22,12
165,2000,7,56,19,16,13
165,2000,7,23,3,12,14
165,2000,7,35,16,6,15
165,2000,7,48,18,20,16
165,2000,7,37,21,9,17
165,2000,7,63,15,15,18
165,2000,7,55,20,17,19
165,2000,7,2,20,21,20
165,2000,7,49,17,5,21
165,2000,7,65,19,11,22
166,2000,8,14,1,2,1
166,2000,8,57,1,4,2
166,2000,8,22,6,3,3
166,2000,8,35,16,7,4
166,2000,8,23,3,5,5
166,2000,8,15,17,9,6
166,2000,8,49,17,8,7
166,2000,8,18,3,10,8
166,2000,8,21,22,14,9
166,2000,8,63,15,12,10
166,2000,8,64,15,15,11
166,2000,8,2,20,16,12
166,2000,8,56,19,6,13
166,2000,8,55,20,18,14
166,2000,8,48,18,21,15
166,2000,8,30,6,1,16
166,2000,8,37,21,13,17
166,2000,8,25,22,17,18
166,2000,8,60,18,22,19
166,2000,8,50,21,20,20
166,2000,8,65,19,11,21
166,2000,8,41,16,19,22
167,2000,70,57,1,1,1
167,2000,70,14,1,2,2
167,2000,70,22,6,3,3
167,2000,70,35,16,7,4
167,2000,70,18,3,18,5
167,2000,70,63,15,9,6
167,2000,70,65,19,16,7
167,2000,70,48,18,20,8
167,2000,70,64,15,11,9
167,2000,70,25,22,14,10
167,2000,70,54,19,21,11
167,2000,70,60,18,22,12
167,2000,70,41,16,6,13
167,2000,70,23,3,19,14
167,2000,70,2,20,13,15
167,2000,70,55,20,17,16
167,2000,70,37,21,12,17
167,2000,70,50,21,10,18
167,2000,70,49,17,15,19
167,2000,70,30,6,4,20
167,2000,70,15,17,5,21
167,2000,70,21,22,8,22
168,2000,10,22,6,18,1
168,2000,10,57,1,4,2
168,2000,10,14,1,1,3
168,2000,10,18,3,16,4
168,2000,10,63,15,15,5
168,2000,10,37,21,5,6
168,2000,10,23,3,14,7
168,2000,10,35,16,9,8
168,2000,10,15,17,6,9
168,2000,10,56,19,10,10
168,2000,10,60,18,21,11
168,2000,10,2,20,13,12
168,2000,10,49,17,17,13
168,2000,10,50,21,11,14
168,2000,10,41,16,12,15
168,2000,10,48,18,22,16
168,2000,10,25,22,7,17
168,2000,10,64,15,19,18
168,2000,10,55,20,20,19
168,2000,10,65,19,8,20
168,2000,10,30,6,2,21
168,2000,10,21,22,3,22
169,2000,11,57,1,3,1
169,2000,11,30,6,1,2
169,2000,11,14,1,2,3
169,2000,11,22,6,5,4
169,2000,11,23,3,4,5
169,2000,11,49,17,6,6
169,2000,11,15,17,12,7
169,2000,11,56,19,10,8
169,2000,11,18,3,8,9
169,2000,11,63,15,9,10
169,2000,11,25,22,11,11
169,2000,11,35,16,16,12
169,2000,11,50,21,20,13
169,2000,11,41,16,18,14
169,2000,11,48,18,21,15
169,2000,11,37,21,15,16
169,2000,11,60,18,22,17
169,2000,11,65,19,17,18
169,2000,11,64,15,13,19
169,2000,11,21,22,7,20
169,2000,11,2,20,19,21
169,2000,11,55,20,14,22
170,2000,13,57,1,1,1
170,2000,13,30,6,4,2
170,2000,13,23,3,6,3
170,2000,13,14,1,5,4
170,2000,13,18,3,3,5
170,2000,13,49,17,8,6
170,2000,13,35,16,7,7
170,2000,13,65,19,9,8
170,2000,13,63,15,18,9
170,2000,13,56,19,12,10
170,2000,13,64,15,15,11
170,2000,13,41,16,13,12
170,2000,13,25,22,19,13
170,2000,13,48,18,21,14
170,2000,13,50,21,20,15
170,2000,13,37,21,16,16
170,2000,13,60,18,22,17
170,2000,13,22,6,10,18
170,2000,13,55,20,17,19
170,2000,13,2,20,14,20
170,2000,13,21,22,11,21
170,2000,13,15,17,2,22
171,2000,14,30,6,1,1
171,2000,14,57,1,3,2
171,2000,14,23,3,7,3
171,2000,14,50,21,11,4
171,2000,14,25,22,13,5
171,2000,14,41,16,17,6
171,2000,14,63,15,15,7
171,2000,14,64,15,16,8
171,2000,14,48,18,21,9
171,2000,14,60,18,22,10
171,2000,14,21,22,9,11
171,2000,14,55,20,19,12
171,2000,14,2,20,20,13
171,2000,14,35,16,4,14
171,2000,14,18,3,12,15
171,2000,14,65,19,18,16
171,2000,14,22,6,2,17
171,2000,14,14,1,5,18
171,2000,14,15,17,6,19
171,2000,14,49,17,8,20
171,2000,14,37,21,10,21
171,2000,14,56,19,14,22
172,2000,19,30,6,1,1
172,2000,19,22,6,4,2
172,2000,19,49,17,7,3
172,2000,19,35,16,8,4
172,2000,19,14,1,2,5
172,2000,19,41,16,12,6
172,2000,19,56,19,17,7
172,2000,19,64,15,9,8
172,2000,19,2,20,16,9
172,2000,19,25,22,11,10
172,2000,19,65,19,19,11
172,2000,19,48,18,22,12
172,2000,19,55,20,20,13
172,2000,19,60,18,21,14
172,2000,19,23,3,10,15
172,2000,19,37,21,18,16
172,2000,19,21,22,15,17
172,2000,19,50,21,13,18
172,2000,19,57,1,3,19
172,2000,19,63,15,14,20
172,2000,19,18,3,6,21
172,2000,19,15,17,5,22
173,2000,22,30,6,1,1
173,2000,22,57,1,2,2
173,2000,22,14,1,3,3
173,2000,22,22,6,4,4
173,2000,22,18,3,5,5
173,2000,22,35,16,9,6
173,2000,22,65,19,10,7
173,2000,22,56,19,7,8
173,2000,22,41,16,18,9
173,2000,22,63,15,19,10
173,2000,22,64,15,20,11
173,2000,22,37,21,13,12
173,2000,22,15,17,15,13
173,2000,22,21,22,12,14
173,2000,22,60,18,22,15
173,2000,22,48,18,21,16
173,2000,22,23,3,6,17
173,2000,22,2,20,16,18
173,2000,22,25,22,11,19
173,2000,22,49,17,8,20
173,2000,22,55,20,17,21
173,2000,22,50,21,14,22
174,2000,2,30,6,1,1
174,2000,2,14,1,3,2
174,2000,2,22,6,4,3
174,2000,2,57,1,2,4
174,2000,2,35,16,6,5
174,2000,2,56,19,7,6
174,2000,2,25,22,5,7
174,2000,2,63,15,17,8
174,2000,2,21,22,13,9
174,2000,2,50,21,15,10
174,2000,2,55,20,18,11
174,2000,2,15,17,9,12
174,2000,2,60,18,22,13
174,2000,2,65,19,12,14
174,2000,2,41,16,11,15
174,2000,2,23,3,8,16
174,2000,2,48,18,21,17
174,2000,2,18,3,16,18
174,2000,2,49,17,10,19
174,2000,2,37,21,14,20
174,2000,2,2,20,19,21
174,2000,2,64,15,20,22
175,1999,1,56,6,6,1
175,1999,1,49,17,5,2
175,1999,1,23,3,8,3
175,1999,1,21,22,7,4
175,1999,1,22,24,4,5
175,1999,1,37,21,18,6
175,1999,1,68,21,17,7
175,1999,1,30,6,3,8
175,1999,1,41,16,19,9
175,1999,1,69,18,21,10
175,1999,1,25,22,10,11
175,1999,1,64,15,14,12
175,1999,1,48,18,22,13
175,1999,1,15,20,12,14
175,1999,1,44,20,20,15
175,1999,1,57,1,1,16
175,1999,1,70,3,15,17
175,1999,1,14,1,2,18
175,1999,1,35,16,11,19
175,1999,1,71,17,9,20
175,1999,1,55,15,16,21
175,1999,1,65,24,13,22
176,1999,18,57,1,1,1
176,1999,18,30,6,4,2
176,1999,18,49,17,8,3
176,1999,18,23,3,11,4
176,1999,18,56,6,6,5
176,1999,18,44,20,12,6
176,1999,18,25,22,9,7
176,1999,18,68,21,19,8
176,1999,18,48,18,20,9
176,1999,18,37,21,17,10
176,1999,18,35,16,21,11
176,1999,18,70,3,16,12
176,1999,18,22,24,3,13
176,1999,18,64,15,15,14
176,1999,18,21,22,5,15
176,1999,18,72,18,18,16
176,1999,18,55,15,14,17
176,1999,18,14,1,2,18
176,1999,18,15,20,13,19
176,1999,18,65,24,10,20
176,1999,18,71,17,7,21
176,1999,18,41,16,0,22
177,1999,21,30,6,3,1
177,1999,21,14,1,2,2
177,1999,21,22,24,6,3
177,1999,21,71,17,8,4
177,1999,21,21,22,16,5
177,1999,21,55,15,13,6
177,1999,21,63,16,19,7
177,1999,21,69,18,22,8
177,1999,21,48,18,21,9
177,1999,21,65,24,12,10
177,1999,21,70,3,10,11
177,1999,21,64,15,15,12
177,1999,21,44,20,11,13
177,1999,21,56,6,4,14
177,1999,21,49,17,7,15
177,1999,21,68,21,20,16
177,1999,21,23,3,9,17
177,1999,21,57,1,1,18
177,1999,21,37,21,18,19
177,1999,21,25,22,17,20
177,1999,21,35,16,14,21
177,1999,21,15,20,5,22
178,1999,6,30,6,2,1
178,1999,6,56,6,4,2
178,1999,6,57,1,1,3
178,1999,6,49,17,6,4
178,1999,6,21,22,9,5
178,1999,6,25,22,10,6
178,1999,6,15,20,7,7
178,1999,6,70,3,11,8
178,1999,6,22,24,5,9
178,1999,6,23,3,16,10
178,1999,6,55,15,14,11
178,1999,6,64,15,15,12
178,1999,6,44,20,18,13
178,1999,6,14,1,3,14
178,1999,6,63,16,12,15
178,1999,6,68,21,19,16
178,1999,6,35,16,8,17
178,1999,6,65,24,13,18
178,1999,6,37,21,21,19
178,1999,6,48,18,22,20
178,1999,6,69,18,20,21
178,1999,6,71,17,17,22
179,1999,4,57,1,1,1
179,1999,4,14,1,3,2
179,1999,4,30,6,4,3
179,1999,4,56,6,2,4
179,1999,4,23,3,10,5
179,1999,4,15,20,9,6
179,1999,4,71,17,11,7
179,1999,4,63,16,16,8
179,1999,4,21,22,13,9
179,1999,4,25,22,18,10
179,1999,4,37,21,19,11
179,1999,4,68,21,20,12
179,1999,4,69,18,22,13
179,1999,4,35,16,6,14
179,1999,4,64,15,12,15
179,1999,4,65,24,14,16
179,1999,4,49,17,8,17
179,1999,4,55,15,5,18
179,1999,4,70,3,17,19
179,1999,4,44,20,15,20
179,1999,4,48,18,21,21
179,1999,4,22,24,7,22
180,1999,7,57,1,2,1
180,1999,7,21,22,7,2
180,1999,7,56,6,3,3
180,1999,7,23,3,13,4
180,1999,7,65,24,10,5
180,1999,7,64,15,18,6
180,1999,7,14,1,4,7
180,1999,7,48,18,22,8
180,1999,7,44,20,15,9
180,1999,7,69,18,21,10
180,1999,7,49,17,6,11
180,1999,7,70,3,12,12
180,1999,7,68,21,19,13
180,1999,7,35,16,16,14
180,1999,7,30,6,1,15
180,1999,7,37,21,20,16
180,1999,7,71,17,14,17
180,1999,7,22,24,5,18
180,1999,7,41,16,17,19
180,1999,7,55,15,8,20
180,1999,7,15,20,9,21
180,1999,7,25,22,11,22
181,1999,8,49,17,5,1
181,1999,8,57,1,14,2
181,1999,8,22,24,1,3
181,1999,8,23,3,16,4
181,1999,8,30,6,6,5
181,1999,8,56,6,17,6
181,1999,8,15,20,8,7
181,1999,8,44,20,3,8
181,1999,8,41,16,10,9
181,1999,8,69,18,20,10
181,1999,8,37,21,21,11
181,1999,8,21,22,7,12
181,1999,8,71,17,18,13
181,1999,8,70,3,15,14
181,1999,8,35,16,12,15
181,1999,8,25,22,13,16
181,1999,8,48,18,19,17
181,1999,8,55,15,2,18
181,1999,8,14,1,4,19
181,1999,8,64,15,11,20
181,1999,8,65,24,9,21
181,1999,8,68,21,22,22
182,1999,9,14,1,3,1
182,1999,9,56,6,4,2
182,1999,9,23,3,8,3
182,1999,9,49,17,5,4
182,1999,9,71,17,6,5
182,1999,9,64,15,12,6
182,1999,9,21,22,17,7
182,1999,9,22,24,7,8
182,1999,9,15,20,14,9
182,1999,9,25,22,18,10
182,1999,9,70,3,13,11
182,1999,9,65,24,11,12
182,1999,9,44,20,15,13
182,1999,9,55,15,10,14
182,1999,9,48,18,22,15
182,1999,9,68,21,19,16
182,1999,9,41,16,16,17
182,1999,9,57,1,1,18
182,1999,9,35,16,9,19
182,1999,9,69,18,21,20
182,1999,9,37,21,20,21
182,1999,9,30,6,2,22
183,1999,70,56,6,3,1
183,1999,70,14,1,2,2
183,1999,70,57,1,1,3
183,1999,70,49,17,4,4
183,1999,70,25,22,10,5
183,1999,70,64,15,16,6
183,1999,70,15,20,13,7
183,1999,70,71,17,11,8
183,1999,70,63,6,7,9
183,1999,70,44,20,18,10
183,1999,70,48,18,22,11
183,1999,70,21,22,12,12
183,1999,70,69,18,19,13
183,1999,70,65,24,6,14
183,1999,70,41,16,15,15
183,1999,70,22,24,5,16
183,1999,70,55,15,17,17
183,1999,70,37,21,21,18
183,1999,70,70,3,14,19
183,1999,70,35,16,9,20
183,1999,70,68,21,20,21
183,1999,70,23,3,8,22
184,1999,10,56,6,5,1
184,1999,10,63,6,4,2
184,1999,10,49,17,2,3
184,1999,10,23,3,11,4
184,1999,10,14,1,3,5
184,1999,10,44,20,7,6
184,1999,10,25,22,13,7
184,1999,10,55,15,21,8
184,1999,10,48,18,15,9
184,1999,10,69,18,19,10
184,1999,10,65,24,17,11
184,1999,10,37,21,20,12
184,1999,10,57,1,1,13
184,1999,10,70,3,14,14
184,1999,10,41,16,18,15
184,1999,10,68,21,22,16
184,1999,10,71,17,8,17
184,1999,10,15,20,9,18
184,1999,10,21,22,10,19
184,1999,10,22,24,6,20
184,1999,10,35,16,12,21
184,1999,10,64,15,16,22
185,1999,11,57,1,1,1
185,1999,11,14,1,3,2
185,1999,11,56,6,2,3
185,1999,11,49,17,5,4
185,1999,11,22,24,8,5
185,1999,11,71,17,6,6
185,1999,11,25,22,7,7
185,1999,11,15,20,13,8
185,1999,11,23,3,16,9
185,1999,11,44,20,14,10
185,1999,11,65,24,10,11
185,1999,11,63,6,18,12
185,1999,11,41,16,17,13
185,1999,11,69,18,19,14
185,1999,11,37,21,20,15
185,1999,11,55,15,11,16
185,1999,11,48,18,22,17
185,1999,11,35,16,9,18
185,1999,11,21,22,4,19
185,1999,11,68,21,21,20
185,1999,11,64,15,12,21
185,1999,11,70,3,15,22
186,1999,13,14,1,2,1
186,1999,13,57,1,1,2
186,1999,13,49,17,3,3
186,1999,13,56,6,6,4
186,1999,13,23,3,5,5
186,1999,13,71,17,4,6
186,1999,13,63,6,9,7
186,1999,13,70,3,8,8
186,1999,13,55,15,16,9
186,1999,13,22,24,7,10
186,1999,13,21,22,13,11
186,1999,13,15,20,12,12
186,1999,13,44,20,17,13
186,1999,13,25,22,15,14
186,1999,13,35,16,11,15
186,1999,13,48,18,21,16
186,1999,13,37,21,22,17
186,1999,13,69,18,20,18
186,1999,13,41,16,14,19
186,1999,13,65,24,10,20
186,1999,13,64,15,18,21
186,1999,13,68,21,19,22
187,1999,14,49,17,2,1
187,1999,14,23,3,5,2
187,1999,14,63,6,6,3
187,1999,14,22,24,7,4
187,1999,14,14,1,3,5
187,1999,14,56,6,8,6
187,1999,14,70,3,4,7
187,1999,14,35,16,11,8
187,1999,14,55,15,13,9
187,1999,14,71,17,9,10
187,1999,14,44,20,10,11
187,1999,14,65,24,15,12
187,1999,14,68,21,22,13
187,1999,14,37,21,21,14
187,1999,14,57,1,1,15
187,1999,14,15,20,12,16
187,1999,14,41,16,18,17
187,1999,14,69,18,19,18
187,1999,14,25,22,14,19
187,1999,14,64,15,16,20
187,1999,14,21,22,17,21
187,1999,14,48,18,20,22
188,1999,20,65,24,14,1
188,1999,20,15,20,10,2
188,1999,20,22,24,15,3
188,1999,20,23,3,4,4
188,1999,20,57,1,3,5
188,1999,20,48,18,20,6
188,1999,20,56,6,9,7
188,1999,20,41,16,17,8
188,1999,20,44,20,5,9
188,1999,20,35,16,8,10
188,1999,20,69,18,19,11
188,1999,20,37,21,22,12
188,1999,20,21,22,6,13
188,1999,20,63,6,12,14
188,1999,20,68,21,21,15
188,1999,20,14,1,2,16
188,1999,20,55,15,16,17
188,1999,20,49,17,1,18
188,1999,20,70,3,18,19
188,1999,20,71,17,7,20
188,1999,20,25,22,11,21
188,1999,20,64,15,13,22
189,1999,2,56,6,2,1
189,1999,2,30,6,1,2
189,1999,2,57,1,4,3
189,1999,2,65,24,5,4
189,1999,2,22,24,6,5
189,1999,2,49,17,14,6
189,1999,2,55,15,15,7
189,1999,2,25,22,7,8
189,1999,2,48,18,19,9
189,1999,2,70,3,16,10
189,1999,2,21,22,11,11
189,1999,2,35,16,10,12
189,1999,2,64,15,17,13
189,1999,2,37,21,20,14
189,1999,2,69,18,21,15
189,1999,2,14,1,3,16
189,1999,2,23,3,8,17
189,1999,2,68,21,22,18
189,1999,2,41,16,13,19
189,1999,2,44,20,12,20
189,1999,2,71,17,9,21
189,1999,2,15,20,18,22
190,1999,22,57,1,2,1
190,1999,22,30,6,1,2
190,1999,22,56,6,5,3
190,1999,22,49,17,4,4
190,1999,22,23,3,9,5
190,1999,22,55,15,10,6
190,1999,22,65,24,8,7
190,1999,22,22,24,13,8
190,1999,22,35,16,11,9
190,1999,22,25,22,15,10
190,1999,22,64,15,17,11
190,1999,22,41,16,18,12
190,1999,22,37,21,21,13
190,1999,22,21,22,14,14
190,1999,22,68,21,19,15
190,1999,22,69,18,22,16
190,1999,22,14,1,3,17
190,1999,22,48,18,20,18
190,1999,22,71,17,12,19
190,1999,22,44,20,6,20
190,1999,22,15,20,7,21
190,1999,22,70,3,8,22
191,1998,1,57,1,1,1
191,1998,1,14,1,2,2
191,1998,1,49,3,6,3
191,1998,1,56,6,8,4
191,1998,1,35,3,4,5
191,1998,1,65,15,5,6
191,1998,1,25,22,11,7
191,1998,1,71,17,10,8
191,1998,1,44,20,21,9
191,1998,1,21,22,7,10
191,1998,1,55,15,12,11
191,1998,1,15,20,15,12
191,1998,1,73,25,19,13
191,1998,1,63,21,16,14
191,1998,1,74,18,17,15
191,1998,1,75,18,22,16
191,1998,1,30,6,3,17
191,1998,1,64,21,20,18
191,1998,1,23,17,9,19
191,1998,1,76,24,18,20
191,1998,1,68,25,13,21
191,1998,1,22,24,14,22
192,1998,18,57,1,1,1
192,1998,18,14,1,2,2
192,1998,18,30,6,4,3
192,1998,18,25,22,5,4
192,1998,18,49,3,3,5
192,1998,18,21,22,7,6
192,1998,18,35,3,10,7
192,1998,18,56,6,6,8
192,1998,18,55,15,15,9
192,1998,18,76,24,16,10
192,1998,18,65,15,14,11
192,1998,18,71,17,11,12
192,1998,18,44,20,9,13
192,1998,18,22,24,13,14
192,1998,18,73,25,21,15
192,1998,18,74,18,19,16
192,1998,18,64,21,22,17
192,1998,18,68,25,17,18
192,1998,18,63,21,20,19
192,1998,18,15,20,12,20
192,1998,18,75,18,18,21
192,1998,18,23,17,8,22
193,1998,25,30,6,2,1
193,1998,25,57,1,3,2
193,1998,25,56,6,4,3
193,1998,25,25,22,8,4
193,1998,25,55,15,11,5
193,1998,25,14,1,1,6
193,1998,25,21,22,10,7
193,1998,25,71,17,9,8
193,1998,25,49,3,6,9
193,1998,25,22,24,14,10
193,1998,25,15,20,16,11
193,1998,25,68,25,13,12
193,1998,25,75,18,19,13
193,1998,25,73,25,21,14
193,1998,25,44,20,15,15
193,1998,25,74,18,20,16
193,1998,25,35,3,7,17
193,1998,25,65,15,12,18
193,1998,25,23,17,5,19
193,1998,25,63,21,17,20
193,1998,25,76,24,22,21
193,1998,25,64,21,18,22
194,1998,21,14,1,1,1
194,1998,21,30,6,3,2
194,1998,21,56,6,4,3
194,1998,21,35,3,6,4
194,1998,21,49,3,8,5
194,1998,21,55,15,12,6
194,1998,21,23,17,9,7
194,1998,21,74,18,19,8
194,1998,21,63,21,14,9
194,1998,21,71,17,7,10
194,1998,21,44,20,13,11
194,1998,21,73,25,22,12
194,1998,21,68,25,15,13
194,1998,21,15,20,16,14
194,1998,21,75,18,21,15
194,1998,21,64,21,18,16
194,1998,21,57,1,2,17
194,1998,21,21,22,10,18
194,1998,21,25,22,5,19
194,1998,21,65,15,11,20
194,1998,21,76,24,20,21
194,1998,21,22,24,17,22
195,1998,4,57,1,1,1
195,1998,4,14,1,2,2
195,1998,4,30,6,3,3
195,1998,4,25,22,5,4
195,1998,4,22,24,9,5
195,1998,4,35,3,10,6
195,1998,4,65,15,7,7
195,1998,4,49,3,13,8
195,1998,4,15,20,16,9
195,1998,4,55,15,14,10
195,1998,4,23,17,11,11
195,1998,4,76,24,18,12
195,1998,4,68,25,21,13
195,1998,4,75,18,20,14
195,1998,4,74,18,19,15
195,1998,4,44,20,12,16
195,1998,4,71,17,8,17
195,1998,4,56,6,6,18
195,1998,4,21,22,4,19
195,1998,4,63,21,17,20
195,1998,4,64,21,15,21
196,1998,6,57,1,1,1
196,1998,6,21,22,3,2
196,1998,6,56,6,7,3
196,1998,6,63,21,8,4
196,1998,6,35,3,13,5
196,1998,6,64,21,12,6
196,1998,6,65,15,9,7
196,1998,6,71,17,15,8
196,1998,6,75,18,19,9
196,1998,6,30,6,4,10
196,1998,6,68,25,20,11
196,1998,6,55,15,11,12
196,1998,6,15,20,10,13
196,1998,6,44,20,18,14
196,1998,6,23,17,16,15
196,1998,6,25,22,6,16
196,1998,6,76,24,17,17
196,1998,6,14,1,2,18
196,1998,6,22,24,14,19
196,1998,6,49,3,5,20
196,1998,6,74,18,21,21
196,1998,6,73,25,0,22
197,1998,7,30,6,3,1
197,1998,7,21,22,4,2
197,1998,7,56,6,8,3
197,1998,7,25,22,11,4
197,1998,7,22,24,13,5
197,1998,7,76,24,20,6
197,1998,7,75,18,18,7
197,1998,7,73,25,22,8
197,1998,7,64,21,19,9
197,1998,7,35,3,6,10
197,1998,7,74,18,21,11
197,1998,7,71,17,10,12
197,1998,7,44,20,15,13
197,1998,7,49,3,7,14
197,1998,7,14,1,1,15
197,1998,7,65,15,12,16
197,1998,7,63,21,17,17
197,1998,7,57,1,2,18
197,1998,7,23,17,5,19
197,1998,7,55,15,9,20
197,1998,7,15,20,14,21
197,1998,7,68,25,16,22
198,1998,8,30,6,2,1
198,1998,8,56,6,4,2
198,1998,8,57,1,1,3
198,1998,8,35,3,5,4
198,1998,8,25,22,10,5
198,1998,8,14,1,3,6
198,1998,8,55,15,11,7
198,1998,8,65,15,13,8
198,1998,8,21,22,9,9
198,1998,8,22,24,14,10
198,1998,8,44,20,16,11
198,1998,8,50,24,15,12
198,1998,8,63,21,19,13
198,1998,8,64,21,17,14
198,1998,8,49,3,8,15
198,1998,8,23,17,6,16
198,1998,8,75,18,21,17
198,1998,8,68,25,20,18
198,1998,8,15,20,12,19
198,1998,8,74,18,22,20
198,1998,8,71,17,7,21
198,1998,8,73,25,18,22
199,1998,9,30,6,2,1
199,1998,9,57,1,1,2
199,1998,9,56,6,5,3
199,1998,9,25,22,11,4
199,1998,9,21,22,10,5
199,1998,9,23,17,21,6
199,1998,9,35,3,3,7
199,1998,9,75,18,19,8
199,1998,9,68,25,17,9
199,1998,9,55,15,8,10
199,1998,9,64,21,12,11
199,1998,9,44,20,22,12
199,1998,9,22,24,16,13
199,1998,9,50,24,15,14
199,1998,9,14,1,4,15
199,1998,9,15,20,14,16
199,1998,9,73,25,20,17
199,1998,9,74,18,18,18
199,1998,9,65,15,9,19
199,1998,9,63,21,13,20
199,1998,9,49,3,6,21
199,1998,9,71,17,7,22
200,1998,70,57,1,3,1
200,1998,70,14,1,14,2
200,1998,70,30,6,4,3
200,1998,70,56,6,8,4
200,1998,70,23,17,9,5
200,1998,70,35,3,11,6
200,1998,70,71,17,15,7
200,1998,70,65,15,18,8
200,1998,70,25,22,17,9
200,1998,70,15,20,16,10
200,1998,70,75,18,21,11
200,1998,70,73,25,22,12
200,1998,70,50,24,12,13
200,1998,70,74,18,19,14
200,1998,70,21,22,1,15
200,1998,70,55,15,2,16
200,1998,70,49,3,7,17
200,1998,70,22,24,5,18
200,1998,70,64,21,13,19
200,1998,70,63,21,6,20
200,1998,70,44,20,10,21
200,1998,70,68,25,20,22
201,1998,10,57,1,1,1
201,1998,10,14,1,2,2
201,1998,10,35,3,3,3
201,1998,10,71,17,5,4
201,1998,10,30,6,9,5
201,1998,10,23,17,4,6
201,1998,10,21,22,8,7
201,1998,10,56,6,6,8
201,1998,10,49,3,10,9
201,1998,10,55,15,11,10
201,1998,10,25,22,7,11
201,1998,10,15,20,14,12
201,1998,10,68,25,15,13
201,1998,10,63,21,17,14
201,1998,10,44,20,16,15
201,1998,10,74,18,21,16
201,1998,10,65,15,12,17
201,1998,10,75,18,20,18
201,1998,10,22,24,13,19
201,1998,10,50,24,19,20
201,1998,10,64,21,18,21
202,1998,11,30,6,3,1
202,1998,11,14,1,2,2
202,1998,11,35,3,6,3
202,1998,11,71,17,4,4
202,1998,11,49,3,7,5
202,1998,11,57,1,1,6
202,1998,11,55,15,11,7
202,1998,11,21,22,8,8
202,1998,11,23,17,10,9
202,1998,11,65,15,15,10
202,1998,11,64,21,12,11
202,1998,11,44,20,20,12
202,1998,11,50,24,17,13
202,1998,11,68,25,18,14
202,1998,11,75,18,19,15
202,1998,11,25,22,9,16
202,1998,11,22,24,14,17
202,1998,11,15,20,16,18
202,1998,11,63,21,13,19
202,1998,11,56,6,5,20
202,1998,11,74,18,21,21
203,1998,13,71,17,3,1
203,1998,13,23,17,8,2
203,1998,13,55,15,10,3
203,1998,13,49,3,9,4
203,1998,13,64,21,16,5
203,1998,13,15,20,13,6
203,1998,13,14,1,2,7
203,1998,13,75,18,21,8
203,1998,13,21,22,7,9
203,1998,13,30,6,4,10
203,1998,13,56,6,5,11
203,1998,13,74,18,22,12
203,1998,13,35,3,6,13
203,1998,13,68,25,19,14
203,1998,13,50,24,17,15
203,1998,13,57,1,1,16
203,1998,13,25,22,11,17
203,1998,13,65,15,12,18
203,1998,13,22,24,15,19
203,1998,13,44,20,14,20
203,1998,13,63,21,18,21
203,1998,13,73,25,20,22
204,1998,14,30,6,1,1
204,1998,14,56,6,5,2
204,1998,14,23,17,6,3
204,1998,14,57,1,3,4
204,1998,14,55,15,8,5
204,1998,14,71,17,14,6
204,1998,14,49,3,12,7
204,1998,14,21,22,11,8
204,1998,14,68,25,19,9
204,1998,14,22,24,13,10
204,1998,14,74,18,22,11
204,1998,14,73,25,18,12
204,1998,14,15,20,10,13
204,1998,14,50,24,17,14
204,1998,14,35,3,2,15
204,1998,14,63,21,16,16
204,1998,14,25,22,7,17
204,1998,14,14,1,4,18
204,1998,14,44,20,9,19
204,1998,14,75,18,21,20
204,1998,14,65,15,15,21
204,1998,14,64,21,20,22
205,1998,20,57,1,3,1
205,1998,20,30,6,1,2
205,1998,20,14,1,5,3
205,1998,20,56,6,2,4
205,1998,20,49,3,7,5
205,1998,20,21,22,4,6
205,1998,20,25,22,8,7
205,1998,20,35,3,9,8
205,1998,20,71,17,10,9
205,1998,20,55,15,11,10
205,1998,20,22,24,12,11
205,1998,20,44,20,15,12
205,1998,20,50,24,18,13
205,1998,20,63,21,16,14
205,1998,20,75,18,20,15
205,1998,20,68,25,19,16
205,1998,20,74,18,21,17
205,1998,20,23,17,6,18
205,1998,20,65,15,13,19
205,1998,20,73,25,22,20
205,1998,20,15,20,14,21
205,1998,20,64,21,17,22
206,1998,22,57,1,2,1
206,1998,22,56,6,4,2
206,1998,22,14,1,3,3
206,1998,22,71,17,8,4
206,1998,22,49,3,5,5
206,1998,22,35,3,6,6
206,1998,22,55,15,12,7
206,1998,22,21,22,10,8
206,1998,22,25,22,9,9
206,1998,22,65,15,11,10
206,1998,22,44,20,13,11
206,1998,22,15,20,14,12
206,1998,22,75,18,20,13
206,1998,22,30,6,1,14
206,1998,22,68,25,17,15
206,1998,22,74,18,21,16
206,1998,22,22,24,16,17
206,1998,22,50,24,19,18
206,1998,22,63,21,15,19
206,1998,22,23,17,7,20
206,1998,22,64,21,18,21
206,1998,22,73,25,0,22
207,1997,1,14,1,4,1
207,1997,1,30,6,3,2
207,1997,1,57,1,6,3
207,1997,1,77,22,10,4
207,1997,1,44,20,9,5
207,1997,1,78,15,13,6
207,1997,1,75,20,16,7
207,1997,1,49,3,2,8
207,1997,1,15,18,17,9
207,1997,1,64,21,22,10
207,1997,1,22,24,11,11
207,1997,1,63,25,18,12
207,1997,1,76,24,19,13
207,1997,1,55,22,8,14
207,1997,1,79,18,15,15
207,1997,1,21,17,14,16
207,1997,1,50,25,21,17
207,1997,1,23,17,12,18
207,1997,1,35,3,1,19
207,1997,1,56,6,5,20
207,1997,1,65,15,7,21
207,1997,1,71,21,20,22
207,1997,1,80,26,23,23
207,1997,1,73,26,24,24
208,1997,18,35,3,1,1
208,1997,18,77,22,3,2
208,1997,18,44,20,5,3
208,1997,18,57,1,4,4
208,1997,18,30,6,2,5
208,1997,18,55,22,6,6
208,1997,18,65,15,13,7
208,1997,18,21,17,7,8
208,1997,18,49,3,8,9
208,1997,18,14,1,12,10
208,1997,18,78,15,19,11
208,1997,18,15,18,17,12
208,1997,18,63,25,22,13
208,1997,18,75,20,15,14
208,1997,18,50,25,21,15
208,1997,18,56,6,14,16
208,1997,18,71,21,9,17
208,1997,18,79,18,18,18
208,1997,18,23,17,10,19
208,1997,18,22,24,11,20
208,1997,18,64,21,16,21
208,1997,18,76,24,20,22
209,1997,25,35,3,1,1
209,1997,25,56,6,7,2
209,1997,25,23,17,6,3
209,1997,25,65,15,8,4
209,1997,25,57,1,17,5
209,1997,25,77,22,12,6
209,1997,25,55,22,11,7
209,1997,25,63,25,19,8
209,1997,25,15,18,18,9
209,1997,25,76,24,15,10
209,1997,25,78,15,14,11
209,1997,25,64,21,22,12
209,1997,25,75,20,20,13
209,1997,25,50,25,16,14
209,1997,25,79,18,21,15
209,1997,25,71,21,13,16
209,1997,25,21,17,9,17
209,1997,25,22,24,5,18
209,1997,25,44,20,3,19
209,1997,25,49,3,2,20
209,1997,25,30,6,4,21
209,1997,25,14,1,10,22
210,1997,21,49,3,2,1
210,1997,21,30,6,3,2
210,1997,21,56,6,9,3
210,1997,21,21,17,6,4
210,1997,21,55,22,14,5
210,1997,21,57,1,8,6
210,1997,21,78,15,12,7
210,1997,21,44,20,4,8
210,1997,21,63,25,19,9
210,1997,21,50,25,21,10
210,1997,21,79,18,22,11
210,1997,21,64,21,17,12
210,1997,21,35,3,1,13
210,1997,21,14,1,10,14
210,1997,21,22,24,13,15
210,1997,21,65,15,7,16
210,1997,21,23,17,5,17
210,1997,21,75,20,18,18
210,1997,21,71,21,15,19
210,1997,21,77,22,11,20
210,1997,21,76,24,16,21
210,1997,21,15,18,20,22
211,1997,6,30,6,2,1
211,1997,6,22,24,10,2
211,1997,6,56,6,15,3
211,1997,6,44,20,12,4
211,1997,6,63,25,14,5
211,1997,6,21,17,4,6
211,1997,6,76,24,19,7
211,1997,6,50,25,22,8
211,1997,6,77,22,17,9
211,1997,6,79,18,20,10
211,1997,6,49,3,1,11
211,1997,6,75,20,21,12
211,1997,6,78,15,11,13
211,1997,6,55,22,9,14
211,1997,6,35,3,3,15
211,1997,6,23,17,6,16
211,1997,6,65,15,7,17
211,1997,6,15,18,18,18
211,1997,6,14,1,5,19
211,1997,6,57,1,8,20
211,1997,6,71,21,13,21
211,1997,6,64,21,16,22
212,1997,4,35,3,1,1
212,1997,4,44,20,12,2
212,1997,4,55,22,4,3
212,1997,4,30,6,7,4
212,1997,4,65,15,10,5
212,1997,4,14,1,3,6
212,1997,4,57,1,5,7
212,1997,4,49,3,2,8
212,1997,4,21,17,8,9
212,1997,4,77,22,6,10
212,1997,4,50,25,19,11
212,1997,4,56,6,11,12
212,1997,4,76,24,22,13
212,1997,4,81,15,13,14
212,1997,4,15,18,18,15
212,1997,4,64,21,21,16
212,1997,4,23,17,9,17
212,1997,4,22,24,17,18
212,1997,4,63,25,14,19
212,1997,4,75,20,16,20
212,1997,4,71,21,15,21
212,1997,4,79,18,20,22
213,1997,7,30,6,1,1
213,1997,7,55,22,8,2
213,1997,7,21,17,6,3
213,1997,7,49,3,4,4
213,1997,7,65,15,13,5
213,1997,7,75,20,19,6
213,1997,7,14,1,5,7
213,1997,7,64,21,16,8
213,1997,7,71,21,15,9
213,1997,7,81,15,18,10
213,1997,7,44,20,10,11
213,1997,7,63,25,17,12
213,1997,7,50,25,14,13
213,1997,7,25,22,11,14
213,1997,7,22,24,3,15
213,1997,7,15,18,20,16
213,1997,7,23,17,7,17
213,1997,7,79,18,22,18
213,1997,7,35,3,2,19
213,1997,7,57,1,9,20
213,1997,7,56,6,12,21
213,1997,7,76,24,21,22
214,1997,8,30,6,1,1
214,1997,8,49,3,2,2
214,1997,8,56,6,5,3
214,1997,8,35,3,4,4
214,1997,8,55,22,8,5
214,1997,8,23,17,3,6
214,1997,8,14,1,9,7
214,1997,8,65,15,14,8
214,1997,8,21,17,11,9
214,1997,8,15,20,6,10
214,1997,8,79,18,21,11
214,1997,8,71,21,17,12
214,1997,8,63,25,19,13
214,1997,8,25,22,7,14
214,1997,8,64,21,16,15
214,1997,8,82,15,20,16
214,1997,8,22,24,13,17
214,1997,8,76,24,15,18
214,1997,8,57,1,10,19
214,1997,8,50,25,18,20
214,1997,8,75,20,12,21
214,1997,8,58,18,22,22
215,1997,9,35,3,1,1
215,1997,9,55,22,11,2
215,1997,9,25,22,8,3
215,1997,9,14,1,6,4
215,1997,9,23,17,5,5
215,1997,9,71,21,12,6
215,1997,9,21,17,10,7
215,1997,9,15,20,13,8
215,1997,9,82,15,14,9
215,1997,9,58,18,21,10
215,1997,9,75,20,15,11
215,1997,9,57,1,3,12
215,1997,9,76,24,16,13
215,1997,9,50,25,20,14
215,1997,9,56,6,7,15
215,1997,9,63,25,18,16
215,1997,9,65,15,9,17
215,1997,9,30,6,4,18
215,1997,9,22,24,22,19
215,1997,9,64,21,17,20
215,1997,9,49,3,2,21
215,1997,9,79,18,19,22
216,1997,10,77,22,1,1
216,1997,10,30,6,4,2
216,1997,10,57,1,3,3
216,1997,10,15,20,11,4
216,1997,10,23,17,7,5
216,1997,10,55,22,6,6
216,1997,10,75,20,17,7
216,1997,10,71,21,13,8
216,1997,10,82,15,18,9
216,1997,10,50,25,20,10
216,1997,10,21,17,2,11
216,1997,10,22,24,12,12
216,1997,10,63,25,19,13
216,1997,10,35,3,9,14
216,1997,10,76,24,15,15
216,1997,10,79,18,22,16
216,1997,10,65,15,14,17
216,1997,10,64,21,16,18
216,1997,10,14,1,8,19
216,1997,10,49,3,5,20
216,1997,10,56,6,10,21
216,1997,10,58,18,21,22
217,1997,11,35,3,2,1
217,1997,11,71,21,3,2
217,1997,11,65,15,10,3
217,1997,11,30,6,1,4
217,1997,11,23,17,14,5
217,1997,11,75,20,16,6
217,1997,11,15,20,12,7
217,1997,11,77,22,7,8
217,1997,11,56,6,5,9
217,1997,11,79,18,20,10
217,1997,11,55,22,9,11
217,1997,11,58,18,22,12
217,1997,11,63,25,21,13
217,1997,11,14,1,8,14
217,1997,11,50,25,18,15
217,1997,11,64,21,19,16
217,1997,11,21,17,13,17
217,1997,11,49,3,6,18
217,1997,11,22,24,11,19
217,1997,11,57,1,4,20
217,1997,11,81,15,15,21
217,1997,11,76,24,17,22
218,1997,13,30,6,3,1
218,1997,13,21,17,4,2
218,1997,13,49,3,7,3
218,1997,13,65,15,11,4
218,1997,13,35,3,1,5
218,1997,13,77,22,15,6
218,1997,13,64,21,8,7
218,1997,13,55,22,2,8
218,1997,13,81,15,13,9
218,1997,13,56,6,17,10
218,1997,13,63,25,19,11
218,1997,13,76,24,18,12
218,1997,13,71,21,9,13
218,1997,13,79,18,20,14
218,1997,13,15,20,14,15
218,1997,13,57,1,5,16
218,1997,13,50,25,21,17
218,1997,13,23,17,6,18
218,1997,13,14,1,10,19
218,1997,13,58,18,22,20
218,1997,13,22,24,12,21
218,1997,13,75,20,16,22
219,1997,14,14,1,6,1
219,1997,14,55,22,1,2
219,1997,14,49,3,2,3
219,1997,14,21,17,3,4
219,1997,14,35,3,4,5
219,1997,14,30,6,9,6
219,1997,14,77,22,7,7
219,1997,14,56,6,10,8
219,1997,14,57,1,5,9
219,1997,14,15,20,16,10
219,1997,14,75,20,15,11
219,1997,14,81,15,18,12
219,1997,14,22,24,11,13
219,1997,14,58,18,22,14
219,1997,14,71,21,14,15
219,1997,14,23,17,8,16
219,1997,14,65,15,12,17
219,1997,14,63,25,19,18
219,1997,14,76,24,13,19
219,1997,14,50,25,20,20
219,1997,14,79,18,21,21
219,1997,14,64,21,17,22
220,1997,70,35,3,1,1
220,1997,70,14,1,10,2
220,1997,70,49,3,4,3
220,1997,70,21,17,14,4
220,1997,70,23,17,11,5
220,1997,70,30,6,9,6
220,1997,70,71,21,7,7
220,1997,70,65,15,12,8
220,1997,70,81,15,13,9
220,1997,70,77,22,18,10
220,1997,70,79,18,19,11
220,1997,70,50,25,20,12
220,1997,70,64,21,17,13
220,1997,70,22,24,5,14
220,1997,70,15,20,3,15
220,1997,70,76,24,6,16
220,1997,70,75,20,16,17
220,1997,70,63,25,21,18
220,1997,70,56,6,8,19
220,1997,70,55,22,15,20
220,1997,70,57,1,2,21
220,1997,70,58,18,0,22
221,1997,20,35,3,2,1
221,1997,20,55,22,10,2
221,1997,20,49,3,3,3
221,1997,20,77,22,7,4
221,1997,20,64,21,15,5
221,1997,20,44,20,11,6
221,1997,20,65,15,16,7
221,1997,20,71,21,13,8
221,1997,20,81,15,19,9
221,1997,20,63,25,20,10
221,1997,20,50,25,21,11
221,1997,20,57,1,1,12
221,1997,20,22,24,9,13
221,1997,20,14,1,6,14
221,1997,20,76,24,12,15
221,1997,20,56,6,14,16
221,1997,20,75,20,17,17
221,1997,20,30,6,5,18
221,1997,20,58,18,18,19
221,1997,20,79,18,22,20
221,1997,20,21,17,4,21
221,1997,20,23,17,8,22
222,1997,22,30,6,2,1
222,1997,22,49,3,6,2
222,1997,22,56,6,3,3
222,1997,22,57,1,4,4
222,1997,22,55,22,7,5
222,1997,22,65,15,8,6
222,1997,22,21,17,9,7
222,1997,22,77,22,5,8
222,1997,22,23,17,13,9
222,1997,22,14,1,11,10
222,1997,22,71,21,17,11
222,1997,22,64,21,16,12
222,1997,22,50,25,21,13
222,1997,22,35,3,1,14
222,1997,22,58,18,20,15
222,1997,22,63,25,22,16
222,1997,22,44,20,10,17
222,1997,22,75,20,15,18
222,1997,22,79,18,19,19
222,1997,22,22,24,12,20
222,1997,22,76,24,14,21
222,1997,22,81,15,0,22
223,1997,26,57,1,5,1
223,1997,26,14,1,6,2
223,1997,26,35,3,1,3
223,1997,26,77,22,8,4
223,1997,26,56,6,7,5
223,1997,26,49,3,3,6
223,1997,26,44,20,9,7
223,1997,26,65,15,14,8
223,1997,26,76,24,11,9
223,1997,26,75,20,15,10
223,1997,26,21,17,17,11
223,1997,26,63,25,21,12
223,1997,26,55,22,10,13
223,1997,26,82,15,18,14
223,1997,26,58,18,20,15
223,1997,26,50,25,22,16
223,1997,26,79,18,19,17
223,1997,26,30,6,2,18
223,1997,26,71,21,4,19
223,1997,26,23,17,16,20
223,1997,26,22,24,12,21
223,1997,26,64,21,13,22
224,1996,1,71,3,2,1
224,1996,1,35,3,1,2
224,1996,1,56,6,3,3
224,1996,1,77,22,7,4
224,1996,1,57,1,5,5
224,1996,1,63,25,10,6
224,1996,1,44,27,11,7
224,1996,1,49,15,9,8
224,1996,1,73,29,18,9
224,1996,1,64,27,20,10
224,1996,1,79,25,15,11
224,1996,1,83,18,17,12
224,1996,1,30,6,4,13
224,1996,1,21,18,16,14
224,1996,1,22,17,8,15
224,1996,1,14,1,13,16
224,1996,1,50,29,12,17
224,1996,1,55,22,6,18
224,1996,1,84,17,19,19
224,1996,1,65,15,14,20
224,1996,1,69,28,21,21
224,1996,1,85,28,22,22
225,1996,18,71,3,1,1
225,1996,18,55,22,5,2
225,1996,18,30,6,4,3
225,1996,18,57,1,7,4
225,1996,18,63,25,11,5
225,1996,18,44,27,15,6
225,1996,18,56,6,10,7
225,1996,18,64,27,22,8
225,1996,18,79,25,16,9
225,1996,18,83,18,18,10
225,1996,18,69,28,19,11
225,1996,18,84,17,6,12
225,1996,18,22,17,2,13
225,1996,18,49,15,9,14
225,1996,18,14,1,14,15
225,1996,18,65,15,12,16
225,1996,18,35,3,3,17
225,1996,18,77,22,8,18
225,1996,18,85,28,20,19
225,1996,18,73,29,17,20
225,1996,18,50,29,13,21
225,1996,18,58,18,21,22
226,1996,25,71,3,1,1
226,1996,25,35,3,3,2
226,1996,25,55,22,4,3
226,1996,25,22,17,6,4
226,1996,25,56,6,10,5
226,1996,25,50,29,7,6
226,1996,25,14,1,9,7
226,1996,25,44,27,12,8
226,1996,25,65,15,17,9
226,1996,25,85,28,22,10
226,1996,25,77,22,5,11
226,1996,25,30,6,2,12
226,1996,25,83,18,19,13
226,1996,25,63,25,16,14
226,1996,25,84,17,15,15
226,1996,25,58,18,14,16
226,1996,25,49,15,11,17
226,1996,25,64,27,18,18
226,1996,25,79,25,13,19
226,1996,25,73,29,20,20
226,1996,25,69,28,21,21
226,1996,25,57,1,8,22
227,1996,20,35,3,2,1
227,1996,20,30,6,3,2
227,1996,20,14,1,6,3
227,1996,20,71,3,1,4
227,1996,20,22,17,5,5
227,1996,20,84,17,11,6
227,1996,20,65,15,12,7
227,1996,20,57,1,9,8
227,1996,20,77,22,8,9
227,1996,20,64,27,17,10
227,1996,20,73,29,20,11
227,1996,20,83,18,19,12
227,1996,20,21,18,18,13
227,1996,20,63,25,14,14
227,1996,20,79,25,16,15
227,1996,20,49,15,10,16
227,1996,20,50,29,13,17
227,1996,20,44,27,15,18
227,1996,20,56,6,7,19
227,1996,20,55,22,4,20
227,1996,20,85,28,21,21
227,1996,20,69,28,22,22
228,1996,21,71,3,2,1
228,1996,21,30,6,1,2
228,1996,21,77,22,7,3
228,1996,21,56,6,6,4
228,1996,21,22,17,9,5
228,1996,21,55,22,5,6
228,1996,21,64,27,17,7
228,1996,21,57,1,11,8
228,1996,21,83,18,18,9
228,1996,21,69,28,21,10
228,1996,21,35,3,3,11
228,1996,21,44,27,13,12
228,1996,21,79,25,16,13
228,1996,21,14,1,4,14
228,1996,21,73,29,20,15
228,1996,21,50,29,14,16
228,1996,21,84,17,12,17
228,1996,21,49,15,10,18
228,1996,21,21,18,19,19
228,1996,21,65,15,15,20
228,1996,21,63,25,8,21
228,1996,21,85,28,22,22
229,1996,6,44,27,14,1
229,1996,6,14,1,5,2
229,1996,6,65,15,13,3
229,1996,6,49,15,9,4
229,1996,6,63,25,11,5
229,1996,6,57,1,8,6
229,1996,6,56,6,7,7
229,1996,6,35,3,10,8
229,1996,6,55,22,3,9
229,1996,6,69,28,21,10
229,1996,6,71,3,2,11
229,1996,6,84,17,16,12
229,1996,6,77,22,4,13
229,1996,6,64,27,17,14
229,1996,6,73,29,20,15
229,1996,6,79,25,15,16
229,1996,6,30,6,1,17
229,1996,6,22,17,6,18
229,1996,6,83,18,19,19
229,1996,6,21,18,18,20
229,1996,6,50,29,12,21
229,1996,6,85,28,22,22
230,1996,4,30,6,3,1
230,1996,4,55,22,4,2
230,1996,4,35,3,2,3
230,1996,4,49,15,11,4
230,1996,4,57,1,10,5
230,1996,4,64,27,17,6
230,1996,4,50,29,13,7
230,1996,4,22,17,7,8
230,1996,4,77,22,5,9
230,1996,4,65,15,9,10
230,1996,4,84,17,15,11
230,1996,4,63,25,12,12
230,1996,4,71,3,1,13
230,1996,4,79,25,16,14
230,1996,4,56,6,6,15
230,1996,4,44,27,8,16
230,1996,4,21,18,19,17
230,1996,4,14,1,14,18
230,1996,4,73,29,20,19
230,1996,4,83,18,18,20
230,1996,4,69,28,21,21
230,1996,4,85,28,22,22
231,1996,7,71,3,1,1
231,1996,7,35,3,2,2
231,1996,7,55,22,4,3
231,1996,7,14,1,10,4
231,1996,7,57,1,6,5
231,1996,7,84,17,9,6
231,1996,7,65,15,15,7
231,1996,7,21,18,16,8
231,1996,7,83,18,19,9
231,1996,7,69,28,20,10
231,1996,7,77,22,7,11
231,1996,7,30,6,3,12
231,1996,7,44,27,11,13
231,1996,7,63,25,14,14
231,1996,7,64,27,18,15
231,1996,7,22,17,8,16
231,1996,7,85,28,22,17
231,1996,7,49,15,12,18
231,1996,7,50,29,13,19
231,1996,7,73,29,21,20
231,1996,7,79,25,17,21
231,1996,7,56,6,5,22
232,1996,8,71,3,2,1
232,1996,8,35,3,6,2
232,1996,8,55,22,3,3
232,1996,8,77,22,4,4
232,1996,8,57,1,5,5
232,1996,8,14,1,7,6
232,1996,8,44,27,9,7
232,1996,8,84,17,8,8
232,1996,8,22,17,10,9
232,1996,8,63,25,13,10
232,1996,8,73,29,19,11
232,1996,8,83,18,18,12
232,1996,8,65,15,16,13
232,1996,8,49,15,12,14
232,1996,8,79,25,14,15
232,1996,8,69,28,20,16
232,1996,8,64,27,11,17
232,1996,8,50,29,15,18
232,1996,8,56,6,22,19
232,1996,8,21,18,17,20
232,1996,8,85,28,21,21
232,1996,8,30,6,1,22
233,1996,9,35,3,2,1
233,1996,9,77,22,7,2
233,1996,9,57,1,4,3
233,1996,9,22,17,6,4
233,1996,9,14,1,9,5
233,1996,9,84,17,8,6
233,1996,9,63,25,14,7
233,1996,9,49,15,11,8
233,1996,9,65,15,13,9
233,1996,9,50,29,15,10
233,1996,9,21,18,18,11
233,1996,9,55,22,5,12
233,1996,9,44,27,16,13
233,1996,9,64,27,17,14
233,1996,9,71,3,1,15
233,1996,9,83,18,19,16
233,1996,9,73,29,20,17
233,1996,9,79,25,12,18
233,1996,9,56,6,10,19
233,1996,9,30,6,3,20
233,1996,9,85,28,21,21
233,1996,9,69,28,22,22
234,1996,10,71,3,1,1
234,1996,10,55,22,5,2
234,1996,10,35,3,6,3
234,1996,10,30,6,3,4
234,1996,10,14,1,7,5
234,1996,10,22,17,9,6
234,1996,10,44,27,12,7
234,1996,10,49,15,13,8
234,1996,10,63,25,15,9
234,1996,10,84,17,10,10
234,1996,10,73,29,19,11
234,1996,10,83,18,18,12
234,1996,10,77,22,2,13
234,1996,10,56,6,8,14
234,1996,10,65,15,14,15
234,1996,10,64,27,11,16
234,1996,10,79,25,16,17
234,1996,10,57,1,4,18
234,1996,10,50,29,17,19
234,1996,10,86,18,0,20
235,1996,11,35,3,3,1
235,1996,11,71,3,2,2
235,1996,11,55,22,5,3
235,1996,11,57,1,7,4
235,1996,11,44,27,11,5
235,1996,11,22,17,13,6
235,1996,11,79,25,14,7
235,1996,11,73,29,18,8
235,1996,11,30,6,1,9
235,1996,11,86,18,20,10
235,1996,11,77,22,6,11
235,1996,11,49,15,10,12
235,1996,11,65,15,8,13
235,1996,11,56,6,4,14
235,1996,11,83,18,19,15
235,1996,11,14,1,9,16
235,1996,11,50,29,17,17
235,1996,11,84,17,12,18
235,1996,11,64,27,15,19
235,1996,11,63,25,16,20
236,1996,13,30,6,3,1
236,1996,13,35,3,1,2
236,1996,13,57,1,6,3
236,1996,13,55,22,7,4
236,1996,13,71,3,2,5
236,1996,13,77,22,5,6
236,1996,13,63,25,13,7
236,1996,13,79,25,17,8
236,1996,13,73,29,18,9
236,1996,13,83,18,19,10
236,1996,13,14,1,4,11
236,1996,13,84,17,8,12
236,1996,13,56,6,9,13
236,1996,13,22,17,10,14
236,1996,13,64,27,15,15
236,1996,13,50,29,16,16
236,1996,13,49,15,11,17
236,1996,13,65,15,12,18
236,1996,13,44,27,14,19
236,1996,13,86,18,0,20
237,1996,14,30,6,3,1
237,1996,14,55,22,6,2
237,1996,14,57,1,4,3
237,1996,14,84,17,9,4
237,1996,14,22,17,10,5
237,1996,14,64,27,14,6
237,1996,14,35,3,2,7
237,1996,14,50,29,15,8
237,1996,14,65,15,12,9
237,1996,14,79,25,16,10
237,1996,14,73,29,19,11
237,1996,14,56,6,7,12
237,1996,14,83,18,18,13
237,1996,14,63,25,17,14
237,1996,14,49,15,13,15
237,1996,14,71,3,1,16
237,1996,14,86,18,20,17
237,1996,14,77,22,8,18
237,1996,14,44,27,11,19
237,1996,14,14,1,5,20
238,1996,27,35,3,2,1
238,1996,27,71,3,1,2
238,1996,27,30,6,4,3
238,1996,27,55,22,3,4
238,1996,27,56,6,6,5
238,1996,27,77,22,5,6
238,1996,27,49,15,11,7
238,1996,27,65,15,12,8
238,1996,27,84,17,10,9
238,1996,27,44,27,15,10
238,1996,27,63,25,13,11
238,1996,27,79,25,14,12
238,1996,27,14,1,8,13
238,1996,27,73,29,17,14
238,1996,27,86,18,20,15
238,1996,27,83,18,19,16
238,1996,27,57,1,7,17
238,1996,27,50,29,16,18
238,1996,27,64,27,18,19
238,1996,27,22,17,9,20
239,1996,22,71,3,2,1
239,1996,22,30,6,3,2
239,1996,22,57,1,5,3
239,1996,22,77,22,4,4
239,1996,22,84,17,10,5
239,1996,22,49,15,7,6
239,1996,22,44,27,12,7
239,1996,22,14,1,8,8
239,1996,22,22,17,11,9
239,1996,22,65,15,13,10
239,1996,22,50,29,17,11
239,1996,22,83,18,18,12
239,1996,22,73,29,19,13
239,1996,22,56,6,6,14
239,1996,22,79,25,14,15
239,1996,22,35,3,1,16
239,1996,22,63,25,15,17
239,1996,22,64,27,16,18
239,1996,22,55,22,9,19
239,1996,22,86,18,20,20
240,1995,18,30,22,2,1
240,1995,18,14,3,3,2
240,1995,18,77,6,5,3
240,1995,18,57,1,7,4
240,1995,18,55,6,6,5
240,1995,18,87,1,9,6
240,1995,18,63,25,12,7
240,1995,18,88,27,15,8
240,1995,18,85,30,22,9
240,1995,18,64,28,25,10
240,1995,18,81,29,13,11
240,1995,18,89,29,21,12
240,1995,18,69,18,18,13
240,1995,18,90,28,23,14
240,1995,18,91,15,19,15
240,1995,18,71,3,1,16
240,1995,18,65,22,4,17
240,1995,18,92,30,20,18
240,1995,18,22,17,16,19
240,1995,18,50,31,24,20
240,1995,18,79,25,11,21
240,1995,18,56,17,8,22
240,1995,18,93,31,26,23
240,1995,18,49,15,14,24
240,1995,18,44,27,10,25
240,1995,18,94,18,17,26
241,1995,25,71,3,2,1
241,1995,25,55,6,6,2
241,1995,25,30,22,3,3
241,1995,25,65,22,11,4
241,1995,25,49,15,9,5
241,1995,25,77,6,8,6
241,1995,25,44,27,18,7
241,1995,25,79,25,15,8
241,1995,25,93,31,20,9
241,1995,25,64,28,25,10
241,1995,25,90,28,24,11
241,1995,25,63,25,7,12
241,1995,25,88,27,19,13
241,1995,25,94,18,16,14
241,1995,25,81,29,12,15
241,1995,25,89,29,26,16
241,1995,25,22,17,10,17
241,1995,25,50,31,14,18
241,1995,25,14,3,1,19
241,1995,25,87,1,17,20
241,1995,25,56,17,4,21
241,1995,25,85,30,22,22
241,1995,25,57,1,5,23
241,1995,25,92,30,23,24
241,1995,25,91,15,21,25
241,1995,25,69,18,13,26
242,1995,21,71,3,4,1
242,1995,21,55,6,5,2
242,1995,21,77,6,2,3
242,1995,21,14,3,3,4
242,1995,21,57,1,6,5
242,1995,21,49,15,14,6
242,1995,21,65,22,8,7
242,1995,21,56,17,7,8
242,1995,21,44,27,12,9
242,1995,21,95,1,9,10
242,1995,21,88,27,16,11
242,1995,21,94,18,18,12
242,1995,21,81,29,11,13
242,1995,21,69,18,20,14
242,1995,21,64,28,26,15
242,1995,21,90,28,25,16
242,1995,21,91,15,21,17
242,1995,21,92,30,22,18
242,1995,21,93,31,23,19
242,1995,21,22,17,10,20
242,1995,21,79,25,15,21
242,1995,21,63,25,13,22
242,1995,21,85,30,24,23
242,1995,21,50,31,17,24
242,1995,21,89,29,19,25
242,1995,21,30,22,1,26
243,1995,4,30,22,1,1
243,1995,4,65,22,7,2
243,1995,4,77,6,3,3
243,1995,4,71,3,5,4
243,1995,4,56,17,6,5
243,1995,4,44,27,15,6
243,1995,4,22,17,8,7
243,1995,4,49,15,12,8
243,1995,4,84,27,11,9
243,1995,4,63,25,13,10
243,1995,4,81,29,14,11
243,1995,4,50,31,16,12
243,1995,4,91,15,20,13
243,1995,4,94,18,19,14
243,1995,4,93,31,22,15
243,1995,4,79,25,17,16
243,1995,4,14,3,4,17
243,1995,4,57,1,9,18
243,1995,4,89,29,18,19
243,1995,4,92,30,24,20
243,1995,4,90,28,25,21
243,1995,4,55,6,2,22
243,1995,4,69,18,21,23
243,1995,4,95,1,10,24
243,1995,4,64,28,26,25
243,1995,4,85,30,23,26
244,1995,6,30,22,2,1
244,1995,6,71,3,1,2
244,1995,6,77,6,4,3
244,1995,6,65,22,7,4
244,1995,6,87,1,10,5
244,1995,6,49,15,14,6
244,1995,6,94,18,18,7
244,1995,6,96,15,19,8
244,1995,6,81,29,13,9
244,1995,6,64,28,22,10
244,1995,6,69,18,16,11
244,1995,6,44,27,12,12
244,1995,6,63,25,17,13
244,1995,6,22,17,11,14
244,1995,6,92,30,21,15
244,1995,6,55,6,5,16
244,1995,6,84,27,8,17
244,1995,6,89,29,26,18
244,1995,6,79,25,15,19
244,1995,6,85,30,25,20
244,1995,6,56,17,9,21
244,1995,6,14,3,3,22
244,1995,6,90,28,24,23
244,1995,6,57,1,6,24
244,1995,6,50,31,23,25
244,1995,6,93,31,20,26
245,1995,7,55,6,5,1
245,1995,7,22,17,9,2
245,1995,7,56,17,8,3
245,1995,7,44,27,11,4
245,1995,7,30,22,1,5
245,1995,7,81,29,13,6
245,1995,7,63,25,15,7
245,1995,7,69,18,19,8
245,1995,7,89,29,22,9
245,1995,7,84,27,14,10
245,1995,7,77,6,4,11
245,1995,7,94,18,17,12
245,1995,7,90,28,23,13
245,1995,7,71,3,2,14
245,1995,7,87,1,10,15
245,1995,7,79,25,16,16
245,1995,7,92,30,20,17
245,1995,7,49,15,12,18
245,1995,7,64,28,24,19
245,1995,7,96,15,18,20
245,1995,7,85,30,21,21
245,1995,7,14,3,3,22
245,1995,7,65,22,6,23
245,1995,7,57,1,7,24
246,1995,8,30,22,2,1
246,1995,8,71,3,1,2
246,1995,8,14,3,3,3
246,1995,8,84,27,9,4
246,1995,8,55,6,4,5
246,1995,8,22,17,5,6
246,1995,8,57,1,8,7
246,1995,8,44,27,6,8
246,1995,8,56,17,11,9
246,1995,8,49,15,12,10
246,1995,8,87,1,13,11
246,1995,8,77,6,7,12
246,1995,8,69,18,17,13
246,1995,8,81,29,16,14
246,1995,8,63,25,14,15
246,1995,8,90,28,24,16
246,1995,8,85,30,21,17
246,1995,8,96,15,15,18
246,1995,8,92,30,22,19
246,1995,8,94,18,20,20
246,1995,8,65,22,10,21
246,1995,8,89,29,18,22
246,1995,8,79,25,19,23
246,1995,8,64,28,23,24
247,1995,9,65,22,5,1
247,1995,9,55,6,6,2
247,1995,9,14,3,3,3
247,1995,9,44,27,13,4
247,1995,9,87,1,10,5
247,1995,9,49,15,12,6
247,1995,9,94,18,15,7
247,1995,9,63,25,23,8
247,1995,9,96,15,16,9
247,1995,9,69,18,18,10
247,1995,9,22,17,9,11
247,1995,9,92,30,21,12
247,1995,9,90,28,22,13
247,1995,9,30,22,2,14
247,1995,9,71,3,1,15
247,1995,9,97,29,17,16
247,1995,9,79,25,14,17
247,1995,9,85,30,24,18
247,1995,9,57,1,8,19
247,1995,9,77,6,4,20
247,1995,9,84,27,11,21
247,1995,9,89,29,19,22
247,1995,9,64,28,20,23
247,1995,9,56,17,7,24
248,1995,10,30,22,2,1
248,1995,10,14,3,3,2
248,1995,10,77,6,4,3
248,1995,10,65,22,9,4
248,1995,10,96,15,14,5
248,1995,10,88,27,18,6
248,1995,10,79,25,17,7
248,1995,10,85,30,23,8
248,1995,10,56,17,6,9
248,1995,10,57,1,7,10
248,1995,10,49,15,11,11
248,1995,10,69,18,16,12
248,1995,10,86,30,24,13
248,1995,10,90,28,22,14
248,1995,10,22,17,5,15
248,1995,10,87,1,8,16
248,1995,10,44,27,12,17
248,1995,10,55,6,10,18
248,1995,10,94,18,20,19
248,1995,10,89,29,19,20
248,1995,10,64,28,21,21
248,1995,10,71,3,1,22
248,1995,10,63,25,13,23
248,1995,10,97,29,15,24
249,1995,11,71,3,1,1
249,1995,11,14,3,2,2
249,1995,11,77,6,4,3
249,1995,11,65,22,9,4
249,1995,11,49,15,11,5
249,1995,11,44,27,10,6
249,1995,11,22,17,14,7
249,1995,11,69,18,12,8
249,1995,11,83,18,15,9
249,1995,11,96,15,19,10
249,1995,11,30,22,3,11
249,1995,11,85,30,22,12
249,1995,11,56,17,7,13
249,1995,11,84,27,8,14
249,1995,11,63,25,16,15
249,1995,11,87,1,13,16
249,1995,11,79,25,17,17
249,1995,11,97,29,20,18
249,1995,11,55,6,6,19
249,1995,11,64,28,23,20
249,1995,11,89,29,18,21
249,1995,11,90,28,21,22
249,1995,11,86,30,24,23
249,1995,11,57,1,5,24
250,1995,13,30,22,16,1
250,1995,13,71,3,8,2
250,1995,13,84,27,13,3
250,1995,13,49,15,10,4
250,1995,13,87,1,6,5
250,1995,13,22,17,12,6
250,1995,13,65,22,4,7
250,1995,13,63,25,11,8
250,1995,13,44,27,9,9
250,1995,13,83,18,17,10
250,1995,13,96,15,14,11
250,1995,13,89,29,18,12
250,1995,13,64,28,24,13
250,1995,13,90,28,22,14
250,1995,13,79,25,15,15
250,1995,13,86,30,23,16
250,1995,13,69,18,19,17
250,1995,13,77,6,1,18
250,1995,13,56,17,7,19
250,1995,13,97,29,20,20
250,1995,13,85,30,21,21
250,1995,13,14,3,5,22
250,1995,13,55,6,2,23
250,1995,13,57,1,3,24
251,1995,14,65,22,8,1
251,1995,14,57,1,7,2
251,1995,14,49,15,10,3
251,1995,14,87,1,9,4
251,1995,14,63,25,16,5
251,1995,14,96,15,14,6
251,1995,14,97,29,15,7
251,1995,14,89,29,20,8
251,1995,14,64,28,23,9
251,1995,14,79,25,17,10
251,1995,14,55,6,5,11
251,1995,14,22,17,6,12
251,1995,14,56,17,12,13
251,1995,14,77,6,3,14
251,1995,14,69,18,18,15
251,1995,14,30,22,2,16
251,1995,14,71,3,4,17
251,1995,14,44,27,13,18
251,1995,14,14,3,1,19
251,1995,14,84,27,11,20
251,1995,14,86,30,24,21
251,1995,14,83,18,19,22
251,1995,14,85,30,21,23
251,1995,14,90,28,22,24
252,1995,27,14,3,1,1
252,1995,27,30,22,3,2
252,1995,27,71,3,2,3
252,1995,27,77,6,4,4
252,1995,27,55,6,7,5
252,1995,27,49,15,5,6
252,1995,27,65,22,6,7
252,1995,27,84,27,9,8
252,1995,27,87,1,12,9
252,1995,27,56,17,10,10
252,1995,27,22,17,8,11
252,1995,27,96,15,14,12
252,1995,27,63,25,15,13
252,1995,27,69,18,18,14
252,1995,27,89,29,19,15
252,1995,27,64,28,22,16
252,1995,27,90,28,23,17
252,1995,27,85,30,21,18
252,1995,27,57,1,13,19
252,1995,27,98,30,24,20
252,1995,27,44,27,11,21
252,1995,27,83,18,17,22
252,1995,27,79,25,16,23
252,1995,27,97,29,20,24
253,1995,20,30,22,3,1
253,1995,20,55,6,6,2
253,1995,20,14,3,1,3
253,1995,20,22,17,11,4
253,1995,20,65,22,7,5
253,1995,20,56,17,5,6
253,1995,20,84,27,12,7
253,1995,20,57,1,9,8
253,1995,20,83,18,16,9
253,1995,20,63,25,15,10
253,1995,20,69,18,18,11
253,1995,20,97,29,17,12
253,1995,20,64,28,22,13
253,1995,20,99,25,19,14
253,1995,20,98,30,24,15
253,1995,20,71,3,2,16
253,1995,20,85,30,20,17
253,1995,20,96,15,13,18
253,1995,20,77,6,4,19
253,1995,20,90,28,23,20
253,1995,20,49,15,8,21
253,1995,20,44,27,14,22
253,1995,20,87,1,10,23
253,1995,20,89,29,21,24
254,1995,28,30,22,3,1
254,1995,28,14,3,1,2
254,1995,28,71,3,2,3
254,1995,28,77,6,5,4
254,1995,28,55,6,4,5
254,1995,28,65,22,7,6
254,1995,28,49,15,8,7
254,1995,28,44,27,9,8
254,1995,28,87,1,10,9
254,1995,28,76,1,12,10
254,1995,28,56,17,6,11
254,1995,28,63,25,18,12
254,1995,28,83,18,14,13
254,1995,28,79,25,17,14
254,1995,28,69,18,16,15
254,1995,28,90,28,22,16
254,1995,28,64,28,21,17
254,1995,28,22,17,11,18
254,1995,28,81,29,19,19
254,1995,28,89,29,20,20
254,1995,28,85,30,23,21
254,1995,28,88,27,13,22
254,1995,28,96,15,15,23
254,1995,28,92,30,24,24
255,1995,22,30,22,1,1
255,1995,22,57,1,3,2
255,1995,22,65,22,9,3
255,1995,22,56,17,7,4
255,1995,22,44,27,11,5
255,1995,22,63,25,12,6
255,1995,22,87,1,23,7
255,1995,22,49,15,8,8
255,1995,22,69,18,17,9
255,1995,22,91,15,15,10
255,1995,22,83,18,16,11
255,1995,22,89,29,18,12
255,1995,22,71,3,4,13
255,1995,22,14,3,6,14
255,1995,22,64,28,20,15
255,1995,22,55,6,2,16
255,1995,22,85,30,19,17
255,1995,22,77,6,5,18
255,1995,22,22,17,10,19
255,1995,22,79,25,13,20
255,1995,22,92,30,22,21
255,1995,22,90,28,21,22
255,1995,22,81,29,14,23
255,1995,22,88,27,0,24
256,1995,29,71,3,1,1
256,1995,29,44,27,12,2
256,1995,29,81,29,13,3
256,1995,29,87,1,10,4
256,1995,29,63,25,14,5
256,1995,29,83,18,17,6
256,1995,29,64,28,21,7
256,1995,29,92,30,23,8
256,1995,29,79,25,16,9
256,1995,29,65,22,8,10
256,1995,29,56,17,9,11
256,1995,29,49,15,6,12
256,1995,29,77,6,4,13
256,1995,29,84,27,11,14
256,1995,29,30,22,3,15
256,1995,29,55,6,5,16
256,1995,29,90,28,20,17
256,1995,29,22,17,7,18
256,1995,29,14,3,2,19
256,1995,29,89,29,19,20
256,1995,29,91,15,18,21
256,1995,29,85,30,22,22
256,1995,29,69,18,15,23
256,1995,29,57,1,24,24
257,1994,18,30,22,2,1
257,1994,18,71,3,4,2
257,1994,18,55,6,3,3
257,1994,18,22,17,14,4
257,1994,18,79,25,10,5
257,1994,18,91,15,7,6
257,1994,18,65,32,21,7
257,1994,18,94,18,15,8
257,1994,18,100,33,13,9
257,1994,18,83,32,24,10
257,1994,18,44,27,19,11
257,1994,18,101,31,26,12
257,1994,18,102,3,1,13
257,1994,18,84,1,18,14
257,1994,18,56,17,16,15
257,1994,18,50,22,9,16
257,1994,18,103,27,20,17
257,1994,18,87,25,12,18
257,1994,18,104,29,11,19
257,1994,18,49,15,5,20
257,1994,18,57,1,8,21
257,1994,18,105,18,22,22
257,1994,18,81,29,6,23
257,1994,18,77,6,17,24
257,1994,18,106,33,23,25
257,1994,18,92,30,25,26
257,1994,18,107,31,27,27
257,1994,18,108,30,28,28
258,1994,28,30,22,2,1
258,1994,28,77,6,5,2
258,1994,28,22,17,8,3
258,1994,28,104,29,9,4
258,1994,28,49,15,11,5
258,1994,28,100,33,16,6
258,1994,28,65,32,23,7
258,1994,28,83,32,24,8
258,1994,28,44,27,22,9
258,1994,28,103,27,18,10
258,1994,28,107,31,26,11
258,1994,28,81,29,13,12
258,1994,28,91,15,19,13
258,1994,28,105,18,15,14
258,1994,28,84,1,6,15
258,1994,28,94,18,17,16
258,1994,28,50,22,10,17
258,1994,28,71,3,3,18
258,1994,28,88,17,20,19
258,1994,28,79,25,14,20
258,1994,28,57,1,4,21
258,1994,28,106,33,21,22
258,1994,28,101,31,25,23
258,1994,28,102,3,1,24
258,1994,28,78,6,7,25
258,1994,28,87,25,12,26
258,1994,28,92,30,0,27
258,1994,28,108,30,0,28
259,1994,21,30,22,2,1
259,1994,21,78,6,6,2
259,1994,21,57,1,8,3
259,1994,21,91,15,10,4
259,1994,21,79,25,9,5
259,1994,21,71,3,4,6
259,1994,21,49,15,7,7
259,1994,21,84,1,13,8
259,1994,21,87,25,12,9
259,1994,21,65,32,20,10
259,1994,21,44,27,19,11
259,1994,21,103,27,17,12
259,1994,21,104,29,16,13
259,1994,21,110,17,21,14
259,1994,21,105,18,15,15
259,1994,21,81,29,11,16
259,1994,21,94,18,14,17
259,1994,21,101,31,24,18
259,1994,21,92,30,25,19
259,1994,21,106,33,23,20
259,1994,21,77,6,3,21
259,1994,21,102,3,1,22
259,1994,21,100,33,18,23
259,1994,21,109,22,5,24
259,1994,21,83,32,22,25
259,1994,21,107,31,0,26
259,1994,21,22,17,0,27
259,1994,21,108,30,0,28
260,1994,6,30,22,1,1
260,1994,6,84,1,8,2
260,1994,6,77,6,3,3
260,1994,6,110,17,14,4
260,1994,6,55,6,5,5
260,1994,6,105,18,12,6
260,1994,6,109,22,17,7
260,1994,6,106,33,18,8
260,1994,6,44,27,20,9
260,1994,6,100,33,13,10
260,1994,6,83,32,19,11
260,1994,6,65,32,16,12
260,1994,6,108,30,24,13
260,1994,6,92,30,23,14
260,1994,6,104,29,6,15
260,1994,6,101,31,22,16
260,1994,6,87,25,10,17
260,1994,6,79,25,11,18
260,1994,6,103,27,21,19
260,1994,6,22,17,15,20
260,1994,6,57,1,2,21
260,1994,6,71,3,4,22
260,1994,6,81,29,7,23
260,1994,6,94,18,9,24
260,1994,6,49,15,0,25
260,1994,6,91,15,0,26
261,1994,4,71,3,2,1
261,1994,4,30,22,1,2
261,1994,4,87,25,11,3
261,1994,4,55,6,6,4
261,1994,4,94,18,18,5
261,1994,4,56,17,13,6
261,1994,4,44,27,19,7
261,1994,4,103,27,20,8
261,1994,4,70,32,23,9
261,1994,4,101,31,24,10
261,1994,4,84,1,8,11
261,1994,4,109,22,4,12
261,1994,4,57,1,3,13
261,1994,4,65,32,22,14
261,1994,4,22,17,5,15
261,1994,4,104,29,21,16
261,1994,4,14,3,9,17
261,1994,4,92,30,25,18
261,1994,4,77,6,7,19
261,1994,4,81,29,15,20
261,1994,4,49,15,12,21
261,1994,4,100,33,16,22
261,1994,4,79,25,10,23
261,1994,4,105,18,14,24
261,1994,4,108,30,26,25
261,1994,4,106,33,17,26
261,1994,4,85,31,0,27
262,1994,7,30,22,1,1
262,1994,7,71,3,4,2
262,1994,7,55,6,2,3
262,1994,7,77,6,3,4
262,1994,7,14,3,5,5
262,1994,7,109,22,20,6
262,1994,7,22,17,6,7
262,1994,7,65,32,17,8
262,1994,7,94,18,15,9
262,1994,7,87,25,13,10
262,1994,7,105,18,18,11
262,1994,7,44,27,19,12
262,1994,7,103,27,24,13
262,1994,7,101,31,25,14
262,1994,7,70,32,23,15
262,1994,7,104,29,16,16
262,1994,7,57,1,7,17
262,1994,7,106,33,22,18
262,1994,7,81,29,11,19
262,1994,7,92,30,26,20
262,1994,7,100,33,21,21
262,1994,7,79,25,9,22
262,1994,7,56,17,8,23
262,1994,7,110,15,14,24
262,1994,7,49,15,10,25
262,1994,7,84,1,12,26
262,1994,7,108,30,0,27
263,1994,8,30,22,3,1
263,1994,8,71,3,1,2
263,1994,8,77,6,5,3
263,1994,8,49,15,10,4
263,1994,8,94,18,16,5
263,1994,8,110,15,11,6
263,1994,8,65,32,19,7
263,1994,8,104,29,18,8
263,1994,8,111,31,26,9
263,1994,8,87,25,17,10
263,1994,8,100,33,20,11
263,1994,8,79,25,14,12
263,1994,8,57,1,9,13
263,1994,8,95,3,2,14
263,1994,8,55,6,4,15
263,1994,8,22,17,7,16
263,1994,8,103,27,15,17
263,1994,8,106,33,25,18
263,1994,8,84,1,12,19
263,1994,8,81,29,22,20
263,1994,8,44,27,13,21
263,1994,8,101,31,24,22
263,1994,8,50,22,8,23
263,1994,8,56,17,6,24
263,1994,8,105,18,21,25
263,1994,8,70,32,23,26
263,1994,8,108,30,0,27
263,1994,8,92,30,0,28
264,1994,9,71,3,1,1
264,1994,9,55,6,4,2
264,1994,9,57,1,5,3
264,1994,9,22,17,6,4
264,1994,9,14,3,7,5
264,1994,9,79,25,8,6
264,1994,9,49,15,13,7
264,1994,9,50,22,10,8
264,1994,9,104,29,20,9
264,1994,9,94,18,14,10
264,1994,9,65,32,21,11
264,1994,9,44,27,15,12
264,1994,9,103,27,23,13
264,1994,9,106,33,24,14
264,1994,9,101,31,25,15
264,1994,9,111,31,26,16
264,1994,9,30,22,2,17
264,1994,9,105,18,17,18
264,1994,9,77,6,3,19
264,1994,9,87,25,11,20
264,1994,9,100,33,22,21
264,1994,9,110,15,18,22
264,1994,9,81,29,16,23
264,1994,9,70,32,19,24
264,1994,9,84,1,9,25
264,1994,9,56,17,12,26
264,1994,9,92,30,0,27
264,1994,9,108,30,0,28
265,1994,10,77,6,1,1
265,1994,10,44,27,12,2
265,1994,10,103,27,14,3
265,1994,10,104,29,17,4
265,1994,10,81,29,16,5
265,1994,10,100,33,22,6
265,1994,10,106,33,24,7
265,1994,10,71,3,3,8
265,1994,10,111,31,26,9
265,1994,10,101,31,25,10
265,1994,10,30,22,4,11
265,1994,10,84,1,13,12
265,1994,10,14,3,6,13
265,1994,10,50,22,19,14
265,1994,10,79,25,5,15
265,1994,10,55,6,2,16
265,1994,10,87,25,7,17
265,1994,10,57,1,8,18
265,1994,10,49,15,9,19
265,1994,10,56,17,10,20
265,1994,10,22,17,11,21
265,1994,10,65,32,15,22
265,1994,10,110,15,18,23
265,1994,10,94,18,20,24
265,1994,10,70,32,21,25
265,1994,10,105,18,23,26
265,1994,10,92,30,0,27
265,1994,10,108,30,0,28
266,1994,11,30,22,1,1
266,1994,11,71,3,2,2
266,1994,11,50,22,12,3
266,1994,11,84,1,6,4
266,1994,11,87,25,11,5
266,1994,11,44,27,9,6
266,1994,11,105,18,20,7
266,1994,11,100,33,21,8
266,1994,11,106,33,25,9
266,1994,11,103,27,18,10
266,1994,11,101,31,23,11
266,1994,11,77,6,4,12
266,1994,11,70,32,22,13
266,1994,11,104,29,16,14
266,1994,11,14,3,3,15
266,1994,11,55,6,13,16
266,1994,11,94,18,15,17
266,1994,11,49,15,8,18
266,1994,11,65,32,24,19
266,1994,11,110,15,17,20
266,1994,11,81,29,19,21
266,1994,11,112,1,14,22
266,1994,11,111,31,26,23
266,1994,11,79,25,5,24
266,1994,11,56,17,7,25
266,1994,11,22,17,10,26
266,1994,11,92,30,0,27
266,1994,11,108,30,0,28
267,1994,13,71,3,3,1
267,1994,13,57,1,8,2
267,1994,13,50,22,6,3
267,1994,13,14,3,7,4
267,1994,13,87,25,12,5
267,1994,13,81,29,14,6
267,1994,13,44,27,17,7
267,1994,13,94,18,10,8
267,1994,13,105,18,18,9
267,1994,13,103,27,16,10
267,1994,13,111,31,25,11
267,1994,13,65,32,20,12
267,1994,13,56,17,4,13
267,1994,13,30,22,2,14
267,1994,13,104,29,24,15
267,1994,13,101,31,21,16
267,1994,13,110,15,15,17
267,1994,13,84,1,13,18
267,1994,13,22,17,1,19
267,1994,13,79,25,23,20
267,1994,13,113,32,26,21
267,1994,13,77,6,11,22
267,1994,13,112,33,19,23
267,1994,13,49,15,9,24
267,1994,13,100,33,22,25
267,1994,13,55,6,5,26
267,1994,13,92,30,0,27
267,1994,13,108,30,0,28
268,1994,14,71,3,3,1
268,1994,14,77,6,2,2
268,1994,14,57,1,7,3
268,1994,14,22,17,16,4
268,1994,14,84,1,15,5
268,1994,14,14,3,5,6
268,1994,14,103,27,12,7
268,1994,14,100,33,24,8
268,1994,14,109,22,20,9
268,1994,14,44,27,6,10
268,1994,14,101,31,26,11
268,1994,14,79,25,14,12
268,1994,14,104,29,19,13
268,1994,14,56,17,9,14
268,1994,14,87,25,21,15
268,1994,14,94,18,18,16
268,1994,14,105,18,22,17
268,1994,14,49,15,11,18
268,1994,14,110,15,8,19
268,1994,14,111,31,25,20
268,1994,14,114,33,23,21
268,1994,14,55,6,1,22
268,1994,14,65,32,4,23
268,1994,14,50,22,10,24
268,1994,14,70,32,13,25
268,1994,14,81,29,17,26
268,1994,14,92,30,0,27
268,1994,14,108,30,0,28
269,1994,27,71,3,2,1
269,1994,27,14,3,3,2
269,1994,27,57,1,4,3
269,1994,27,22,17,8,4
269,1994,27,50,22,10,5
269,1994,27,84,1,7,6
269,1994,27,56,17,13,7
269,1994,27,104,29,11,8
269,1994,27,81,29,16,9
269,1994,27,103,27,21,10
269,1994,27,65,32,20,11
269,1994,27,94,18,18,12
269,1994,27,105,18,19,13
269,1994,27,114,33,23,14
269,1994,27,111,31,26,15
269,1994,27,113,32,25,16
269,1994,27,44,27,15,17
269,1994,27,87,25,12,18
269,1994,27,109,22,14,19
269,1994,27,110,15,17,20
269,1994,27,55,6,5,21
269,1994,27,101,31,24,22
269,1994,27,49,15,9,23
269,1994,27,100,33,22,24
269,1994,27,79,25,6,25
269,1994,27,77,6,1,26
269,1994,27,92,30,0,27
269,1994,27,108,30,0,28
270,1994,26,30,22,1,1
270,1994,26,71,3,2,2
270,1994,26,57,1,9,3
270,1994,26,56,17,10,4
270,1994,26,77,6,6,5
270,1994,26,49,15,4,6
270,1994,26,79,25,13,7
270,1994,26,65,27,7,8
270,1994,26,44,27,11,9
270,1994,26,55,6,16,10
270,1994,26,81,29,8,11
270,1994,26,22,17,5,12
270,1994,26,87,25,14,13
270,1994,26,105,18,20,14
270,1994,26,94,18,17,15
270,1994,26,70,32,21,16
270,1994,26,104,29,19,17
270,1994,26,103,32,22,18
270,1994,26,93,31,26,19
270,1994,26,95,3,3,20
270,1994,26,101,31,25,21
270,1994,26,110,15,18,22
270,1994,26,100,33,23,23
270,1994,26,50,22,12,24
270,1994,26,115,33,24,25
270,1994,26,84,1,15,26
270,1994,26,92,30,0,27
270,1994,26,108,30,0,28
271,1994,22,71,3,2,1
271,1994,22,30,22,1,2
271,1994,22,55,6,7,3
271,1994,22,95,3,4,4
271,1994,22,56,17,6,5
271,1994,22,49,15,3,6
271,1994,22,57,1,8,7
271,1994,22,104,29,18,8
271,1994,22,100,33,22,9
271,1994,22,63,32,25,10
271,1994,22,44,27,19,11
271,1994,22,101,31,24,12
271,1994,22,70,32,17,13
271,1994,22,87,25,13,14
271,1994,22,22,17,10,15
271,1994,22,84,1,9,16
271,1994,22,81,29,12,17
271,1994,22,77,6,11,18
271,1994,22,116,27,20,19
271,1994,22,94,18,16,20
271,1994,22,105,18,21,21
271,1994,22,65,22,5,22
271,1994,22,79,25,14,23
271,1994,22,89,31,26,24
271,1994,22,109,15,15,25
271,1994,22,115,33,23,26
271,1994,22,92,30,0,27
271,1994,22,108,30,0,28
272,1994,29,95,3,1,1
272,1994,29,77,6,11,2
272,1994,29,84,1,9,3
272,1994,29,22,17,5,4
272,1994,29,44,27,12,5
272,1994,29,55,6,8,6
272,1994,29,49,15,10,7
272,1994,29,104,29,19,8
272,1994,29,94,18,18,9
272,1994,29,109,15,17,10
272,1994,29,116,27,20,11
272,1994,29,57,1,4,12
272,1994,29,105,18,16,13
272,1994,29,87,25,13,14
272,1994,29,98,33,25,15
272,1994,29,63,32,22,16
272,1994,29,101,31,24,17
272,1994,29,70,32,14,18
272,1994,29,71,3,3,19
272,1994,29,30,22,2,20
272,1994,29,93,31,26,21
272,1994,29,79,25,15,22
272,1994,29,115,33,23,23
272,1994,29,81,29,21,24
272,1994,29,56,17,6,25
272,1994,29,65,22,7,26
272,1994,29,92,30,0,27
272,1994,29,108,30,0,28
273,1993,30,117,3,1,1
273,1993,30,102,1,2,2
273,1993,30,87,27,8,3
273,1993,30,104,18,13,4
273,1993,30,109,15,6,5
273,1993,30,77,6,15,6
273,1993,30,118,29,22,7
273,1993,30,84,27,12,8
273,1993,30,105,26,21,9
273,1993,30,100,33,19,10
273,1993,30,119,22,7,11
273,1993,30,30,22,3,12
273,1993,30,65,32,17,13
273,1993,30,91,15,10,14
273,1993,30,22,17,14,15
273,1993,30,55,6,5,16
273,1993,30,112,33,11,17
273,1993,30,120,18,24,18
273,1993,30,88,29,20,19
273,1993,30,69,26,26,20
273,1993,30,71,3,4,21
273,1993,30,70,32,16,22
273,1993,30,121,1,9,23
273,1993,30,122,17,18,24
273,1993,30,79,25,21,25
273,1993,30,110,25,23,26
274,1993,18,102,1,3,1
274,1993,18,71,3,2,2
274,1993,18,30,22,4,3
274,1993,18,65,32,12,4
274,1993,18,87,27,10,5
274,1993,18,70,32,15,6
274,1993,18,112,33,11,7
274,1993,18,55,6,9,8
274,1993,18,118,29,18,9
274,1993,18,100,33,17,10
274,1993,18,105,26,25,11
274,1993,18,69,26,21,12
274,1993,18,91,15,8,13
274,1993,18,109,15,7,14
274,1993,18,110,25,23,15
274,1993,18,117,3,1,16
274,1993,18,104,18,20,17
274,1993,18,88,29,19,18
274,1993,18,79,25,22,19
274,1993,18,22,17,14,20
274,1993,18,119,22,6,21
274,1993,18,121,1,5,22
274,1993,18,77,6,13,23
274,1993,18,84,27,16,24
274,1993,18,120,18,24,25
274,1993,18,122,17,26,26
275,1993,31,102,1,4,1
275,1993,31,71,3,2,2
275,1993,31,117,3,1,3
275,1993,31,65,32,11,4
275,1993,31,119,22,10,5
275,1993,31,120,18,20,6
275,1993,31,104,18,16,7
275,1993,31,70,32,13,8
275,1993,31,100,33,17,9
275,1993,31,22,17,12,10
275,1993,31,105,26,24,11
275,1993,31,118,29,14,12
275,1993,31,123,17,19,13
275,1993,31,110,25,25,14
275,1993,31,55,6,9,15
275,1993,31,88,29,23,16
275,1993,31,112,33,15,17
275,1993,31,30,22,3,18
275,1993,31,87,27,21,19
275,1993,31,77,6,8,20
275,1993,31,109,15,7,21
275,1993,31,79,25,18,22
275,1993,31,84,27,22,23
275,1993,31,91,15,5,24
275,1993,31,121,1,6,25
275,1993,31,69,26,0,26
276,1993,21,117,3,1,1
276,1993,21,30,22,3,2
276,1993,21,84,27,10,3
276,1993,21,109,15,16,4
276,1993,21,112,33,14,5
276,1993,21,120,18,25,6
276,1993,21,69,26,24,7
276,1993,21,65,32,12,8
276,1993,21,88,29,21,9
276,1993,21,70,32,20,10
276,1993,21,91,15,5,11
276,1993,21,102,1,4,12
276,1993,21,55,6,9,13
276,1993,21,104,18,23,14
276,1993,21,121,1,6,15
276,1993,21,118,29,15,16
276,1993,21,79,25,22,17
276,1993,21,71,3,2,18
276,1993,21,100,33,17,19
276,1993,21,110,25,18,20
276,1993,21,22,17,13,21
276,1993,21,77,6,8,22
276,1993,21,123,17,19,23
276,1993,21,87,27,7,24
276,1993,21,119,22,11,25
276,1993,21,105,26,0,26
277,1993,4,117,3,1,1
277,1993,4,102,1,3,2
277,1993,4,30,22,4,3
277,1993,4,119,22,5,4
277,1993,4,121,1,7,5
277,1993,4,77,6,11,6
277,1993,4,87,27,12,7
277,1993,4,104,18,20,8
277,1993,4,100,33,14,9
277,1993,4,88,29,19,10
277,1993,4,123,17,21,11
277,1993,4,22,17,17,12
277,1993,4,118,29,16,13
277,1993,4,70,32,15,14
277,1993,4,109,15,9,15
277,1993,4,69,26,22,16
277,1993,4,91,15,6,17
277,1993,4,110,25,24,18
277,1993,4,71,3,2,19
277,1993,4,55,6,8,20
277,1993,4,120,18,25,21
277,1993,4,112,33,13,22
277,1993,4,84,27,18,23
277,1993,4,79,25,23,24
277,1993,4,65,32,10,25
277,1993,4,105,26,0,26
278,1993,6,102,1,3,1
278,1993,6,71,3,4,2
278,1993,6,55,6,5,3
278,1993,6,117,3,1,4
278,1993,6,104,18,17,5
278,1993,6,84,27,13,6
278,1993,6,70,32,20,7
278,1993,6,121,1,9,8
278,1993,6,22,17,16,9
278,1993,6,110,25,19,10
278,1993,6,120,18,25,11
278,1993,6,112,33,15,12
278,1993,6,91,15,8,13
278,1993,6,77,6,7,14
278,1993,6,65,32,14,15
278,1993,6,119,22,6,16
278,1993,6,100,33,10,17
278,1993,6,88,29,18,18
278,1993,6,118,29,12,19
278,1993,6,30,22,2,20
278,1993,6,79,25,22,21
278,1993,6,105,26,24,22
278,1993,6,109,15,11,23
278,1993,6,123,17,23,24
278,1993,6,87,27,21,25
278,1993,6,69,26,0,26
279,1993,7,117,3,1,1
279,1993,7,30,22,3,2
279,1993,7,71,3,2,3
279,1993,7,77,6,5,4
279,1993,7,84,27,7,5
279,1993,7,91,15,9,6
279,1993,7,109,15,11,7
279,1993,7,100,33,13,8
279,1993,7,104,18,17,9
279,1993,7,65,32,20,10
279,1993,7,70,32,21,11
279,1993,7,123,17,24,12
279,1993,7,88,29,16,13
279,1993,7,121,1,12,14
279,1993,7,69,26,25,15
279,1993,7,118,29,18,16
279,1993,7,79,25,22,17
279,1993,7,102,1,8,18
279,1993,7,119,22,4,19
279,1993,7,110,25,19,20
279,1993,7,120,18,23,21
279,1993,7,55,6,6,22
279,1993,7,87,27,10,23
279,1993,7,22,17,14,24
279,1993,7,112,33,15,25
279,1993,7,105,26,0,26
280,1993,8,117,3,2,1
280,1993,8,71,3,1,2
280,1993,8,30,22,7,3
280,1993,8,102,1,5,4
280,1993,8,84,27,3,5
280,1993,8,121,1,16,6
280,1993,8,22,17,8,7
280,1993,8,104,18,23,8
280,1993,8,112,33,10,9
280,1993,8,119,22,12,10
280,1993,8,123,17,20,11
280,1993,8,88,29,13,12
280,1993,8,118,29,15,13
280,1993,8,77,6,14,14
280,1993,8,110,25,25,15
280,1993,8,100,33,9,16
280,1993,8,55,6,6,17
280,1993,8,69,26,22,18
280,1993,8,91,15,11,19
280,1993,8,109,15,18,20
280,1993,8,87,27,4,21
280,1993,8,65,32,19,22
280,1993,8,120,18,24,23
280,1993,8,79,25,24,24
280,1993,8,70,32,17,25
280,1993,8,105,26,0,26
281,1993,9,117,3,1,1
281,1993,9,30,22,3,2
281,1993,9,119,22,5,3
281,1993,9,65,32,7,4
281,1993,9,102,1,4,5
281,1993,9,118,29,8,6
281,1993,9,87,27,9,7
281,1993,9,109,15,16,8
281,1993,9,55,6,12,9
281,1993,9,22,17,15,10
281,1993,9,112,33,24,11
281,1993,9,104,18,19,12
281,1993,9,79,25,22,13
281,1993,9,84,27,6,14
281,1993,9,110,25,21,15
281,1993,9,71,3,2,16
281,1993,9,70,32,14,17
281,1993,9,123,17,23,18
281,1993,9,69,26,25,19
281,1993,9,94,18,20,20
281,1993,9,91,15,18,21
281,1993,9,77,6,13,22
281,1993,9,88,29,10,23
281,1993,9,121,1,11,24
281,1993,9,100,33,17,25
281,1993,9,105,26,0,26
282,1993,10,117,3,1,1
282,1993,10,30,22,3,2
282,1993,10,87,27,5,3
282,1993,10,102,1,4,4
282,1993,10,119,22,7,5
282,1993,10,77,6,9,6
282,1993,10,55,6,10,7
282,1993,10,84,27,6,8
282,1993,10,91,15,14,9
282,1993,10,65,32,13,10
282,1993,10,104,18,20,11
282,1993,10,112,33,23,12
282,1993,10,123,17,24,13
282,1993,10,94,18,22,14
282,1993,10,71,3,2,15
282,1993,10,105,26,26,16
282,1993,10,118,29,11,17
282,1993,10,22,17,17,18
282,1993,10,79,25,21,19
282,1993,10,109,15,18,20
282,1993,10,70,32,15,21
282,1993,10,88,29,8,22
282,1993,10,121,1,12,23
282,1993,10,69,26,25,24
282,1993,10,110,25,19,25
282,1993,10,100,33,16,26
283,1993,11,71,3,2,1
283,1993,11,119,22,5,2
283,1993,11,77,6,6,3
283,1993,11,118,29,9,4
283,1993,11,84,27,13,5
283,1993,11,91,15,17,6
283,1993,11,87,27,12,7
283,1993,11,112,33,19,8
283,1993,11,123,17,24,9
283,1993,11,79,25,23,10
283,1993,11,110,25,22,11
283,1993,11,117,3,1,12
283,1993,11,94,18,7,13
283,1993,11,100,33,18,14
283,1993,11,70,32,21,15
283,1993,11,88,29,10,16
283,1993,11,105,26,25,17
283,1993,11,65,32,20,18
283,1993,11,69,26,26,19
283,1993,11,30,22,3,20
283,1993,11,104,18,14,21
283,1993,11,55,6,8,22
283,1993,11,109,15,15,23
283,1993,11,102,1,4,24
283,1993,11,121,1,11,25
283,1993,11,22,17,16,26
284,1993,13,71,3,2,1
284,1993,13,30,22,3,2
284,1993,13,117,3,1,3
284,1993,13,102,1,5,4
284,1993,13,65,32,10,5
284,1993,13,119,22,8,6
284,1993,13,84,27,11,7
284,1993,13,121,1,14,8
284,1993,13,109,15,9,9
284,1993,13,77,6,16,10
284,1993,13,87,27,15,11
284,1993,13,112,33,18,12
284,1993,13,69,26,24,13
284,1993,13,105,26,25,14
284,1993,13,79,25,23,15
284,1993,13,100,33,19,16
284,1993,13,118,29,7,17
284,1993,13,91,15,12,18
284,1993,13,110,25,17,19
284,1993,13,104,18,22,20
284,1993,13,94,18,21,21
284,1993,13,88,29,6,22
284,1993,13,22,17,12,23
284,1993,13,55,6,4,24
284,1993,13,123,17,20,25
284,1993,13,70,32,26,26
285,1993,14,71,3,2,1
285,1993,14,55,6,3,2
285,1993,14,121,1,9,3
285,1993,14,91,15,15,4
285,1993,14,119,22,10,5
285,1993,14,100,33,20,6
285,1993,14,94,18,22,7
285,1993,14,104,18,24,8
285,1993,14,112,33,16,9
285,1993,14,69,26,25,10
285,1993,14,83,32,26,11
285,1993,14,117,3,1,12
285,1993,14,110,25,18,13
285,1993,14,79,25,17,14
285,1993,14,105,26,21,15
285,1993,14,30,22,5,16
285,1993,14,87,27,14,17
285,1993,14,77,6,6,18
285,1993,14,65,32,7,19
285,1993,14,84,27,12,20
285,1993,14,102,1,4,21
285,1993,14,88,29,8,22
285,1993,14,118,29,11,23
285,1993,14,109,15,13,24
285,1993,14,22,17,19,25
285,1993,14,124,17,23,26
286,1993,27,30,22,6,1
286,1993,27,117,3,2,2
286,1993,27,71,3,1,3
286,1993,27,55,6,5,4
286,1993,27,91,15,13,5
286,1993,27,84,27,11,6
286,1993,27,109,15,12,7
286,1993,27,94,18,19,8
286,1993,27,104,18,24,9
286,1993,27,112,33,20,10
286,1993,27,100,33,22,11
286,1993,27,110,25,17,12
286,1993,27,22,17,15,13
286,1993,27,69,26,26,14
286,1993,27,118,29,9,15
286,1993,27,119,22,7,16
286,1993,27,83,32,18,17
286,1993,27,65,32,14,18
286,1993,27,87,27,10,19
286,1993,27,105,26,25,20
286,1993,27,77,6,8,21
286,1993,27,57,1,3,22
286,1993,27,88,29,16,23
286,1993,27,102,1,4,24
286,1993,27,79,25,21,25
286,1993,27,125,17,23,26
287,1993,22,102,1,2,1
287,1993,22,117,3,1,2
287,1993,22,57,1,3,3
287,1993,22,71,3,6,4
287,1993,22,22,17,12,5
287,1993,22,56,17,8,6
287,1993,22,87,27,17,7
287,1993,22,109,15,11,8
287,1993,22,84,27,15,9
287,1993,22,94,18,22,10
287,1993,22,65,32,19,11
287,1993,22,126,33,23,12
287,1993,22,83,32,20,13
287,1993,22,118,29,7,14
287,1993,22,119,22,10,15
287,1993,22,77,6,5,16
287,1993,22,88,29,9,17
287,1993,22,111,18,13,18
287,1993,22,79,25,24,19
287,1993,22,91,15,16,20
287,1993,22,100,33,21,21
287,1993,22,30,22,4,22
287,1993,22,55,6,14,23
287,1993,22,110,25,18,24
288,1993,29,102,1,1,1
288,1993,29,117,3,2,2
288,1993,29,71,3,3,3
288,1993,29,55,6,7,4
288,1993,29,77,6,6,5
288,1993,29,84,27,8,6
288,1993,29,88,29,10,7
288,1993,29,119,22,9,8
288,1993,29,87,27,14,9
288,1993,29,118,29,17,10
288,1993,29,22,17,13,11
288,1993,29,100,33,21,12
288,1993,29,110,25,15,13
288,1993,29,126,33,24,14
288,1993,29,91,15,11,15
288,1993,29,109,15,12,16
288,1993,29,111,18,22,17
288,1993,29,57,1,5,18
288,1993,29,30,22,4,19
288,1993,29,79,25,18,20
288,1993,29,56,17,19,21
288,1993,29,65,32,20,22
288,1993,29,94,18,16,23
288,1993,29,83,32,23,24
289,1992,30,95,3,1,1
289,1992,30,119,3,4,2
289,1992,30,102,1,2,3
289,1992,30,30,22,6,4
289,1992,30,77,1,3,5
289,1992,30,65,32,11,6
289,1992,30,100,27,13,7
289,1992,30,88,29,16,8
289,1992,30,57,32,21,9
289,1992,30,105,29,17,10
289,1992,30,127,17,23,11
289,1992,30,79,33,18,12
289,1992,30,128,34,26,13
289,1992,30,129,25,12,14
289,1992,30,123,27,14,15
289,1992,30,94,35,25,16
289,1992,30,81,18,19,17
289,1992,30,109,35,24,18
289,1992,30,104,18,20,19
289,1992,30,110,25,10,20
289,1992,30,55,6,5,21
289,1992,30,122,6,9,22
289,1992,30,99,36,15,23
289,1992,30,91,37,7,24
289,1992,30,92,33,22,25
289,1992,30,84,22,8,26
289,1992,30,108,37,0,27
289,1992,30,130,36,0,28
289,1992,30,131,17,0,29
289,1992,30,132,34,0,30
290,1992,32,95,3,1,1
290,1992,32,119,3,2,2
290,1992,32,30,22,3,3
290,1992,32,77,1,5,4
290,1992,32,110,25,11,5
290,1992,32,57,32,18,6
290,1992,32,65,32,12,7
290,1992,32,109,35,7,8
290,1992,32,100,27,26,9
290,1992,32,123,27,22,10
290,1992,32,92,33,13,11
290,1992,32,79,33,24,12
290,1992,32,105,29,25,13
290,1992,32,84,22,4,14
290,1992,32,99,36,14,15
290,1992,32,130,36,23,16
290,1992,32,94,35,9,17
290,1992,32,55,6,10,18
290,1992,32,81,18,21,19
290,1992,32,131,17,15,20
290,1992,32,129,25,16,21
290,1992,32,102,1,6,22
290,1992,32,104,18,17,23
290,1992,32,127,17,8,24
290,1992,32,91,37,19,25
290,1992,32,122,6,20,26
290,1992,32,88,29,0,27
290,1992,32,108,37,0,28
290,1992,32,128,34,0,29
290,1992,32,132,34,0,30
291,1992,18,95,3,1,1
291,1992,18,119,3,2,2
291,1992,18,30,22,5,3
291,1992,18,55,6,6,4
291,1992,18,122,6,11,5
291,1992,18,105,29,14,6
291,1992,18,81,18,23,7
291,1992,18,109,35,16,8
291,1992,18,79,33,25,9
291,1992,18,57,32,24,10
291,1992,18,99,36,19,11
291,1992,18,91,37,9,12
291,1992,18,104,18,20,13
291,1992,18,129,25,17,14
291,1992,18,100,27,15,15
291,1992,18,65,32,26,16
291,1992,18,123,27,10,17
291,1992,18,127,17,21,18
291,1992,18,84,22,7,19
291,1992,18,94,35,8,20
291,1992,18,92,33,18,21
291,1992,18,110,25,13,22
291,1992,18,102,1,3,23
291,1992,18,77,1,4,24
291,1992,18,88,29,22,25
291,1992,18,131,17,12,26
291,1992,18,130,36,0,27
291,1992,18,108,37,0,28
291,1992,18,128,34,0,29
291,1992,18,132,34,0,30
292,1992,4,95,3,1,1
292,1992,4,30,22,2,2
292,1992,4,55,6,8,3
292,1992,4,77,1,7,4
292,1992,4,105,29,16,5
292,1992,4,94,35,13,6
292,1992,4,88,29,19,7
292,1992,4,91,37,9,8
292,1992,4,102,1,3,9
292,1992,4,122,6,5,10
292,1992,4,104,18,22,11
292,1992,4,108,37,23,12
292,1992,4,109,35,12,13
292,1992,4,99,36,18,14
292,1992,4,57,32,21,15
292,1992,4,100,27,10,16
292,1992,4,92,33,24,17
292,1992,4,129,25,15,18
292,1992,4,81,18,25,19
292,1992,4,127,17,17,20
292,1992,4,130,36,20,21
292,1992,4,119,3,4,22
292,1992,4,65,32,26,23
292,1992,4,123,27,14,24
292,1992,4,84,22,6,25
292,1992,4,110,25,11,26
292,1992,4,79,33,0,27
292,1992,4,128,34,0,28
292,1992,4,131,17,0,29
292,1992,4,71,34,0,30
292,1992,4,90,38,0,31
292,1992,4,135,38,0,32
293,1992,21,95,3,1,1
293,1992,21,119,3,2,2
293,1992,21,102,1,3,3
293,1992,21,84,22,6,4
293,1992,21,105,29,9,5
293,1992,21,94,35,15,6
293,1992,21,127,17,16,7
293,1992,21,129,25,20,8
293,1992,21,100,27,13,9
293,1992,21,88,29,11,10
293,1992,21,109,35,16,11
293,1992,21,91,37,12,12
293,1992,21,108,37,24,13
293,1992,21,110,25,14,14
293,1992,21,79,33,17,15
293,1992,21,55,6,7,16
293,1992,21,77,1,4,17
293,1992,21,92,33,19,18
293,1992,21,123,27,10,19
293,1992,21,131,17,23,20
293,1992,21,81,18,21,21
293,1992,21,99,36,22,22
293,1992,21,30,22,5,23
293,1992,21,122,6,8,24
293,1992,21,104,18,25,25
293,1992,21,65,32,26,26
293,1992,21,57,32,0,27
293,1992,21,130,36,0,28
293,1992,21,71,34,0,29
293,1992,21,128,34,0,30
293,1992,21,90,38,0,31
293,1992,21,135,38,0,32
294,1992,6,102,1,3,1
294,1992,6,95,3,1,2
294,1992,6,119,3,2,3
294,1992,6,30,22,6,4
294,1992,6,84,22,7,5
294,1992,6,92,33,15,6
294,1992,6,105,29,11,7
294,1992,6,104,18,17,8
294,1992,6,109,35,20,9
294,1992,6,100,27,23,10
294,1992,6,88,29,19,11
294,1992,6,123,27,22,12
294,1992,6,122,6,8,13
294,1992,6,77,1,5,14
294,1992,6,57,32,14,15
294,1992,6,55,6,4,16
294,1992,6,127,17,13,17
294,1992,6,65,32,9,18
294,1992,6,90,38,26,19
294,1992,6,110,25,10,20
294,1992,6,99,36,25,21
294,1992,6,131,17,21,22
294,1992,6,129,25,24,23
294,1992,6,91,37,16,24
294,1992,6,81,18,12,25
294,1992,6,94,35,18,26
294,1992,6,128,34,0,27
294,1992,6,71,34,0,28
294,1992,6,130,36,0,29
294,1992,6,108,37,0,30
294,1992,6,79,33,0,31
294,1992,6,135,38,0,32
295,1992,7,77,1,4,1
295,1992,7,30,22,5,2
295,1992,7,55,6,8,3
295,1992,7,91,37,12,4
295,1992,7,110,25,14,5
295,1992,7,100,27,22,6
295,1992,7,105,29,16,7
295,1992,7,94,35,15,8
295,1992,7,109,35,23,9
295,1992,7,123,27,21,10
295,1992,7,81,18,13,11
295,1992,7,129,25,26,12
295,1992,7,104,18,25,13
295,1992,7,108,37,20,14
295,1992,7,79,33,11,15
295,1992,7,84,22,7,16
295,1992,7,119,3,2,17
295,1992,7,102,1,1,18
295,1992,7,131,17,17,19
295,1992,7,57,32,10,20
295,1992,7,65,32,6,21
295,1992,7,122,6,9,22
295,1992,7,95,3,3,23
295,1992,7,127,17,24,24
295,1992,7,92,33,19,25
295,1992,7,99,36,18,26
295,1992,7,88,29,0,27
295,1992,7,128,34,0,28
295,1992,7,130,36,0,29
295,1992,7,71,34,0,30
295,1992,7,90,38,0,31
296,1992,8,95,3,1,1
296,1992,8,119,3,2,2
296,1992,8,84,22,7,3
296,1992,8,57,32,11,4
296,1992,8,100,27,10,5
296,1992,8,65,32,12,6
296,1992,8,105,29,14,7
296,1992,8,81,18,16,8
296,1992,8,109,35,17,9
296,1992,8,94,35,25,10
296,1992,8,129,25,22,11
296,1992,8,55,6,6,12
296,1992,8,110,25,19,13
296,1992,8,79,33,18,14
296,1992,8,123,27,9,15
296,1992,8,122,6,8,16
296,1992,8,91,37,21,17
296,1992,8,131,17,20,18
296,1992,8,88,29,15,19
296,1992,8,30,22,5,20
296,1992,8,77,1,4,21
296,1992,8,99,36,23,22
296,1992,8,102,1,3,23
296,1992,8,92,33,13,24
296,1992,8,127,17,24,25
296,1992,8,130,36,26,26
296,1992,8,108,37,0,27
296,1992,8,104,18,0,28
296,1992,8,128,34,0,29
296,1992,8,71,34,0,30
297,1992,9,95,3,1,1
297,1992,9,119,3,2,2
297,1992,9,84,22,6,3
297,1992,9,30,22,4,4
297,1992,9,77,1,5,5
297,1992,9,57,32,9,6
297,1992,9,105,29,12,7
297,1992,9,100,27,10,8
297,1992,9,122,6,14,9
297,1992,9,123,27,13,10
297,1992,9,129,25,20,11
297,1992,9,88,29,17,12
297,1992,9,109,35,19,13
297,1992,9,99,36,15,14
297,1992,9,94,35,22,15
297,1992,9,71,34,26,16
297,1992,9,81,18,25,17
297,1992,9,102,1,3,18
297,1992,9,110,25,18,19
297,1992,9,55,6,8,20
297,1992,9,131,17,23,21
297,1992,9,127,17,24,22
297,1992,9,92,33,11,23
297,1992,9,65,32,7,24
297,1992,9,91,37,21,25
297,1992,9,79,33,16,26
297,1992,9,70,18,0,27
297,1992,9,108,37,0,28
297,1992,9,130,36,0,29
297,1992,9,128,34,0,30
297,1992,9,90,38,0,31
297,1992,9,135,38,0,32
298,1992,10,95,3,1,1
298,1992,10,102,1,3,2
298,1992,10,30,22,6,3
298,1992,10,84,22,9,4
298,1992,10,55,6,5,5
298,1992,10,100,27,7,6
298,1992,10,123,27,8,7
298,1992,10,119,3,2,8
298,1992,10,105,29,17,9
298,1992,10,109,35,21,10
298,1992,10,94,35,18,11
298,1992,10,81,18,26,12
298,1992,10,108,37,22,13
298,1992,10,92,33,25,14
298,1992,10,127,17,23,15
298,1992,10,91,37,10,16
298,1992,10,99,36,19,17
298,1992,10,110,25,20,18
298,1992,10,65,32,11,19
298,1992,10,122,6,12,20
298,1992,10,57,32,13,21
298,1992,10,77,1,4,22
298,1992,10,129,25,14,23
298,1992,10,79,33,16,24
298,1992,10,88,29,15,25
298,1992,10,70,18,24,26
298,1992,10,131,17,0,27
298,1992,10,128,34,0,28
298,1992,10,130,36,0,29
298,1992,10,71,34,0,30
298,1992,10,90,38,0,31
298,1992,10,135,38,0,32
299,1992,11,102,1,3,1
299,1992,11,95,3,2,2
299,1992,11,77,1,5,3
299,1992,11,57,32,16,4
299,1992,11,84,22,6,5
299,1992,11,122,6,10,6
299,1992,11,105,29,7,7
299,1992,11,110,25,19,8
299,1992,11,108,37,17,9
299,1992,11,127,17,21,10
299,1992,11,71,34,25,11
299,1992,11,30,22,4,12
299,1992,11,119,3,1,13
299,1992,11,94,35,26,14
299,1992,11,79,33,20,15
299,1992,11,55,6,9,16
299,1992,11,92,33,15,17
299,1992,11,88,29,14,18
299,1992,11,129,25,22,19
299,1992,11,91,37,23,20
299,1992,11,131,17,24,21
299,1992,11,128,36,18,22
299,1992,11,123,27,8,23
299,1992,11,100,27,11,24
299,1992,11,99,36,12,25
299,1992,11,65,32,13,26
299,1992,11,81,18,0,27
299,1992,11,109,35,0,28
299,1992,11,70,18,0,29
299,1992,11,90,38,0,30
299,1992,11,135,38,0,31
300,1992,13,30,22,3,1
300,1992,13,95,3,1,2
300,1992,13,119,3,4,3
300,1992,13,84,22,9,4
300,1992,13,102,1,2,5
300,1992,13,57,32,8,6
300,1992,13,109,35,16,7
300,1992,13,110,25,13,8
300,1992,13,88,29,25,9
300,1992,13,128,36,15,10
300,1992,13,91,37,18,11
300,1992,13,125,37,21,12
300,1992,13,65,32,10,13
300,1992,13,127,17,24,14
300,1992,13,131,17,17,15
300,1992,13,81,18,23,16
300,1992,13,79,33,26,17
300,1992,13,92,33,20,18
300,1992,13,123,27,7,19
300,1992,13,122,6,12,20
300,1992,13,99,36,11,21
300,1992,13,105,29,14,22
300,1992,13,55,6,5,23
300,1992,13,129,25,22,24
300,1992,13,77,1,6,25
300,1992,13,94,35,19,26
300,1992,13,104,18,0,27
300,1992,13,90,38,0,28
300,1992,13,135,38,0,29
300,1992,13,100,27,0,30
301,1992,14,102,1,2,1
301,1992,14,84,22,9,2
301,1992,14,30,22,6,3
301,1992,14,77,1,5,4
301,1992,14,119,3,4,5
301,1992,14,110,25,21,6
301,1992,14,105,29,16,7
301,1992,14,94,35,22,8
301,1992,14,79,33,23,9
301,1992,14,91,37,17,10
301,1992,14,109,35,14,11
301,1992,14,127,17,26,12
301,1992,14,95,3,1,13
301,1992,14,123,27,8,14
301,1992,14,100,27,15,15
301,1992,14,99,36,20,16
301,1992,14,129,25,18,17
301,1992,14,65,32,13,18
301,1992,14,125,37,24,19
301,1992,14,55,6,3,20
301,1992,14,122,6,7,21
301,1992,14,81,18,12,22
301,1992,14,92,33,10,23
301,1992,14,57,32,11,24
301,1992,14,88,29,19,25
301,1992,14,128,36,25,26
301,1992,14,104,18,0,27
301,1992,14,131,17,0,28
302,1992,27,95,3,1,1
302,1992,27,77,1,4,2
302,1992,27,102,1,3,3
302,1992,27,84,22,6,4
302,1992,27,57,32,7,5
302,1992,27,105,29,8,6
302,1992,27,30,22,5,7
302,1992,27,123,27,11,8
302,1992,27,110,25,12,9
302,1992,27,88,29,17,10
302,1992,27,125,37,23,11
302,1992,27,104,18,26,12
302,1992,27,131,17,24,13
302,1992,27,81,18,18,14
302,1992,27,109,35,19,15
302,1992,27,91,37,22,16
302,1992,27,100,27,14,17
302,1992,27,79,33,25,18
302,1992,27,119,3,2,19
302,1992,27,94,35,21,20
302,1992,27,122,6,16,21
302,1992,27,129,25,15,22
302,1992,27,92,33,13,23
302,1992,27,127,17,20,24
302,1992,27,55,6,10,25
302,1992,27,65,32,9,26
303,1992,22,119,3,2,1
303,1992,22,77,1,4,2
303,1992,22,84,22,13,3
303,1992,22,110,25,9,4
303,1992,22,55,6,15,5
303,1992,22,104,18,12,6
303,1992,22,131,17,17,7
303,1992,22,88,29,16,8
303,1992,22,109,35,22,9
303,1992,22,94,35,19,10
303,1992,22,79,33,20,11
303,1992,22,78,6,11,12
303,1992,22,125,37,26,13
303,1992,22,81,18,14,14
303,1992,22,105,29,24,15
303,1992,22,95,3,1,16
303,1992,22,57,32,7,17
303,1992,22,92,33,18,18
303,1992,22,100,27,8,19
303,1992,22,136,37,23,20
303,1992,22,127,17,25,21
303,1992,22,65,32,6,22
303,1992,22,30,22,5,23
303,1992,22,129,25,21,24
303,1992,22,123,27,10,25
303,1992,22,102,1,3,26
304,1992,29,77,1,4,1
304,1992,29,30,22,5,2
304,1992,29,84,22,8,3
304,1992,29,55,6,6,4
304,1992,29,123,27,22,5
304,1992,29,131,17,15,6
304,1992,29,57,32,10,7
304,1992,29,88,29,18,8
304,1992,29,104,18,17,9
304,1992,29,81,18,16,10
304,1992,29,78,6,19,11
304,1992,29,136,37,25,12
304,1992,29,65,32,12,13
304,1992,29,109,35,24,14
304,1992,29,125,37,23,15
304,1992,29,92,33,21,16
304,1992,29,119,3,3,17
304,1992,29,79,33,26,18
304,1992,29,110,25,7,19
304,1992,29,95,3,1,20
304,1992,29,102,1,2,21
304,1992,29,127,17,20,22
304,1992,29,100,27,9,23
304,1992,29,105,29,11,24
304,1992,29,94,35,14,25
304,1992,29,129,25,13,26
305,1991,33,102,1,1,1
305,1991,33,117,6,2,2
305,1991,33,137,22,5,3
305,1991,33,131,25,11,4
305,1991,33,138,25,16,5
305,1991,33,88,33,21,6
305,1991,33,78,40,17,7
305,1991,33,99,39,22,8
305,1991,33,94,18,15,9
305,1991,33,92,17,14,10
305,1991,33,84,34,12,11
305,1991,33,55,6,6,12
305,1991,33,57,32,13,13
305,1991,33,119,3,3,14
305,1991,33,90,22,8,15
305,1991,33,105,29,25,16
305,1991,33,122,41,18,17
305,1991,33,123,27,20,18
305,1991,33,77,1,7,19
305,1991,33,95,3,4,20
305,1991,33,127,41,23,21
305,1991,33,87,34,24,22
305,1991,33,139,35,9,23
305,1991,33,81,18,26,24
305,1991,33,109,35,10,25
305,1991,33,103,33,19,26
305,1991,33,133,29,0,27
305,1991,33,140,39,0,28
305,1991,33,100,27,0,29
305,1991,33,141,32,0,30
305,1991,33,110,17,0,31
305,1991,33,142,42,0,32
305,1991,33,129,36,0,33
305,1991,33,128,40,0,34
306,1991,18,102,1,1,1
306,1991,18,119,3,2,2
306,1991,18,77,1,4,3
306,1991,18,117,6,6,4
306,1991,18,137,22,7,5
306,1991,18,55,6,5,6
306,1991,18,90,22,14,7
306,1991,18,81,18,21,8
306,1991,18,57,32,22,9
306,1991,18,123,27,18,10
306,1991,18,139,35,12,11
306,1991,18,84,34,26,12
306,1991,18,92,17,10,13
306,1991,18,95,3,3,14
306,1991,18,100,27,23,15
306,1991,18,94,18,20,16
306,1991,18,87,34,25,17
306,1991,18,103,33,11,18
306,1991,18,109,35,19,19
306,1991,18,110,17,13,20
306,1991,18,131,25,9,21
306,1991,18,122,41,15,22
306,1991,18,138,25,16,23
306,1991,18,127,41,8,24
306,1991,18,99,39,24,25
306,1991,18,88,33,17,26
306,1991,18,133,29,0,27
306,1991,18,140,39,0,28
306,1991,18,105,29,0,29
306,1991,18,141,32,0,30
306,1991,18,129,36,0,31
306,1991,18,128,40,0,32
306,1991,18,78,40,0,33
306,1991,18,142,42,0,34
307,1991,21,102,1,1,1
307,1991,21,77,1,5,2
307,1991,21,109,35,16,3
307,1991,21,94,18,9,4
307,1991,21,57,32,25,5
307,1991,21,141,32,26,6
307,1991,21,123,27,24,7
307,1991,21,87,34,23,8
307,1991,21,128,40,21,9
307,1991,21,100,27,19,10
307,1991,21,84,34,18,11
307,1991,21,127,41,15,12
307,1991,21,90,22,13,13
307,1991,21,131,25,6,14
307,1991,21,110,17,11,15
307,1991,21,92,17,13,16
307,1991,21,122,41,22,17
307,1991,21,103,26,17,18
307,1991,21,119,3,2,19
307,1991,21,138,25,10,20
307,1991,21,81,18,8,21
307,1991,21,55,6,7,22
307,1991,21,88,26,20,23
307,1991,21,137,22,14,24
307,1991,21,95,3,4,25
307,1991,21,117,6,3,26
307,1991,21,99,39,0,27
307,1991,21,120,39,0,28
307,1991,21,133,29,0,29
307,1991,21,105,29,0,30
307,1991,21,139,35,0,31
307,1991,21,129,36,0,32
307,1991,21,78,40,0,33
307,1991,21,142,42,0,34
308,1991,6,102,1,1,1
308,1991,6,95,3,5,2
308,1991,6,55,6,9,3
308,1991,6,90,22,8,4
308,1991,6,117,6,7,5
308,1991,6,139,35,12,6
308,1991,6,123,27,16,7
308,1991,6,92,17,23,8
308,1991,6,103,26,13,9
308,1991,6,100,27,26,10
308,1991,6,109,35,21,11
308,1991,6,94,18,14,12
308,1991,6,57,32,25,13
308,1991,6,81,18,17,14
308,1991,6,127,41,15,15
308,1991,6,131,25,2,16
308,1991,6,119,3,3,17
308,1991,6,87,34,19,18
308,1991,6,105,29,22,19
308,1991,6,138,25,11,20
308,1991,6,88,26,20,21
308,1991,6,110,17,10,22
308,1991,6,122,41,18,23
308,1991,6,99,39,24,24
308,1991,6,77,1,6,25
308,1991,6,137,22,4,26
308,1991,6,141,32,0,27
308,1991,6,120,39,0,28
308,1991,6,133,29,0,29
308,1991,6,84,34,0,30
308,1991,6,78,40,0,31
308,1991,6,128,40,0,32
308,1991,6,142,42,0,33
308,1991,6,129,36,0,34
309,1991,7,137,22,8,1
309,1991,7,131,25,9,2
309,1991,7,119,3,1,3
309,1991,7,110,17,11,4
309,1991,7,92,17,14,5
309,1991,7,95,3,2,6
309,1991,7,94,18,18,7
309,1991,7,100,27,26,8
309,1991,7,139,35,10,9
309,1991,7,138,25,12,10
309,1991,7,127,41,23,11
309,1991,7,109,35,17,12
309,1991,7,140,29,25,13
309,1991,7,122,41,13,14
309,1991,7,55,6,7,15
309,1991,7,103,26,19,16
309,1991,7,117,6,4,17
309,1991,7,123,27,16,18
309,1991,7,102,1,3,19
309,1991,7,57,32,24,20
309,1991,7,84,34,20,21
309,1991,7,81,18,15,22
309,1991,7,90,22,5,23
309,1991,7,77,1,6,24
309,1991,7,88,26,22,25
309,1991,7,105,29,21,26
309,1991,7,120,39,0,27
309,1991,7,99,39,0,28
309,1991,7,87,34,0,29
309,1991,7,65,32,0,30
309,1991,7,129,36,0,31
309,1991,7,78,40,0,32
309,1991,7,128,40,0,33
309,1991,7,142,42,0,34
310,1991,32,119,3,1,1
310,1991,32,95,3,2,2
310,1991,32,102,1,3,3
310,1991,32,110,17,11,4
310,1991,32,90,22,9,5
310,1991,32,103,26,23,6
310,1991,32,81,18,14,7
310,1991,32,123,27,10,8
310,1991,32,57,32,24,9
310,1991,32,65,32,25,10
310,1991,32,131,25,8,11
310,1991,32,138,25,13,12
310,1991,32,87,34,12,13
310,1991,32,92,17,20,14
310,1991,32,88,26,19,15
310,1991,32,137,22,6,16
310,1991,32,55,6,4,17
310,1991,32,109,35,16,18
310,1991,32,105,29,26,19
310,1991,32,84,34,17,20
310,1991,32,122,41,22,21
310,1991,32,117,6,7,22
310,1991,32,127,41,18,23
310,1991,32,129,36,21,24
310,1991,32,77,1,5,25
310,1991,32,94,18,15,26
310,1991,32,100,27,0,27
310,1991,32,99,39,0,28
310,1991,32,140,29,0,29
310,1991,32,120,39,0,30
310,1991,32,78,40,0,31
310,1991,32,128,40,0,32
310,1991,32,142,42,0,33
310,1991,32,139,35,0,34
311,1991,8,95,3,4,1
311,1991,8,117,6,2,2
311,1991,8,102,1,3,3
311,1991,8,55,6,6,4
311,1991,8,119,3,1,5
311,1991,8,110,17,13,6
311,1991,8,127,41,9,7
311,1991,8,137,22,7,8
311,1991,8,94,18,12,9
311,1991,8,65,32,20,10
311,1991,8,100,27,14,11
311,1991,8,123,27,16,12
311,1991,8,90,22,8,13
311,1991,8,131,25,11,14
311,1991,8,129,36,21,15
311,1991,8,103,26,23,16
311,1991,8,109,35,26,17
311,1991,8,87,34,17,18
311,1991,8,88,26,22,19
311,1991,8,105,29,25,20
311,1991,8,84,34,24,21
311,1991,8,138,25,18,22
311,1991,8,81,18,10,23
311,1991,8,122,41,15,24
311,1991,8,77,1,5,25
311,1991,8,92,17,19,26
311,1991,8,57,32,0,27
311,1991,8,120,39,0,28
311,1991,8,99,39,0,29
311,1991,8,140,29,0,30
311,1991,8,139,35,0,31
311,1991,8,78,40,0,32
311,1991,8,128,40,0,33
311,1991,8,142,42,0,34
312,1991,9,95,3,1,1
312,1991,9,77,1,4,2
312,1991,9,117,6,5,3
312,1991,9,102,1,2,4
312,1991,9,137,22,8,5
312,1991,9,92,17,17,6
312,1991,9,131,25,10,7
312,1991,9,138,25,15,8
312,1991,9,94,18,23,9
312,1991,9,139,35,18,10
312,1991,9,81,18,20,11
312,1991,9,57,32,25,12
312,1991,9,109,35,11,13
312,1991,9,65,32,24,14
312,1991,9,87,34,12,15
312,1991,9,110,17,13,16
312,1991,9,55,6,6,17
312,1991,9,88,26,22,18
312,1991,9,123,27,19,19
312,1991,9,84,34,14,20
312,1991,9,105,29,26,21
312,1991,9,127,41,9,22
312,1991,9,90,22,7,23
312,1991,9,103,26,21,24
312,1991,9,122,41,16,25
312,1991,9,119,3,3,26
312,1991,9,100,27,0,27
312,1991,9,140,29,0,28
312,1991,9,120,39,0,29
312,1991,9,99,39,0,30
312,1991,9,129,36,0,31
312,1991,9,78,40,0,32
312,1991,9,128,40,0,33
312,1991,9,142,42,0,34
313,1991,10,95,3,1,1
313,1991,10,119,3,4,2
313,1991,10,55,6,6,3
313,1991,10,77,1,3,4
313,1991,10,110,17,7,5
313,1991,10,92,17,11,6
313,1991,10,102,1,2,7
313,1991,10,90,22,9,8
313,1991,10,123,27,17,9
313,1991,10,139,35,18,10
313,1991,10,84,34,15,11
313,1991,10,87,34,21,12
313,1991,10,131,25,14,13
313,1991,10,117,6,5,14
313,1991,10,122,41,12,15
313,1991,10,109,35,20,16
313,1991,10,137,22,8,17
313,1991,10,138,25,13,18
313,1991,10,100,27,26,19
313,1991,10,127,41,16,20
313,1991,10,57,32,23,21
313,1991,10,88,26,22,22
313,1991,10,81,18,19,23
313,1991,10,94,18,10,24
313,1991,10,103,26,25,25
313,1991,10,78,40,24,26
313,1991,10,105,29,0,27
313,1991,10,143,32,0,28
313,1991,10,99,39,0,29
313,1991,10,128,40,0,30
313,1991,10,129,36,0,31
313,1991,10,133,29,0,32
313,1991,10,120,39,0,33
313,1991,10,142,42,0,34
314,1991,11,102,1,1,1
314,1991,11,95,3,3,2
314,1991,11,119,3,2,3
314,1991,11,77,1,5,4
314,1991,11,55,6,6,5
314,1991,11,122,41,9,6
314,1991,11,110,17,17,7
314,1991,11,90,22,15,8
314,1991,11,92,17,16,9
314,1991,11,100,27,25,10
314,1991,11,127,41,13,11
314,1991,11,131,25,8,12
314,1991,11,81,18,23,13
314,1991,11,57,32,26,14
314,1991,11,138,25,14,15
314,1991,11,78,40,24,16
314,1991,11,123,27,19,17
314,1991,11,94,18,18,18
314,1991,11,87,34,20,19
314,1991,11,84,34,10,20
314,1991,11,109,35,12,21
314,1991,11,137,22,11,22
314,1991,11,103,26,21,23
314,1991,11,88,26,22,24
314,1991,11,139,35,7,25
314,1991,11,117,6,4,26
314,1991,11,129,36,0,27
314,1991,11,105,29,0,28
314,1991,11,128,40,0,29
314,1991,11,143,32,0,30
314,1991,11,99,39,0,31
314,1991,11,133,29,0,32
314,1991,11,120,39,0,33
314,1991,11,142,42,0,34
315,1991,13,102,1,1,1
315,1991,13,77,1,4,2
315,1991,13,137,22,6,3
315,1991,13,90,22,8,4
315,1991,13,119,3,17,5
315,1991,13,87,34,13,6
315,1991,13,65,32,21,7
315,1991,13,139,35,25,8
315,1991,13,84,34,16,9
315,1991,13,129,36,23,10
315,1991,13,123,27,18,11
315,1991,13,94,18,9,12
315,1991,13,110,17,11,13
315,1991,13,131,25,10,14
315,1991,13,109,35,14,15
315,1991,13,55,6,5,16
315,1991,13,81,18,19,17
315,1991,13,57,32,24,18
315,1991,13,100,27,26,19
315,1991,13,95,3,3,20
315,1991,13,103,26,20,21
315,1991,13,122,41,12,22
315,1991,13,138,25,22,23
315,1991,13,117,6,2,24
315,1991,13,127,41,15,25
315,1991,13,30,17,7,26
315,1991,13,88,26,0,27
315,1991,13,78,40,0,28
315,1991,13,133,29,0,29
315,1991,13,128,40,0,30
315,1991,13,105,29,0,31
315,1991,13,99,39,0,32
315,1991,13,142,42,0,33
315,1991,13,120,39,0,34
316,1991,14,95,3,2,1
316,1991,14,102,1,1,2
316,1991,14,117,6,5,3
316,1991,14,77,1,3,4
316,1991,14,30,22,7,5
316,1991,14,137,22,8,6
316,1991,14,110,17,14,7
316,1991,14,122,41,12,8
316,1991,14,81,18,17,9
316,1991,14,139,35,16,10
316,1991,14,100,27,22,11
316,1991,14,87,34,11,12
316,1991,14,84,34,19,13
316,1991,14,57,32,25,14
316,1991,14,127,41,18,15
316,1991,14,78,40,23,16
316,1991,14,129,36,26,17
316,1991,14,109,35,20,18
316,1991,14,131,25,13,19
316,1991,14,55,6,6,20
316,1991,14,119,3,4,21
316,1991,14,138,25,15,22
316,1991,14,103,26,24,23
316,1991,14,94,18,10,24
316,1991,14,90,17,9,25
316,1991,14,123,27,21,26
316,1991,14,105,29,0,27
316,1991,14,143,32,0,28
316,1991,14,128,40,0,29
316,1991,14,88,26,0,30
316,1991,14,120,39,0,31
316,1991,14,99,39,0,32
316,1991,14,133,29,0,33
316,1991,14,142,42,0,34
317,1991,27,119,3,1,1
317,1991,27,102,1,3,2
317,1991,27,55,6,6,3
317,1991,27,94,18,8,4
317,1991,27,137,22,11,5
317,1991,27,30,22,10,6
317,1991,27,127,41,7,7
317,1991,27,110,17,14,8
317,1991,27,81,18,13,9
317,1991,27,90,17,21,10
317,1991,27,100,27,23,11
317,1991,27,84,34,19,12
317,1991,27,138,25,17,13
317,1991,27,57,32,24,14
317,1991,27,105,29,22,15
317,1991,27,123,27,20,16
317,1991,27,122,41,9,17
317,1991,27,131,25,12,18
317,1991,27,95,3,4,19
317,1991,27,88,26,25,20
317,1991,27,117,6,5,21
317,1991,27,77,1,2,22
317,1991,27,139,35,16,23
317,1991,27,109,35,18,24
317,1991,27,87,34,15,25
317,1991,27,65,32,26,26
317,1991,27,103,26,0,27
317,1991,27,99,39,0,28
317,1991,27,78,40,0,29
317,1991,27,128,40,0,30
317,1991,27,120,39,0,31
317,1991,27,129,36,0,32
317,1991,27,133,29,0,33
317,1991,27,142,42,0,34
318,1991,4,95,3,2,1
318,1991,4,117,6,6,2
318,1991,4,119,3,4,3
318,1991,4,55,6,7,4
318,1991,4,102,1,3,5
318,1991,4,30,22,5,6
318,1991,4,127,41,13,7
318,1991,4,109,35,15,8
318,1991,4,70,17,20,9
318,1991,4,84,34,11,10
318,1991,4,137,22,10,11
318,1991,4,99,36,22,12
318,1991,4,94,18,19,13
318,1991,4,81,18,16,14
318,1991,4,139,35,9,15
318,1991,4,131,25,14,16
318,1991,4,138,25,18,17
318,1991,4,87,34,12,18
318,1991,4,100,27,25,19
318,1991,4,77,1,1,20
318,1991,4,105,29,24,21
318,1991,4,110,17,17,22
318,1991,4,57,32,21,23
318,1991,4,122,41,8,24
318,1991,4,103,26,23,25
318,1991,4,123,27,26,26
318,1991,4,88,26,0,27
318,1991,4,78,40,0,28
318,1991,4,143,32,0,29
318,1991,4,128,40,0,30
318,1991,4,133,29,0,31
318,1991,4,120,39,0,32
318,1991,4,129,39,0,33
319,1991,22,77,1,1,1
319,1991,22,102,1,2,2
319,1991,22,119,3,5,3
319,1991,22,117,6,4,4
319,1991,22,84,34,19,5
319,1991,22,131,25,14,6
319,1991,22,137,22,10,7
319,1991,22,127,41,18,8
319,1991,22,123,27,17,9
319,1991,22,133,29,26,10
319,1991,22,99,36,24,11
319,1991,22,100,27,20,12
319,1991,22,94,18,7,13
319,1991,22,30,22,9,14
319,1991,22,65,32,23,15
319,1991,22,138,25,15,16
319,1991,22,88,26,25,17
319,1991,22,81,18,8,18
319,1991,22,95,3,3,19
319,1991,22,70,17,13,20
319,1991,22,57,32,21,21
319,1991,22,110,17,11,22
319,1991,22,109,35,12,23
319,1991,22,139,35,16,24
319,1991,22,91,41,22,25
319,1991,22,55,6,6,26
319,1991,22,105,29,0,27
319,1991,22,78,40,0,28
319,1991,22,128,40,0,29
319,1991,22,103,26,0,30
319,1991,22,87,34,0,31
319,1991,22,144,42,0,32
320,1991,29,102,1,1,1
320,1991,29,95,3,3,2
320,1991,29,77,1,2,3
320,1991,29,137,22,5,4
320,1991,29,119,3,4,5
320,1991,29,81,6,8,6
320,1991,29,139,35,13,7
320,1991,29,110,17,12,8
320,1991,29,70,17,16,9
320,1991,29,131,25,9,10
320,1991,29,65,32,21,11
320,1991,29,109,35,11,12
320,1991,29,105,29,15,13
320,1991,29,127,41,14,14
320,1991,29,133,29,23,15
320,1991,29,90,18,18,16
320,1991,29,87,34,17,17
320,1991,29,100,27,22,18
320,1991,29,57,32,25,19
320,1991,29,91,41,26,20
320,1991,29,94,18,10,21
320,1991,29,30,22,6,22
320,1991,29,55,6,7,23
320,1991,29,78,40,19,24
320,1991,29,123,27,20,25
320,1991,29,138,25,24,26
320,1991,29,88,33,0,27
320,1991,29,84,34,0,28
320,1991,29,128,40,0,29
320,1991,29,92,33,0,30
320,1991,29,99,36,0,31
320,1991,29,144,42,0,32
321,1990,33,102,1,5,1
321,1990,33,55,25,4,2
321,1990,33,123,3,9,3
321,1990,33,137,22,6,4
321,1990,33,131,34,10,5
321,1990,33,138,25,11,6
321,1990,33,94,18,2,7
321,1990,33,103,33,15,8
321,1990,33,119,3,12,9
321,1990,33,105,21,21,10
321,1990,33,145,22,22,11
321,1990,33,146,21,20,12
321,1990,33,90,44,16,13
321,1990,33,127,41,25,14
321,1990,33,147,18,14,15
321,1990,33,88,33,18,16
321,1990,33,95,6,17,17
321,1990,33,77,1,1,18
321,1990,33,148,34,23,19
321,1990,33,129,45,8,20
321,1990,33,110,35,3,21
321,1990,33,117,6,7,22
321,1990,33,122,41,26,23
321,1990,33,118,32,24,24
321,1990,33,78,27,13,25
321,1990,33,151,32,19,26
321,1990,33,112,27,0,27
321,1990,33,140,46,0,28
321,1990,33,81,35,0,29
321,1990,33,109,46,0,30
321,1990,33,99,39,0,31
321,1990,33,114,39,0,32
321,1990,33,149,44,0,33
321,1990,33,150,47,0,34
321,1990,33,92,42,0,35
322,1990,18,117,6,6,1
322,1990,18,77,1,2,2
322,1990,18,102,1,1,3
322,1990,18,95,6,5,4
322,1990,18,123,3,3,5
322,1990,18,137,22,13,6
322,1990,18,55,25,7,7
322,1990,18,138,25,19,8
322,1990,18,94,18,8,9
322,1990,18,145,22,15,10
322,1990,18,78,27,20,11
322,1990,18,112,27,10,12
322,1990,18,119,3,4,13
322,1990,18,81,35,16,14
322,1990,18,133,21,25,15
322,1990,18,151,32,14,16
322,1990,18,131,34,12,17
322,1990,18,147,18,17,18
322,1990,18,114,39,26,19
322,1990,18,118,32,24,20
322,1990,18,88,33,18,21
322,1990,18,105,21,23,22
322,1990,18,148,34,22,23
322,1990,18,103,33,11,24
322,1990,18,129,45,21,25
322,1990,18,110,35,9,26
322,1990,18,140,46,0,27
322,1990,18,109,46,0,28
322,1990,18,122,41,0,29
322,1990,18,127,41,0,30
322,1990,18,99,39,0,31
322,1990,18,90,44,0,32
322,1990,18,92,42,0,33
322,1990,18,149,44,0,34
322,1990,18,150,47,0,35
323,1990,21,119,3,3,1
323,1990,21,77,1,2,2
323,1990,21,145,22,9,3
323,1990,21,117,6,6,4
323,1990,21,137,22,8,5
323,1990,21,55,25,7,6
323,1990,21,118,32,10,7
323,1990,21,151,32,11,8
323,1990,21,112,27,16,9
323,1990,21,78,27,20,10
323,1990,21,147,18,26,11
323,1990,21,109,46,25,12
323,1990,21,103,33,13,13
323,1990,21,129,45,22,14
323,1990,21,95,6,5,15
323,1990,21,148,46,23,16
323,1990,21,131,34,14,17
323,1990,21,110,35,17,18
323,1990,21,127,41,12,19
323,1990,21,123,3,4,20
323,1990,21,88,33,15,21
323,1990,21,102,1,1,22
323,1990,21,139,35,21,23
323,1990,21,122,41,18,24
323,1990,21,138,25,19,25
323,1990,21,90,44,24,26
323,1990,21,94,18,0,27
323,1990,21,133,21,0,28
323,1990,21,105,21,0,29
323,1990,21,101,34,0,30
323,1990,21,92,42,0,31
323,1990,21,149,44,0,32
323,1990,21,152,47,0,33
323,1990,21,99,39,0,34
323,1990,21,114,39,0,35
324,1990,6,102,1,1,1
324,1990,6,55,25,3,2
324,1990,6,77,1,5,3
324,1990,6,123,3,6,4
324,1990,6,133,21,22,5
324,1990,6,103,33,24,6
324,1990,6,148,46,20,7
324,1990,6,118,32,13,8
324,1990,6,95,6,7,9
324,1990,6,147,18,19,10
324,1990,6,109,46,26,11
324,1990,6,112,27,18,12
324,1990,6,119,3,4,13
324,1990,6,110,35,12,14
324,1990,6,138,25,21,15
324,1990,6,117,6,2,16
324,1990,6,145,22,16,17
324,1990,6,101,34,25,18
324,1990,6,122,41,23,19
324,1990,6,78,27,17,20
324,1990,6,88,33,15,21
324,1990,6,94,18,8,22
324,1990,6,151,32,11,23
324,1990,6,131,34,14,24
324,1990,6,139,35,9,25
324,1990,6,137,22,10,26
324,1990,6,105,21,0,27
324,1990,6,129,45,0,28
324,1990,6,127,41,0,29
324,1990,6,90,44,0,30
324,1990,6,99,39,0,31
324,1990,6,114,39,0,32
324,1990,6,149,44,0,33
324,1990,6,92,42,0,34
324,1990,6,152,47,0,35
325,1990,7,102,1,1,1
325,1990,7,137,22,5,2
325,1990,7,95,6,7,3
325,1990,7,77,1,2,4
325,1990,7,117,6,3,5
325,1990,7,118,32,11,6
325,1990,7,131,34,10,7
325,1990,7,133,21,26,8
325,1990,7,103,33,23,9
325,1990,7,122,41,24,10
325,1990,7,138,25,13,11
325,1990,7,88,33,18,12
325,1990,7,129,45,15,13
325,1990,7,151,32,12,14
325,1990,7,148,46,21,15
325,1990,7,110,35,25,16
325,1990,7,109,46,22,17
325,1990,7,119,3,9,18
325,1990,7,112,27,17,19
325,1990,7,55,25,8,20
325,1990,7,145,22,4,21
325,1990,7,123,3,6,22
325,1990,7,78,27,20,23
325,1990,7,139,35,19,24
325,1990,7,105,21,14,25
325,1990,7,94,18,16,26
325,1990,7,90,44,0,27
325,1990,7,127,41,0,28
325,1990,7,147,18,0,29
325,1990,7,101,34,0,30
325,1990,7,99,39,0,31
325,1990,7,114,39,0,32
325,1990,7,92,42,0,33
325,1990,7,149,44,0,34
325,1990,7,152,47,0,35
326,1990,32,117,6,13,1
326,1990,32,95,6,4,2
326,1990,32,77,1,1,3
326,1990,32,145,22,14,4
326,1990,32,123,3,5,5
326,1990,32,137,22,8,6
326,1990,32,55,25,6,7
326,1990,32,151,32,12,8
326,1990,32,119,3,2,9
326,1990,32,118,32,11,10
326,1990,32,131,34,10,11
326,1990,32,94,18,7,12
326,1990,32,110,35,15,13
326,1990,32,147,18,16,14
326,1990,32,148,46,23,15
326,1990,32,78,27,24,16
326,1990,32,105,21,17,17
326,1990,32,112,27,22,18
326,1990,32,129,45,20,19
326,1990,32,102,1,3,20
326,1990,32,109,46,26,21
326,1990,32,103,33,25,22
326,1990,32,88,33,19,23
326,1990,32,138,25,9,24
326,1990,32,101,34,21,25
326,1990,32,139,35,18,26
326,1990,32,90,44,0,27
326,1990,32,122,41,0,28
326,1990,32,127,41,0,29
326,1990,32,133,21,0,30
326,1990,32,114,39,0,31
326,1990,32,99,39,0,32
326,1990,32,92,42,0,33
326,1990,32,149,44,0,34
326,1990,32,152,47,0,35
327,1990,34,117,6,4,1
327,1990,34,122,41,7,2
327,1990,34,102,1,3,3
327,1990,34,137,22,9,4
327,1990,34,77,1,2,5
327,1990,34,119,3,6,6
327,1990,34,88,33,14,7
327,1990,34,103,33,11,8
327,1990,34,112,27,12,9
327,1990,34,105,21,18,10
327,1990,34,118,32,16,11
327,1990,34,151,32,17,12
327,1990,34,131,34,20,13
327,1990,34,78,27,19,14
327,1990,34,101,34,25,15
327,1990,34,145,22,5,16
327,1990,34,114,39,26,17
327,1990,34,95,6,1,18
327,1990,34,110,35,21,19
327,1990,34,138,25,15,20
327,1990,34,127,41,10,21
327,1990,34,94,18,23,22
327,1990,34,55,25,13,23
327,1990,34,133,21,22,24
327,1990,34,123,3,8,25
327,1990,34,139,35,24,26
327,1990,34,147,18,0,27
327,1990,34,99,39,0,28
327,1990,34,148,46,0,29
327,1990,34,109,46,0,30
327,1990,34,129,45,0,31
327,1990,34,90,44,0,32
327,1990,34,149,44,0,33
327,1990,34,92,42,0,34
327,1990,34,152,47,0,35
328,1990,9,117,6,5,1
328,1990,9,123,3,4,2
328,1990,9,102,1,2,3
328,1990,9,103,33,8,4
328,1990,9,137,22,11,5
328,1990,9,88,33,9,6
328,1990,9,133,21,17,7
328,1990,9,55,25,6,8
328,1990,9,131,34,20,9
328,1990,9,78,27,21,10
328,1990,9,139,35,19,11
328,1990,9,147,18,24,12
328,1990,9,112,27,22,13
328,1990,9,77,1,3,14
328,1990,9,95,6,1,15
328,1990,9,122,41,10,16
328,1990,9,151,32,14,17
328,1990,9,118,32,16,18
328,1990,9,99,39,26,19
328,1990,9,105,21,25,20
328,1990,9,119,3,7,21
328,1990,9,138,25,12,22
328,1990,9,145,22,13,23
328,1990,9,110,35,23,24
328,1990,9,94,18,18,25
328,1990,9,127,41,15,26
328,1990,9,129,45,0,27
328,1990,9,101,34,0,28
328,1990,9,109,46,0,29
328,1990,9,148,46,0,30
328,1990,9,90,44,0,31
328,1990,9,114,39,0,32
328,1990,9,149,44,0,33
328,1990,9,92,42,0,34
328,1990,9,152,47,0,35
329,1990,10,102,1,1,1
329,1990,10,145,22,9,2
329,1990,10,77,1,2,3
329,1990,10,117,6,3,4
329,1990,10,119,3,5,5
329,1990,10,123,3,6,6
329,1990,10,122,41,10,7
329,1990,10,118,32,16,8
329,1990,10,133,21,18,9
329,1990,10,78,27,22,10
329,1990,10,55,25,8,11
329,1990,10,109,46,25,12
329,1990,10,103,33,12,13
329,1990,10,88,33,11,14
329,1990,10,138,25,13,15
329,1990,10,137,22,7,16
329,1990,10,94,18,15,17
329,1990,10,148,46,26,18
329,1990,10,95,6,4,19
329,1990,10,127,41,14,20
329,1990,10,101,34,21,21
329,1990,10,105,21,19,22
329,1990,10,151,32,20,23
329,1990,10,131,34,17,24
329,1990,10,139,35,23,25
329,1990,10,112,27,24,26
329,1990,10,129,45,0,27
329,1990,10,147,18,0,28
329,1990,10,114,39,0,29
329,1990,10,110,35,0,30
329,1990,10,99,39,0,31
329,1990,10,90,44,0,32
329,1990,10,92,42,0,33
329,1990,10,149,44,0,34
329,1990,10,152,47,0,35
330,1990,11,123,3,1,1
330,1990,11,102,1,4,2
330,1990,11,137,22,9,3
330,1990,11,119,3,2,4
330,1990,11,118,32,11,5
330,1990,11,103,33,12,6
330,1990,11,151,32,18,7
330,1990,11,127,41,17,8
330,1990,11,133,21,26,9
330,1990,11,139,35,13,10
330,1990,11,78,27,25,11
330,1990,11,105,21,22,12
330,1990,11,99,39,24,13
330,1990,11,112,27,21,14
330,1990,11,147,18,23,15
330,1990,11,77,1,3,16
330,1990,11,95,6,5,17
330,1990,11,145,22,7,18
330,1990,11,122,41,16,19
330,1990,11,88,33,19,20
330,1990,11,117,6,8,21
330,1990,11,55,25,6,22
330,1990,11,131,34,20,23
330,1990,11,94,18,14,24
330,1990,11,110,35,10,25
330,1990,11,138,25,15,26
330,1990,11,114,39,0,27
330,1990,11,101,34,0,28
330,1990,11,109,46,0,29
330,1990,11,148,46,0,30
330,1990,11,129,45,0,31
330,1990,11,92,42,0,32
330,1990,11,90,44,0,33
330,1990,11,149,44,0,34
330,1990,11,152,47,0,35
331,1990,13,102,1,1,1
331,1990,13,117,6,3,2
331,1990,13,77,1,2,3
331,1990,13,145,22,6,4
331,1990,13,137,22,8,5
331,1990,13,127,41,14,6
331,1990,13,122,41,12,7
331,1990,13,55,25,9,8
331,1990,13,103,33,15,9
331,1990,13,133,21,19,10
331,1990,13,118,32,18,11
331,1990,13,151,32,22,12
331,1990,13,105,21,26,13
331,1990,13,78,27,21,14
331,1990,13,94,18,16,15
331,1990,13,129,45,23,16
331,1990,13,131,34,13,17
331,1990,13,101,34,24,18
331,1990,13,110,35,20,19
331,1990,13,123,3,4,20
331,1990,13,95,6,5,21
331,1990,13,119,3,7,22
331,1990,13,139,35,17,23
331,1990,13,138,25,10,24
331,1990,13,88,33,11,25
331,1990,13,147,18,25,26
331,1990,13,112,27,0,27
331,1990,13,99,39,0,28
331,1990,13,114,39,0,29
331,1990,13,92,42,0,30
331,1990,13,90,44,0,31
331,1990,13,149,44,0,32
331,1990,13,152,47,0,33
332,1990,14,102,1,1,1
332,1990,14,117,6,2,2
332,1990,14,77,1,3,3
332,1990,14,95,6,4,4
332,1990,14,119,3,7,5
332,1990,14,138,25,14,6
332,1990,14,137,22,9,7
332,1990,14,145,22,8,8
332,1990,14,133,21,21,9
332,1990,14,110,35,25,10
332,1990,14,78,27,26,11
332,1990,14,105,21,22,12
332,1990,14,112,27,20,13
332,1990,14,114,39,24,14
332,1990,14,122,41,16,15
332,1990,14,88,33,18,16
332,1990,14,129,45,23,17
332,1990,14,127,41,10,18
332,1990,14,131,34,17,19
332,1990,14,123,3,6,20
332,1990,14,118,32,12,21
332,1990,14,139,35,19,22
332,1990,14,151,32,11,23
332,1990,14,103,33,13,24
332,1990,14,94,18,15,25
332,1990,14,55,25,5,26
332,1990,14,99,39,0,27
332,1990,14,147,18,0,28
332,1990,14,101,34,0,29
332,1990,14,92,42,0,30
332,1990,14,90,44,0,31
332,1990,14,149,44,0,32
332,1990,14,152,47,0,33
333,1990,27,95,6,1,1
333,1990,27,102,1,3,2
333,1990,27,117,6,2,3
333,1990,27,77,1,4,4
333,1990,27,137,22,6,5
333,1990,27,145,22,9,6
333,1990,27,119,3,5,7
333,1990,27,55,25,8,8
333,1990,27,105,21,19,9
333,1990,27,78,27,22,10
333,1990,27,94,18,16,11
333,1990,27,127,41,14,12
333,1990,27,133,21,17,13
333,1990,27,88,33,11,14
333,1990,27,139,35,13,15
333,1990,27,112,27,20,16
333,1990,27,101,34,25,17
333,1990,27,122,41,12,18
333,1990,27,123,3,7,19
333,1990,27,103,33,10,20
333,1990,27,131,34,23,21
333,1990,27,151,32,15,22
333,1990,27,118,32,21,23
333,1990,27,114,39,24,24
333,1990,27,110,35,18,25
333,1990,27,138,25,0,26
333,1990,27,129,45,0,27
333,1990,27,147,18,0,28
333,1990,27,99,39,0,29
333,1990,27,92,42,0,30
333,1990,27,90,44,0,31
333,1990,27,149,44,0,32
333,1990,27,152,47,0,33
334,1990,26,117,6,2,1
334,1990,26,95,6,3,2
334,1990,26,145,22,9,3
334,1990,26,123,3,7,4
334,1990,26,119,3,6,5
334,1990,26,88,33,15,6
334,1990,26,78,27,20,7
334,1990,26,127,41,12,8
334,1990,26,114,39,23,9
334,1990,26,105,21,25,10
334,1990,26,118,32,10,11
334,1990,26,122,41,19,12
334,1990,26,77,1,5,13
334,1990,26,102,1,1,14
334,1990,26,137,22,8,15
334,1990,26,110,35,17,16
334,1990,26,129,45,21,17
334,1990,26,94,18,11,18
334,1990,26,112,27,13,19
334,1990,26,103,33,18,20
334,1990,26,138,25,14,21
334,1990,26,99,39,22,22
334,1990,26,131,34,24,23
334,1990,26,55,25,4,24
334,1990,26,139,35,16,25
334,1990,26,151,32,0,26
334,1990,26,101,34,0,27
334,1990,26,147,18,0,28
334,1990,26,146,21,0,29
334,1990,26,92,42,0,30
334,1990,26,90,44,0,31
334,1990,26,149,44,0,32
334,1990,26,152,47,0,33
335,1990,22,137,22,6,1
335,1990,22,90,22,8,2
335,1990,22,88,33,9,3
335,1990,22,119,3,7,4
335,1990,22,123,3,5,5
335,1990,22,138,25,14,6
335,1990,22,78,27,17,7
335,1990,22,94,18,10,8
335,1990,22,133,21,23,9
335,1990,22,112,27,25,10
335,1990,22,118,32,11,11
335,1990,22,65,32,12,12
335,1990,22,105,21,24,13
335,1990,22,95,6,3,14
335,1990,22,139,35,19,15
335,1990,22,103,33,18,16
335,1990,22,81,18,20,17
335,1990,22,122,41,13,18
335,1990,22,110,35,26,19
335,1990,22,127,41,16,20
335,1990,22,101,34,21,21
335,1990,22,77,1,4,22
335,1990,22,102,1,1,23
335,1990,22,117,6,2,24
335,1990,22,131,34,22,25
335,1990,22,55,25,7,26
335,1990,22,129,45,0,27
335,1990,22,99,39,0,28
335,1990,22,114,39,0,29
335,1990,22,92,42,0,30
336,1990,29,137,22,7,1
336,1990,29,95,6,3,2
336,1990,29,117,6,4,3
336,1990,29,77,1,2,4
336,1990,29,123,3,9,5
336,1990,29,119,3,6,6
336,1990,29,90,22,8,7
336,1990,29,55,25,5,8
336,1990,29,94,18,10,9
336,1990,29,78,27,12,10
336,1990,29,112,27,19,11
336,1990,29,131,34,17,12
336,1990,29,129,45,22,13
336,1990,29,139,35,21,14
336,1990,29,102,1,1,15
336,1990,29,99,39,26,16
336,1990,29,65,32,18,17
336,1990,29,138,25,13,18
336,1990,29,122,41,14,19
336,1990,29,118,32,11,20
336,1990,29,127,41,16,21
336,1990,29,110,35,15,22
336,1990,29,103,33,23,23
336,1990,29,81,18,20,24
336,1990,29,101,34,25,25
336,1990,29,88,33,24,26
336,1990,29,105,21,0,27
336,1990,29,114,39,0,28
336,1990,29,133,21,0,29
336,1990,29,92,42,0,30
1,2009,1,18,23,1,1
1,2009,1,22,23,2,2
1,2009,1,15,7,20,3
1,2009,1,10,7,19,4
1,2009,1,4,4,10,5
1,2009,1,3,3,5,6
1,2009,1,67,5,13,7
1,2009,1,7,5,17,8
1,2009,1,16,10,16,9
1,2009,1,2,2,9,10
1,2009,1,21,10,15,11
1,2009,1,17,9,8,12
1,2009,1,20,9,3,13
1,2009,1,9,2,4,14
1,2009,1,8,6,7,15
1,2009,1,13,6,6,16
1,2009,1,12,4,14,17
1,2009,1,6,3,11,18
1,2009,1,5,1,12,19
1,2009,1,1,1,18,20
2,2009,2,18,23,1,1
2,2009,2,2,2,10,2
2,2009,2,10,7,3,3
2,2009,2,15,7,2,4
2,2009,2,22,23,8,5
2,2009,2,17,9,5,6
2,2009,2,1,1,12,7
2,2009,2,3,3,4,8
2,2009,2,13,6,16,9
2,2009,2,7,5,15,10
2,2009,2,4,4,9,11
2,2009,2,6,3,11,12
2,2009,2,12,4,17,13
2,2009,2,8,6,7,14
2,2009,2,20,9,13,15
2,2009,2,67,5,20,16
2,2009,2,16,10,19,17
2,2009,2,21,10,18,18
2,2009,2,9,2,6,19
2,2009,2,5,1,14,20
3,2009,17,20,9,1,1
3,2009,17,17,9,3,2
3,2009,17,18,23,5,3
3,2009,17,22,23,4,4
3,2009,17,5,1,12,5
3,2009,17,1,1,9,6
3,2009,17,10,7,19,7
3,2009,17,67,5,10,8
3,2009,17,4,4,2,9
3,2009,17,8,6,8,10
3,2009,17,7,5,15,11
3,2009,17,2,2,11,12
3,2009,17,9,2,17,13
3,2009,17,21,10,20,14
3,2009,17,3,3,7,15
3,2009,17,12,4,16,16
3,2009,17,16,10,18,17
3,2009,17,6,3,14,18
3,2009,17,13,6,13,19
3,2009,17,15,7,6,20
4,2009,3,18,23,4,1
4,2009,3,20,9,3,2
4,2009,3,15,7,1,3
4,2009,3,1,1,5,4
4,2009,3,22,23,6,5
4,2009,3,8,6,10,6
4,2009,3,10,7,2,7
4,2009,3,4,4,7,8
4,2009,3,3,3,9,9
4,2009,3,12,4,15,10
4,2009,3,17,9,18,11
4,2009,3,5,1,11,12
4,2009,3,7,5,20,13
4,2009,3,13,6,8,14
4,2009,3,21,10,17,15
4,2009,3,16,10,19,16
4,2009,3,67,5,16,17
4,2009,3,9,2,13,18
4,2009,3,2,2,14,19
4,2009,3,6,3,12,20
5,2009,4,18,23,1,1
5,2009,4,22,23,3,2
5,2009,4,17,9,5,3
5,2009,4,20,9,2,4
5,2009,4,4,4,8,5
5,2009,4,13,6,4,6
5,2009,4,2,2,13,7
5,2009,4,3,3,9,8
5,2009,4,1,1,14,9
5,2009,4,10,7,6,10
5,2009,4,9,2,10,11
5,2009,4,12,4,12,12
5,2009,4,6,3,11,13
5,2009,4,21,10,20,14
5,2009,4,8,6,16,15
5,2009,4,5,1,18,16
5,2009,4,15,7,7,17
5,2009,4,67,5,15,18
5,2009,4,7,5,17,19
5,2009,4,16,10,19,20
6,2009,6,18,23,1,1
6,2009,6,22,23,3,2
6,2009,6,8,6,2,3
6,2009,6,13,6,5,4
6,2009,6,17,9,8,5
6,2009,6,3,3,6,6
6,2009,6,4,4,9,7
6,2009,6,7,5,14,8
6,2009,6,21,10,13,9
6,2009,6,10,7,20,10
6,2009,6,2,2,16,11
6,2009,6,1,1,19,12
6,2009,6,15,7,18,13
6,2009,6,16,10,15,14
6,2009,6,6,3,10,15
6,2009,6,5,1,7,16
6,2009,6,9,2,17,17
6,2009,6,20,9,4,18
6,2009,6,12,4,12,19
6,2009,6,67,5,11,20
7,2009,5,18,23,2,1
7,2009,5,17,9,4,2
7,2009,5,20,9,1,3
7,2009,5,15,7,5,4
7,2009,5,3,3,9,5
7,2009,5,13,6,7,6
7,2009,5,9,2,10,7
7,2009,5,10,7,13,8
7,2009,5,8,6,6,9
7,2009,5,4,4,8,10
7,2009,5,2,2,11,11
7,2009,5,6,3,12,12
7,2009,5,1,1,16,13
7,2009,5,5,1,14,14
7,2009,5,67,5,18,15
7,2009,5,12,4,17,16
7,2009,5,16,10,15,17
7,2009,5,7,5,20,18
7,2009,5,22,23,3,19
7,2009,5,21,10,19,20
8,2009,9,20,9,1,1
8,2009,9,17,9,3,2
8,2009,9,22,23,2,3
8,2009,9,13,6,11,4
8,2009,9,3,3,7,5
8,2009,9,18,23,6,6
8,2009,9,15,7,4,7
8,2009,9,8,6,9,8
8,2009,9,10,7,8,9
8,2009,9,21,10,16,10
8,2009,9,6,3,5,11
8,2009,9,12,4,14,12
8,2009,9,9,2,12,13
8,2009,9,4,4,10,14
8,2009,9,2,2,15,15
8,2009,9,1,1,18,16
8,2009,9,16,10,20,17
8,2009,9,67,5,19,18
8,2009,9,7,5,17,19
8,2009,9,5,1,13,20
9,2009,20,17,9,1,1
9,2009,20,20,9,4,2
9,2009,20,13,6,8,3
9,2009,20,3,3,15,4
9,2009,20,18,23,3,5
9,2009,20,22,23,2,6
9,2009,20,4,4,12,7
9,2009,20,5,1,6,8
9,2009,20,10,7,20,9
9,2009,20,2,2,11,10
9,2009,20,21,10,18,11
9,2009,20,6,3,13,12
9,2009,20,12,4,10,13
9,2009,20,9,2,16,14
9,2009,20,16,10,7,15
9,2009,20,67,5,17,16
9,2009,20,15,7,14,17
9,2009,20,1,1,5,18
9,2009,20,8,6,9,19
9,2009,20,7,5,19,20
10,2009,11,1,1,4,1
10,2009,11,8,6,7,2
10,2009,11,17,9,3,3
10,2009,11,3,3,5,4
10,2009,11,5,1,6,5
10,2009,11,10,7,13,6
10,2009,11,18,23,8,7
10,2009,11,15,7,11,8
10,2009,11,6,3,9,9
10,2009,11,22,23,12,10
10,2009,11,2,2,15,11
10,2009,11,12,4,14,12
10,2009,11,9,2,18,13
10,2009,11,21,10,16,14
10,2009,11,153,5,19,15
10,2009,11,67,5,10,16
10,2009,11,20,9,2,17
10,2009,11,4,4,1,18
10,2009,11,16,10,17,19
10,2009,11,13,6,0,20
11,2009,12,22,23,3,1
11,2009,12,1,1,1,2
11,2009,12,8,6,6,3
11,2009,12,5,1,2,4
11,2009,12,3,3,7,5
11,2009,12,4,4,8,6
11,2009,12,18,23,5,7
11,2009,12,9,2,10,8
11,2009,12,17,9,9,9
11,2009,12,16,10,12,10
11,2009,12,2,2,11,11
11,2009,12,21,10,16,12
11,2009,12,15,7,18,13
11,2009,12,10,7,13,14
11,2009,12,154,4,14,15
11,2009,12,153,5,19,16
11,2009,12,69,6,20,17
11,2009,12,6,3,17,18
11,2009,12,67,5,15,19
11,2009,12,20,9,4,20
12,2009,13,8,6,6,1
12,2009,13,21,10,1,2
12,2009,13,20,9,8,3
12,2009,13,9,2,5,4
12,2009,13,2,2,3,5
12,2009,13,5,1,15,6
12,2009,13,22,23,4,7
12,2009,13,3,3,10,8
12,2009,13,17,9,9,9
12,2009,13,10,7,7,10
12,2009,13,16,10,11,11
12,2009,13,67,5,16,12
12,2009,13,6,3,18,13
12,2009,13,69,6,20,14
12,2009,13,4,4,13,15
12,2009,13,15,7,2,16
12,2009,13,18,23,14,17
12,2009,13,154,4,19,18
12,2009,13,1,1,12,19
12,2009,13,153,5,17,20
13,2009,14,22,23,5,1
13,2009,14,18,23,6,2
13,2009,14,8,6,3,3
13,2009,14,16,10,2,4
13,2009,14,4,4,8,5
13,2009,14,5,1,4,6
13,2009,14,2,2,15,7
13,2009,14,20,9,9,8
13,2009,14,21,6,14,9
13,2009,14,6,3,17,10
13,2009,14,10,7,16,11
13,2009,14,1,1,1,12
13,2009,14,67,5,19,13
13,2009,14,15,7,11,14
13,2009,14,154,4,12,15
13,2009,14,3,3,18,16
13,2009,14,24,10,7,17
13,2009,14,153,5,20,18
13,2009,14,9,2,13,19
13,2009,14,17,9,10,20
14,2009,15,1,1,1,1
14,2009,15,10,7,6,2
14,2009,15,4,4,5,3
14,2009,15,20,9,2,4
14,2009,15,18,23,11,5
14,2009,15,22,23,9,6
14,2009,15,5,1,8,7
14,2009,15,9,2,7,8
14,2009,15,6,3,10,9
14,2009,15,8,6,12,10
14,2009,15,3,3,3,11
14,2009,15,15,7,14,12
14,2009,15,21,6,17,13
14,2009,15,24,10,19,14
14,2009,15,153,5,16,15
14,2009,15,67,5,13,16
14,2009,15,17,9,4,17
14,2009,15,16,10,15,18
14,2009,15,2,2,20,19
14,2009,15,154,4,18,20
15,2009,22,20,9,1,1
15,2009,22,15,7,2,2
15,2009,22,1,1,3,3
15,2009,22,8,6,5,4
15,2009,22,3,3,7,5
15,2009,22,2,2,4,6
15,2009,22,22,23,6,7
15,2009,22,18,23,10,8
15,2009,22,9,2,9,9
15,2009,22,4,4,16,10
15,2009,22,5,1,11,11
15,2009,22,21,6,14,12
15,2009,22,16,10,8,13
15,2009,22,24,10,18,14
15,2009,22,6,3,15,15
15,2009,22,154,4,17,16
15,2009,22,17,9,19,17
15,2009,22,153,5,12,18
15,2009,22,67,5,13,19
15,2009,22,10,7,20,20
16,2009,18,17,9,2,1
16,2009,18,9,2,8,2
16,2009,18,1,1,17,3
16,2009,18,20,9,15,4
16,2009,18,18,23,14,5
16,2009,18,8,6,5,6
16,2009,18,67,5,6,7
16,2009,18,22,23,1,8
16,2009,18,5,1,16,9
16,2009,18,155,7,11,10
16,2009,18,21,6,19,11
16,2009,18,24,10,20,12
16,2009,18,154,4,13,13
16,2009,18,153,5,12,14
16,2009,18,6,3,9,15
16,2009,18,3,3,7,16
16,2009,18,2,2,18,17
16,2009,18,16,10,3,18
16,2009,18,15,7,4,19
16,2009,18,4,4,10,20
356,1989,36,95,6,6,1
356,1989,36,117,1,5,2
356,1989,36,127,37,12,3
356,1989,36,65,22,10,4
356,1989,36,118,21,8,5
356,1989,36,145,22,11,6
356,1989,36,156,25,18,7
356,1989,36,138,32,21,8
356,1989,36,129,27,22,9
356,1989,36,105,25,20,10
356,1989,36,102,1,1,11
356,1989,36,112,33,26,12
356,1989,36,110,35,15,13
356,1989,36,157,48,17,14
356,1989,36,119,3,2,15
356,1989,36,158,21,24,16
356,1989,36,146,49,25,17
356,1989,36,84,34,13,18
356,1989,36,122,37,7,19
356,1989,36,137,32,9,20
356,1989,36,78,45,19,21
356,1989,36,131,34,14,22
356,1989,36,123,3,4,23
356,1989,36,94,18,16,24
356,1989,36,77,6,3,25
356,1989,36,159,18,23,26
356,1989,36,114,33,0,27
356,1989,36,163,27,0,28
356,1989,36,148,44,0,29
356,1989,36,90,42,0,30
356,1989,36,133,35,0,31
356,1989,36,160,45,0,32
356,1989,36,161,48,0,33
356,1989,36,162,42,0,34
356,1989,36,164,39,0,35
356,1989,36,88,49,0,36
356,1989,36,140,46,0,37
356,1989,36,92,46,0,38
357,1989,21,102,1,1,1
357,1989,21,117,1,2,2
357,1989,21,145,22,7,3
357,1989,21,123,3,6,4
357,1989,21,118,21,12,5
357,1989,21,156,25,25,6
357,1989,21,133,35,9,7
357,1989,21,99,39,18,8
357,1989,21,158,21,21,9
357,1989,21,110,35,16,10
357,1989,21,65,22,23,11
357,1989,21,78,45,14,12
357,1989,21,84,34,22,13
357,1989,21,138,32,24,14
357,1989,21,159,18,15,15
357,1989,21,127,37,19,16
357,1989,21,137,32,8,17
357,1989,21,95,6,3,18
357,1989,21,119,3,4,19
357,1989,21,131,34,17,20
357,1989,21,94,18,11,21
357,1989,21,129,27,10,22
357,1989,21,77,6,5,23
357,1989,21,122,37,13,24
357,1989,21,112,33,20,25
357,1989,21,114,33,26,26
357,1989,21,105,25,0,27
357,1989,21,163,27,0,28
357,1989,21,157,48,0,29
357,1989,21,90,42,0,30
357,1989,21,92,46,0,31
357,1989,21,148,44,0,32
357,1989,21,160,45,0,33
357,1989,21,140,46,0,34
357,1989,21,164,39,0,35
357,1989,21,162,42,0,36
357,1989,21,88,49,0,37
357,1989,21,146,49,0,38
357,1989,21,161,48,0,39
358,1989,6,102,1,1,1
358,1989,6,117,1,2,2
358,1989,6,131,34,8,3
358,1989,6,133,35,9,4
358,1989,6,105,25,12,5
358,1989,6,84,34,4,6
358,1989,6,158,21,20,7
358,1989,6,145,22,15,8
358,1989,6,156,25,23,9
358,1989,6,123,3,3,10
358,1989,6,122,37,22,11
358,1989,6,163,27,21,12
358,1989,6,110,35,10,13
358,1989,6,65,22,24,14
358,1989,6,119,3,7,15
358,1989,6,159,18,26,16
358,1989,6,99,39,13,17
358,1989,6,90,42,25,18
358,1989,6,112,33,17,19
358,1989,6,127,37,14,20
358,1989,6,137,32,19,21
358,1989,6,95,6,5,22
358,1989,6,162,42,18,23
358,1989,6,129,27,16,24
358,1989,6,94,18,11,25
358,1989,6,118,21,6,26
358,1989,6,157,48,0,27
358,1989,6,114,33,0,28
358,1989,6,138,32,0,29
358,1989,6,160,45,0,30
358,1989,6,140,46,0,31
358,1989,6,78,45,0,32
358,1989,6,146,49,0,33
358,1989,6,92,46,0,34
358,1989,6,148,44,0,35
358,1989,6,161,48,0,36
358,1989,6,88,49,0,37
358,1989,6,164,39,0,38
359,1989,32,102,1,1,1
359,1989,32,119,3,5,2
359,1989,32,105,25,7,3
359,1989,32,145,22,13,4
359,1989,32,117,1,2,5
359,1989,32,99,39,17,6
359,1989,32,158,21,24,7
359,1989,32,129,27,11,8
359,1989,32,84,34,20,9
359,1989,32,131,34,9,10
359,1989,32,137,32,26,11
359,1989,32,157,48,23,12
359,1989,32,133,35,19,13
359,1989,32,163,27,25,14
359,1989,32,65,22,18,15
359,1989,32,94,18,22,16
359,1989,32,95,6,3,17
359,1989,32,118,21,10,18
359,1989,32,138,32,15,19
359,1989,32,112,33,16,20
359,1989,32,110,35,12,21
359,1989,32,77,6,6,22
359,1989,32,140,46,21,23
359,1989,32,123,3,8,24
359,1989,32,156,25,14,25
359,1989,32,122,37,4,26
359,1989,32,159,18,0,27
359,1989,32,127,37,0,28
359,1989,32,114,33,0,29
359,1989,32,90,42,0,30
359,1989,32,92,46,0,31
359,1989,32,148,44,0,32
359,1989,32,78,45,0,33
359,1989,32,161,48,0,34
359,1989,32,146,49,0,35
359,1989,32,88,49,0,36
359,1989,32,160,45,0,37
359,1989,32,164,39,0,38
359,1989,32,162,42,0,39
360,1989,33,117,1,2,1
360,1989,33,119,3,14,2
360,1989,33,158,21,17,3
360,1989,33,157,48,26,4
360,1989,33,65,22,25,5
360,1989,33,123,3,16,6
360,1989,33,99,39,24,7
360,1989,33,110,35,13,8
360,1989,33,156,25,21,9
360,1989,33,77,6,8,10
360,1989,33,133,35,6,11
360,1989,33,137,32,22,12
360,1989,33,140,46,19,13
360,1989,33,159,18,20,14
360,1989,33,102,1,1,15
360,1989,33,84,34,5,16
360,1989,33,131,34,7,17
360,1989,33,95,6,4,18
360,1989,33,94,18,15,19
360,1989,33,138,32,23,20
360,1989,33,122,37,11,21
360,1989,33,127,37,18,22
360,1989,33,105,25,9,23
360,1989,33,145,22,3,24
360,1989,33,118,21,10,25
360,1989,33,112,33,12,26
360,1989,33,129,27,0,27
360,1989,33,90,42,0,28
360,1989,33,163,27,0,29
360,1989,33,114,33,0,30
360,1989,33,160,45,0,31
360,1989,33,162,42,0,32
360,1989,33,148,44,0,33
360,1989,33,78,45,0,34
360,1989,33,164,39,0,35
360,1989,33,161,48,0,36
360,1989,33,88,49,0,37
360,1989,33,146,49,0,38
360,1989,33,92,46,0,39
361,1989,7,123,3,6,1
361,1989,7,119,3,3,2
361,1989,7,110,35,9,3
361,1989,7,137,32,19,4
361,1989,7,163,27,22,5
361,1989,7,133,35,8,6
361,1989,7,102,1,2,7
361,1989,7,157,48,23,8
361,1989,7,90,42,26,9
361,1989,7,118,21,12,10
361,1989,7,156,25,14,11
361,1989,7,78,45,15,12
361,1989,7,122,37,21,13
361,1989,7,112,33,10,14
361,1989,7,140,46,18,15
361,1989,7,159,18,24,16
361,1989,7,127,37,17,17
361,1989,7,77,6,4,18
361,1989,7,99,39,25,19
361,1989,7,158,21,16,20
361,1989,7,117,1,1,21
361,1989,7,95,6,5,22
361,1989,7,131,34,7,23
361,1989,7,94,18,11,24
361,1989,7,145,22,13,25
361,1989,7,105,25,20,26
361,1989,7,138,32,0,27
361,1989,7,114,33,0,28
361,1989,7,65,22,0,29
361,1989,7,129,27,0,30
361,1989,7,84,34,0,31
361,1989,7,92,46,0,32
361,1989,7,148,44,0,33
361,1989,7,160,45,0,34
361,1989,7,146,49,0,35
361,1989,7,164,39,0,36
361,1989,7,161,48,0,37
361,1989,7,88,49,0,38
361,1989,7,162,42,0,39
362,1989,34,117,1,1,1
362,1989,34,95,6,3,2
362,1989,34,119,3,8,3
362,1989,34,55,25,16,4
362,1989,34,140,46,13,5
362,1989,34,129,27,17,6
362,1989,34,158,21,25,7
362,1989,34,137,32,20,8
362,1989,34,139,22,24,9
362,1989,34,156,25,9,10
362,1989,34,103,33,15,11
362,1989,34,151,21,14,12
362,1989,34,92,46,11,13
362,1989,34,127,37,10,14
362,1989,34,131,34,22,15
362,1989,34,123,3,5,16
362,1989,34,138,32,19,17
362,1989,34,122,37,12,18
362,1989,34,145,22,4,19
362,1989,34,94,18,23,20
362,1989,34,112,33,7,21
362,1989,34,99,39,21,22
362,1989,34,77,6,6,23
362,1989,34,133,35,26,24
362,1989,34,163,27,18,25
362,1989,34,102,1,2,26
362,1989,34,110,35,0,27
362,1989,34,159,18,0,28
362,1989,34,157,48,0,29
362,1989,34,90,42,0,30
362,1989,34,78,45,0,31
362,1989,34,84,34,0,32
362,1989,34,161,48,0,33
362,1989,34,146,49,0,34
362,1989,34,160,45,0,35
362,1989,34,162,42,0,36
362,1989,34,88,49,0,37
362,1989,34,148,44,0,38
362,1989,34,164,39,0,39
363,1989,9,117,1,2,1
363,1989,9,95,6,3,2
363,1989,9,145,22,9,3
363,1989,9,137,32,10,4
363,1989,9,94,18,11,5
363,1989,9,159,18,15,6
363,1989,9,129,27,24,7
363,1989,9,138,32,16,8
363,1989,9,118,21,19,9
363,1989,9,123,3,7,10
363,1989,9,139,22,26,11
363,1989,9,92,46,21,12
363,1989,9,127,37,6,13
363,1989,9,84,34,20,14
363,1989,9,77,6,4,15
363,1989,9,103,33,13,16
363,1989,9,112,33,12,17
363,1989,9,156,25,18,18
363,1989,9,131,34,14,19
363,1989,9,55,25,22,20
363,1989,9,78,45,17,21
363,1989,9,119,3,5,22
363,1989,9,122,37,8,23
363,1989,9,110,35,25,24
363,1989,9,102,1,1,25
363,1989,9,90,42,23,26
363,1989,9,163,27,0,27
363,1989,9,158,21,0,28
363,1989,9,99,39,0,29
363,1989,9,157,48,0,30
363,1989,9,140,46,0,31
363,1989,9,133,35,0,32
363,1989,9,148,44,0,33
363,1989,9,160,45,0,34
363,1989,9,114,39,0,35
363,1989,9,146,49,0,36
363,1989,9,162,42,0,37
363,1989,9,88,49,0,38
363,1989,9,161,48,0,39
364,1989,10,102,1,1,1
364,1989,10,117,1,2,2
364,1989,10,95,6,3,3
364,1989,10,119,3,5,4
364,1989,10,137,32,8,5
364,1989,10,118,21,17,6
364,1989,10,110,35,21,7
364,1989,10,84,34,12,8
364,1989,10,94,18,13,9
364,1989,10,55,25,10,10
364,1989,10,163,27,23,11
364,1989,10,158,21,25,12
364,1989,10,131,34,16,13
364,1989,10,138,32,18,14
364,1989,10,122,37,22,15
364,1989,10,127,37,14,16
364,1989,10,139,22,9,17
364,1989,10,112,33,15,18
364,1989,10,156,25,19,19
364,1989,10,77,6,4,20
364,1989,10,140,46,24,21
364,1989,10,145,22,7,22
364,1989,10,123,3,6,23
364,1989,10,133,35,20,24
364,1989,10,105,33,26,25
364,1989,10,129,27,11,26
364,1989,10,159,18,0,27
364,1989,10,92,46,0,28
364,1989,10,157,48,0,29
364,1989,10,161,48,0,30
364,1989,10,114,39,0,31
364,1989,10,78,45,0,32
364,1989,10,99,39,0,33
364,1989,10,160,45,0,34
364,1989,10,90,42,0,35
364,1989,10,162,42,0,36
364,1989,10,148,44,0,37
364,1989,10,88,49,0,38
365,1989,11,95,6,12,1
365,1989,11,102,1,2,2
365,1989,11,123,3,4,3
365,1989,11,117,1,5,4
365,1989,11,158,21,16,5
365,1989,11,137,32,17,6
365,1989,11,133,35,3,7
365,1989,11,139,22,25,8
365,1989,11,55,25,11,9
365,1989,11,118,21,9,10
365,1989,11,131,34,8,11
365,1989,11,84,34,15,12
365,1989,11,156,25,19,13
365,1989,11,159,18,23,14
365,1989,11,77,6,6,15
365,1989,11,119,3,1,16
365,1989,11,140,46,24,17
365,1989,11,145,22,7,18
365,1989,11,92,46,21,19
365,1989,11,138,32,20,20
365,1989,11,127,37,13,21
365,1989,11,122,37,14,22
365,1989,11,105,33,26,23
365,1989,11,160,45,22,24
365,1989,11,94,18,10,25
365,1989,11,110,35,18,26
365,1989,11,163,27,0,27
365,1989,11,129,27,0,28
365,1989,11,157,48,0,29
365,1989,11,161,48,0,30
365,1989,11,78,45,0,31
365,1989,11,112,33,0,32
365,1989,11,114,39,0,33
365,1989,11,146,49,0,34
365,1989,11,99,39,0,35
365,1989,11,90,42,0,36
365,1989,11,148,44,0,37
365,1989,11,88,49,0,38
365,1989,11,162,42,0,39
366,1989,13,102,1,1,1
366,1989,13,117,1,2,2
366,1989,13,95,6,6,3
366,1989,13,123,3,4,4
366,1989,13,145,22,7,5
366,1989,13,118,21,10,6
366,1989,13,127,37,9,7
366,1989,13,140,46,15,8
366,1989,13,94,18,14,9
366,1989,13,139,22,13,10
366,1989,13,110,35,18,11
366,1989,13,122,37,19,12
366,1989,13,129,27,26,13
366,1989,13,156,25,21,14
366,1989,13,159,18,25,15
366,1989,13,112,33,11,16
366,1989,13,158,21,24,17
366,1989,13,92,46,23,18
366,1989,13,119,3,5,19
366,1989,13,105,33,22,20
366,1989,13,133,35,12,21
366,1989,13,84,34,20,22
366,1989,13,77,6,3,23
366,1989,13,131,34,8,24
366,1989,13,163,27,17,25
366,1989,13,65,25,16,26
366,1989,13,138,32,0,27
366,1989,13,137,32,0,28
366,1989,13,157,48,0,29
366,1989,13,162,48,0,30
366,1989,13,78,45,0,31
366,1989,13,160,45,0,32
366,1989,13,90,42,0,33
366,1989,13,99,39,0,34
366,1989,13,146,49,0,35
366,1989,13,88,49,0,36
366,1989,13,114,39,0,37
366,1989,13,148,44,0,38
366,1989,13,134,42,0,39
367,1989,14,117,1,4,1
367,1989,14,77,6,2,2
367,1989,14,123,3,6,3
367,1989,14,119,3,5,4
367,1989,14,55,25,10,5
367,1989,14,84,34,12,6
367,1989,14,94,18,15,7
367,1989,14,159,18,26,8
367,1989,14,163,27,23,9
367,1989,14,138,32,19,10
367,1989,14,133,35,20,11
367,1989,14,110,35,17,12
367,1989,14,102,1,1,13
367,1989,14,95,6,3,14
367,1989,14,92,46,22,15
367,1989,14,145,22,8,16
367,1989,14,122,37,18,17
367,1989,14,129,27,21,18
367,1989,14,137,32,11,19
367,1989,14,156,25,14,20
367,1989,14,118,21,16,21
367,1989,14,78,45,24,22
367,1989,14,105,33,13,23
367,1989,14,127,37,25,24
367,1989,14,112,33,7,25
367,1989,14,139,22,9,26
367,1989,14,131,34,0,27
367,1989,14,158,21,0,28
367,1989,14,157,48,0,29
367,1989,14,162,48,0,30
367,1989,14,140,46,0,31
367,1989,14,99,39,0,32
367,1989,14,90,42,0,33
367,1989,14,160,45,0,34
367,1989,14,146,49,0,35
367,1989,14,88,49,0,36
367,1989,14,165,44,0,37
367,1989,14,114,39,0,38
367,1989,14,134,42,0,39
368,1989,27,77,6,2,1
368,1989,27,117,1,4,2
368,1989,27,140,46,12,3
368,1989,27,145,22,13,4
368,1989,27,94,18,5,5
368,1989,27,156,25,18,6
368,1989,27,138,32,25,7
368,1989,27,84,34,10,8
368,1989,27,112,33,17,9
368,1989,27,127,37,14,10
368,1989,27,105,33,21,11
368,1989,27,159,18,9,12
368,1989,27,163,27,23,13
368,1989,27,131,34,11,14
368,1989,27,119,3,6,15
368,1989,27,123,3,8,16
368,1989,27,102,1,1,17
368,1989,27,95,6,3,18
368,1989,27,118,21,22,19
368,1989,27,137,32,20,20
368,1989,27,133,35,7,21
368,1989,27,139,22,16,22
368,1989,27,122,37,24,23
368,1989,27,158,21,26,24
368,1989,27,110,35,19,25
368,1989,27,90,42,15,26
368,1989,27,65,25,0,27
368,1989,27,129,27,0,28
368,1989,27,162,48,0,29
368,1989,27,157,48,0,30
368,1989,27,114,39,0,31
368,1989,27,109,46,0,32
368,1989,27,160,45,0,33
368,1989,27,165,44,0,34
368,1989,27,99,39,0,35
368,1989,27,78,45,0,36
368,1989,27,88,49,0,37
368,1989,27,146,49,0,38
368,1989,27,134,42,0,39
369,1989,26,102,1,1,1
369,1989,26,77,6,2,2
369,1989,26,117,1,3,3
369,1989,26,55,25,9,4
369,1989,26,119,3,6,5
369,1989,26,112,33,5,6
369,1989,26,110,35,15,7
369,1989,26,137,32,7,8
369,1989,26,118,21,16,9
369,1989,26,156,25,13,10
369,1989,26,158,21,22,11
369,1989,26,139,22,10,12
369,1989,26,133,35,23,13
369,1989,26,84,34,8,14
369,1989,26,127,37,26,15
369,1989,26,159,18,20,16
369,1989,26,123,3,21,17
369,1989,26,129,27,24,18
369,1989,26,94,18,4,19
369,1989,26,122,37,19,20
369,1989,26,109,46,17,21
369,1989,26,160,45,25,22
369,1989,26,145,22,14,23
369,1989,26,131,34,12,24
369,1989,26,78,45,11,25
369,1989,26,138,32,18,26
369,1989,26,163,27,0,27
369,1989,26,162,48,0,28
369,1989,26,148,48,0,29
369,1989,26,99,39,0,30
369,1989,26,140,46,0,31
369,1989,26,90,42,0,32
369,1989,26,105,33,0,33
369,1989,26,88,49,0,34
369,1989,26,114,39,0,35
369,1989,26,146,49,0,36
369,1989,26,165,44,0,37
369,1989,26,134,42,0,38
370,1989,22,145,22,6,1
370,1989,22,119,3,5,2
370,1989,22,123,3,7,3
370,1989,22,137,32,11,4
370,1989,22,84,34,13,5
370,1989,22,118,21,25,6
370,1989,22,127,37,20,7
370,1989,22,158,21,24,8
370,1989,22,133,35,15,9
370,1989,22,110,35,16,10
370,1989,22,102,1,1,11
370,1989,22,117,1,2,12
370,1989,22,131,34,9,13
370,1989,22,95,6,4,14
370,1989,22,138,32,12,15
370,1989,22,55,25,18,16
370,1989,22,112,33,8,17
370,1989,22,77,6,3,18
370,1989,22,139,22,22,19
370,1989,22,129,27,23,20
370,1989,22,122,37,17,21
370,1989,22,78,45,10,22
370,1989,22,156,25,26,23
370,1989,22,146,49,21,24
370,1989,22,159,18,14,25
370,1989,22,147,18,19,26
370,1989,22,163,27,0,27
370,1989,22,105,33,0,28
370,1989,22,162,48,0,29
370,1989,22,92,48,0,30
370,1989,22,160,45,0,31
370,1989,22,90,42,0,32
370,1989,22,140,46,0,33
370,1989,22,88,49,0,34
370,1989,22,165,44,0,35
370,1989,22,109,46,0,36
370,1989,22,99,39,0,37
370,1989,22,114,39,0,38
370,1989,22,134,42,0,39
371,1989,29,123,3,5,1
371,1989,29,145,22,4,2
371,1989,29,119,3,6,3
371,1989,29,138,32,23,4
371,1989,29,139,22,13,5
371,1989,29,94,18,3,6
371,1989,29,127,37,25,7
371,1989,29,131,34,8,8
371,1989,29,158,21,22,9
371,1989,29,109,46,17,10
371,1989,29,129,27,24,11
371,1989,29,137,32,18,12
371,1989,29,160,45,21,13
371,1989,29,95,6,7,14
371,1989,29,102,1,1,15
371,1989,29,133,35,10,16
371,1989,29,122,37,16,17
371,1989,29,110,35,9,18
371,1989,29,84,34,12,19
371,1989,29,118,21,20,20
371,1989,29,112,33,19,21
371,1989,29,77,6,14,22
371,1989,29,55,25,15,23
371,1989,29,163,27,26,24
371,1989,29,117,1,2,25
371,1989,29,78,45,11,26
371,1989,29,156,25,0,27
371,1989,29,159,18,0,28
371,1989,29,92,48,0,29
371,1989,29,162,48,0,30
371,1989,29,140,46,0,31
371,1989,29,105,33,0,32
371,1989,29,146,49,0,33
371,1989,29,90,42,0,34
371,1989,29,165,44,0,35
371,1989,29,88,49,0,36
371,1989,29,114,39,0,37
371,1989,29,99,39,0,38
371,1989,29,134,42,0,39
372,1988,36,117,1,3,1
372,1988,36,77,6,4,2
372,1988,36,137,32,5,3
372,1988,36,118,21,11,4
372,1988,36,105,6,6,5
372,1988,36,138,32,10,6
372,1988,36,123,22,7,7
372,1988,36,158,21,15,8
372,1988,36,140,27,21,9
372,1988,36,110,48,14,10
372,1988,36,156,25,22,11
372,1988,36,159,18,20,12
372,1988,36,112,33,16,13
372,1988,36,99,42,25,14
372,1988,36,166,39,19,15
372,1988,36,114,33,17,16
372,1988,36,102,1,1,17
372,1988,36,163,27,18,18
372,1988,36,131,44,24,19
372,1988,36,95,3,2,20
372,1988,36,145,22,12,21
372,1988,36,119,3,8,22
372,1988,36,122,37,9,23
372,1988,36,167,18,23,24
372,1988,36,127,37,13,25
372,1988,36,165,44,26,26
372,1988,36,141,25,0,27
372,1988,36,160,49,0,28
372,1988,36,78,45,0,29
372,1988,36,146,49,0,30
372,1988,36,133,35,0,31
373,1988,21,102,1,1,1
373,1988,21,117,1,2,2
373,1988,21,137,32,3,3
373,1988,21,123,22,8,4
373,1988,21,77,6,5,5
373,1988,21,145,22,4,6
373,1988,21,158,21,7,7
373,1988,21,138,32,12,8
373,1988,21,118,21,14,9
373,1988,21,166,39,13,10
373,1988,21,159,18,18,11
373,1988,21,114,33,19,12
373,1988,21,119,3,6,13
373,1988,21,156,25,23,14
373,1988,21,127,37,20,15
373,1988,21,167,18,22,16
373,1988,21,112,33,15,17
373,1988,21,105,6,10,18
373,1988,21,131,44,26,19
373,1988,21,141,25,21,20
373,1988,21,95,3,11,21
373,1988,21,99,42,17,22
373,1988,21,133,35,24,23
373,1988,21,160,49,25,24
373,1988,21,122,37,9,25
373,1988,21,110,48,16,26
373,1988,21,78,45,0,27
373,1988,21,165,44,0,28
373,1988,21,140,27,0,29
373,1988,21,163,27,0,30
374,1988,6,117,1,2,1
374,1988,6,77,6,3,2
374,1988,6,105,6,4,3
374,1988,6,118,21,7,4
374,1988,6,156,25,10,5
374,1988,6,119,3,8,6
374,1988,6,114,33,21,7
374,1988,6,123,22,16,8
374,1988,6,78,45,25,9
374,1988,6,122,37,22,10
374,1988,6,102,1,1,11
374,1988,6,112,33,13,12
374,1988,6,127,37,14,13
374,1988,6,160,49,23,14
374,1988,6,145,22,6,15
374,1988,6,159,18,15,16
374,1988,6,95,3,5,17
374,1988,6,110,48,19,18
374,1988,6,163,27,20,19
374,1988,6,165,44,18,20
374,1988,6,158,21,9,21
374,1988,6,140,27,26,22
374,1988,6,99,42,24,23
374,1988,6,137,32,11,24
374,1988,6,133,35,17,25
374,1988,6,166,39,12,26
374,1988,6,138,32,0,27
374,1988,6,146,49,0,28
374,1988,6,167,18,0,29
374,1988,6,141,25,0,30
374,1988,6,131,44,0,31
375,1988,32,117,1,2,1
375,1988,32,102,1,1,2
375,1988,32,77,6,3,3
375,1988,32,105,6,5,4
375,1988,32,118,21,9,5
375,1988,32,158,21,7,6
375,1988,32,145,22,8,7
375,1988,32,123,22,11,8
375,1988,32,114,33,22,9
375,1988,32,140,27,24,10
375,1988,32,159,18,25,11
375,1988,32,166,39,19,12
375,1988,32,165,44,26,13
375,1988,32,99,42,21,14
375,1988,32,160,49,18,15
375,1988,32,122,37,10,16
375,1988,32,137,32,4,17
375,1988,32,110,48,12,18
375,1988,32,138,32,6,19
375,1988,32,95,3,14,20
375,1988,32,146,49,15,21
375,1988,32,119,3,17,22
375,1988,32,163,27,20,23
375,1988,32,133,35,23,24
375,1988,32,127,37,16,25
375,1988,32,112,33,13,26
375,1988,32,167,18,0,27
375,1988,32,156,25,0,28
375,1988,32,78,45,0,29
375,1988,32,141,25,0,30
375,1988,32,131,44,0,31
376,1988,7,102,1,1,1
376,1988,7,117,1,2,2
376,1988,7,123,22,7,3
376,1988,7,137,32,6,4
376,1988,7,122,37,14,5
376,1988,7,156,25,19,6
376,1988,7,118,21,16,7
376,1988,7,99,42,26,8
376,1988,7,110,48,12,9
376,1988,7,112,33,17,10
376,1988,7,138,32,13,11
376,1988,7,131,44,15,12
376,1988,7,159,18,21,13
376,1988,7,160,49,22,14
376,1988,7,127,37,18,15
376,1988,7,166,39,10,16
376,1988,7,163,27,20,17
376,1988,7,105,6,4,18
376,1988,7,119,3,11,19
376,1988,7,158,21,8,20
376,1988,7,95,3,9,21
376,1988,7,140,27,25,22
376,1988,7,77,6,3,23
376,1988,7,145,22,5,24
376,1988,7,165,44,24,25
376,1988,7,141,25,23,26
376,1988,7,167,18,0,27
376,1988,7,78,45,0,28
376,1988,7,114,33,0,29
376,1988,7,146,49,0,30
376,1988,7,133,35,0,31
377,1988,37,102,1,1,1
377,1988,37,117,1,4,2
377,1988,37,123,22,5,3
377,1988,37,110,48,12,4
377,1988,37,156,25,17,5
377,1988,37,94,18,16,6
377,1988,37,114,33,24,7
377,1988,37,133,35,21,8
377,1988,37,141,25,22,9
377,1988,37,159,18,25,10
377,1988,37,112,33,14,11
377,1988,37,131,44,19,12
377,1988,37,105,6,3,13
377,1988,37,163,27,20,14
377,1988,37,127,37,13,15
377,1988,37,119,3,10,16
377,1988,37,137,32,8,17
377,1988,37,165,44,23,18
377,1988,37,118,21,9,19
377,1988,37,95,3,6,20
377,1988,37,166,39,11,21
377,1988,37,145,22,7,22
377,1988,37,158,21,15,23
377,1988,37,78,45,26,24
377,1988,37,77,6,2,25
377,1988,37,140,27,18,26
377,1988,37,122,37,0,27
377,1988,37,138,32,0,28
377,1988,37,146,49,0,29
377,1988,37,160,49,0,30
377,1988,37,99,42,0,31
378,1988,34,117,1,1,1
378,1988,34,102,1,2,2
378,1988,34,105,6,4,3
378,1988,34,77,6,3,4
378,1988,34,137,32,7,5
378,1988,34,145,22,6,6
378,1988,34,138,32,8,7
378,1988,34,127,37,16,8
378,1988,34,122,37,10,9
378,1988,34,110,48,12,10
378,1988,34,158,21,13,11
378,1988,34,133,35,14,12
378,1988,34,114,33,19,13
378,1988,34,131,44,20,14
378,1988,34,94,18,22,15
378,1988,34,159,18,25,16
378,1988,34,165,44,26,17
378,1988,34,78,45,24,18
378,1988,34,146,49,21,19
378,1988,34,95,3,9,20
378,1988,34,112,33,18,21
378,1988,34,156,25,23,22
378,1988,34,119,3,15,23
378,1988,34,123,22,5,24
378,1988,34,166,39,17,25
378,1988,34,118,21,11,26
378,1988,34,163,27,0,27
378,1988,34,141,25,0,28
378,1988,34,140,27,0,29
378,1988,34,99,42,0,30
378,1988,34,160,49,0,31
379,1988,9,102,1,3,1
379,1988,9,95,3,11,2
379,1988,9,145,22,8,3
379,1988,9,127,37,5,4
379,1988,9,137,32,7,5
379,1988,9,118,21,9,6
379,1988,9,158,21,13,7
379,1988,9,119,3,15,8
379,1988,9,77,6,1,9
379,1988,9,138,32,10,10
379,1988,9,133,35,21,11
379,1988,9,131,44,20,12
379,1988,9,114,33,23,13
379,1988,9,112,33,22,14
379,1988,9,94,18,19,15
379,1988,9,141,25,24,16
379,1988,9,105,6,2,17
379,1988,9,163,27,25,18
379,1988,9,78,45,26,19
379,1988,9,123,22,12,20
379,1988,9,122,37,6,21
379,1988,9,117,1,4,22
379,1988,9,156,25,17,23
379,1988,9,110,48,14,24
379,1988,9,166,39,16,25
379,1988,9,159,18,18,26
379,1988,9,165,44,0,27
379,1988,9,160,49,0,28
379,1988,9,140,27,0,29
379,1988,9,146,49,0,30
379,1988,9,99,42,0,31
380,1988,10,102,1,1,1
380,1988,10,117,1,2,2
380,1988,10,77,6,3,3
380,1988,10,105,6,4,4
380,1988,10,122,37,7,5
380,1988,10,123,22,9,6
380,1988,10,118,21,12,7
380,1988,10,127,37,10,8
380,1988,10,138,32,8,9
380,1988,10,158,21,15,10
380,1988,10,156,25,24,11
380,1988,10,146,49,22,12
380,1988,10,110,48,14,13
380,1988,10,160,49,23,14
380,1988,10,133,35,19,15
380,1988,10,165,44,26,16
380,1988,10,163,27,17,17
380,1988,10,145,22,6,18
380,1988,10,114,33,21,19
380,1988,10,166,39,16,20
380,1988,10,119,3,13,21
380,1988,10,78,45,18,22
380,1988,10,95,3,11,23
380,1988,10,131,44,25,24
380,1988,10,112,33,20,25
380,1988,10,137,32,5,26
380,1988,10,159,18,0,27
380,1988,10,140,27,0,28
380,1988,10,141,25,0,29
380,1988,10,94,18,0,30
380,1988,10,99,42,0,31
381,1988,11,102,1,1,1
381,1988,11,117,1,7,2
381,1988,11,123,22,3,3
381,1988,11,77,6,9,4
381,1988,11,127,37,8,5
381,1988,11,119,3,6,6
381,1988,11,138,32,19,7
381,1988,11,137,32,13,8
381,1988,11,114,33,17,9
381,1988,11,159,18,11,10
381,1988,11,131,44,26,11
381,1988,11,112,33,20,12
381,1988,11,99,42,22,13
381,1988,11,118,21,12,14
381,1988,11,95,3,2,15
381,1988,11,158,21,14,16
381,1988,11,105,6,15,17
381,1988,11,163,27,25,18
381,1988,11,110,48,18,19
381,1988,11,145,22,5,20
381,1988,11,133,35,10,21
381,1988,11,140,27,24,22
381,1988,11,94,18,16,23
381,1988,11,166,39,23,24
381,1988,11,122,37,4,25
381,1988,11,156,25,21,26
381,1988,11,165,44,0,27
381,1988,11,146,49,0,28
381,1988,11,141,25,0,29
381,1988,11,160,49,0,30
381,1988,11,78,45,0,31
382,1988,13,102,1,1,1
382,1988,13,117,1,2,2
382,1988,13,122,37,14,3
382,1988,13,137,32,9,4
382,1988,13,118,21,10,5
382,1988,13,158,21,11,6
382,1988,13,84,3,12,7
382,1988,13,133,35,15,8
382,1988,13,112,33,16,9
382,1988,13,166,39,18,10
382,1988,13,140,27,20,11
382,1988,13,156,25,21,12
382,1988,13,146,49,25,13
382,1988,13,123,22,6,14
382,1988,13,145,22,7,15
382,1988,13,99,42,22,16
382,1988,13,105,6,4,17
382,1988,13,119,3,5,18
382,1988,13,127,37,13,19
382,1988,13,160,49,24,20
382,1988,13,138,32,8,21
382,1988,13,78,45,26,22
382,1988,13,77,6,3,23
382,1988,13,114,33,23,24
382,1988,13,110,48,19,25
382,1988,13,163,27,17,26
382,1988,13,159,18,0,27
382,1988,13,94,18,0,28
382,1988,13,131,44,0,29
382,1988,13,141,25,0,30
382,1988,13,165,44,0,31
383,1988,14,77,6,3,1
383,1988,14,105,6,4,2
383,1988,14,158,21,5,3
383,1988,14,118,21,6,4
383,1988,14,122,37,11,5
383,1988,14,123,22,8,6
383,1988,14,119,3,10,7
383,1988,14,127,37,13,8
383,1988,14,145,22,9,9
383,1988,14,102,1,1,10
383,1988,14,168,3,22,11
383,1988,14,141,25,26,12
383,1988,14,163,27,24,13
383,1988,14,117,1,2,14
383,1988,14,112,33,20,15
383,1988,14,166,39,23,16
383,1988,14,146,49,15,17
383,1988,14,110,48,18,18
383,1988,14,160,49,16,19
383,1988,14,133,35,21,20
383,1988,14,114,33,25,21
383,1988,14,94,18,14,22
383,1988,14,138,32,12,23
383,1988,14,159,18,19,24
383,1988,14,137,32,7,25
383,1988,14,78,45,17,26
383,1988,14,156,25,0,27
383,1988,14,140,27,0,28
383,1988,14,99,42,0,29
383,1988,14,131,44,0,30
383,1988,14,165,44,0,31
384,1988,27,117,1,1,1
384,1988,27,122,37,3,2
384,1988,27,123,22,13,3
384,1988,27,118,21,10,4
384,1988,27,105,6,7,5
384,1988,27,102,1,2,6
384,1988,27,133,35,17,7
384,1988,27,159,18,19,8
384,1988,27,166,39,21,9
384,1988,27,163,27,23,10
384,1988,27,99,42,26,11
384,1988,27,78,45,25,12
384,1988,27,127,37,5,13
384,1988,27,95,3,6,14
384,1988,27,156,25,22,15
384,1988,27,145,22,9,16
384,1988,27,77,6,4,17
384,1988,27,137,32,8,18
384,1988,27,119,3,11,19
384,1988,27,94,18,14,20
384,1988,27,114,33,15,21
384,1988,27,138,32,16,22
384,1988,27,110,48,12,23
384,1988,27,158,21,18,24
384,1988,27,112,33,20,25
384,1988,27,140,27,24,26
384,1988,27,141,25,0,27
384,1988,27,160,49,0,28
384,1988,27,131,44,0,29
384,1988,27,146,49,0,30
384,1988,27,165,44,0,31
385,1988,26,117,1,2,1
385,1988,26,95,3,3,2
385,1988,26,145,22,5,3
385,1988,26,102,1,1,4
385,1988,26,119,3,7,5
385,1988,26,77,6,8,6
385,1988,26,127,37,11,7
385,1988,26,137,32,9,8
385,1988,26,123,22,4,9
385,1988,26,133,35,18,10
385,1988,26,114,33,16,11
385,1988,26,159,18,24,12
385,1988,26,131,44,26,13
385,1988,26,112,33,12,14
385,1988,26,140,27,21,15
385,1988,26,158,21,25,16
385,1988,26,122,37,6,17
385,1988,26,118,21,17,18
385,1988,26,110,48,23,19
385,1988,26,166,39,13,20
385,1988,26,105,6,10,21
385,1988,26,94,18,20,22
385,1988,26,138,32,15,23
385,1988,26,78,45,14,24
385,1988,26,156,25,22,25
385,1988,26,163,27,19,26
385,1988,26,146,49,0,27
385,1988,26,165,44,0,28
385,1988,26,141,25,0,29
385,1988,26,160,49,0,30
385,1988,26,99,42,0,31
386,1988,22,102,1,1,1
386,1988,22,117,1,2,2
386,1988,22,123,22,10,3
386,1988,22,77,6,3,4
386,1988,22,145,22,12,5
386,1988,22,119,3,11,6
386,1988,22,138,32,6,7
386,1988,22,166,39,18,8
386,1988,22,112,33,19,9
386,1988,22,127,37,13,10
386,1988,22,105,6,9,11
386,1988,22,156,25,16,12
386,1988,22,94,18,17,13
386,1988,22,141,25,26,14
386,1988,22,159,18,22,15
386,1988,22,88,33,20,16
386,1988,22,163,27,23,17
386,1988,22,110,48,14,18
386,1988,22,158,21,15,19
386,1988,22,78,45,24,20
386,1988,22,137,32,5,21
386,1988,22,95,3,8,22
386,1988,22,133,35,21,23
386,1988,22,122,37,4,24
386,1988,22,118,21,7,25
386,1988,22,146,49,25,26
386,1988,22,140,27,0,27
386,1988,22,165,44,0,28
386,1988,22,160,49,0,29
386,1988,22,131,44,0,30
386,1988,22,99,42,0,31
387,1988,29,117,1,2,1
387,1988,29,102,1,1,2
387,1988,29,137,32,5,3
387,1988,29,119,3,6,4
387,1988,29,123,22,10,5
387,1988,29,122,37,9,6
387,1988,29,94,18,14,7
387,1988,29,110,48,15,8
387,1988,29,140,27,22,9
387,1988,29,112,33,24,10
387,1988,29,166,39,16,11
387,1988,29,160,49,26,12
387,1988,29,95,3,3,13
387,1988,29,145,22,8,14
387,1988,29,131,44,20,15
387,1988,29,118,21,7,16
387,1988,29,158,21,18,17
387,1988,29,127,37,19,18
387,1988,29,138,32,13,19
387,1988,29,159,18,21,20
387,1988,29,133,35,11,21
387,1988,29,77,6,4,22
387,1988,29,163,27,23,23
387,1988,29,156,25,17,24
387,1988,29,165,44,25,25
387,1988,29,105,6,12,26
387,1988,29,99,42,0,27
387,1988,29,141,25,0,28
387,1988,29,162,33,0,29
387,1988,29,146,49,0,30
387,1988,29,78,45,0,31
388,1987,36,117,1,5,1
388,1987,36,137,3,2,2
388,1987,36,140,1,10,3
388,1987,36,77,6,7,4
388,1987,36,123,22,6,5
388,1987,36,95,3,1,6
388,1987,36,138,32,12,7
388,1987,36,105,6,9,8
388,1987,36,157,49,17,9
388,1987,36,156,25,18,10
388,1987,36,166,25,20,11
388,1987,36,169,39,22,12
388,1987,36,158,21,14,13
388,1987,36,102,32,3,14
388,1987,36,119,34,11,15
388,1987,36,110,34,13,16
388,1987,36,118,21,8,17
388,1987,36,133,45,21,18
388,1987,36,145,18,15,19
388,1987,36,84,49,19,20
388,1987,36,170,22,4,21
388,1987,36,167,18,16,22
388,1987,36,122,37,23,23
389,1987,21,95,3,2,1
389,1987,21,102,32,1,2
389,1987,21,105,6,6,3
389,1987,21,140,1,8,4
389,1987,21,84,49,14,5
389,1987,21,138,32,12,6
389,1987,21,157,49,17,7
389,1987,21,166,25,20,8
389,1987,21,119,34,7,9
389,1987,21,112,33,21,10
389,1987,21,118,21,10,11
389,1987,21,133,45,19,12
389,1987,21,169,39,24,13
389,1987,21,170,22,4,14
389,1987,21,123,22,11,15
389,1987,21,158,21,9,16
389,1987,21,156,25,23,17
389,1987,21,110,34,13,18
389,1987,21,167,18,16,19
389,1987,21,99,45,25,20
389,1987,21,145,18,15,21
389,1987,21,122,37,22,22
389,1987,21,77,6,5,23
389,1987,21,117,1,3,24
389,1987,21,160,27,18,25
389,1987,21,137,3,0,26
389,1987,21,163,27,0,27
390,1987,13,117,1,6,1
390,1987,13,140,1,10,2
390,1987,13,110,34,13,3
390,1987,13,158,21,11,4
390,1987,13,138,32,15,5
390,1987,13,163,27,16,6
390,1987,13,160,27,17,7
390,1987,13,112,33,22,8
390,1987,13,166,25,23,9
390,1987,13,169,39,25,10
390,1987,13,170,22,9,11
390,1987,13,84,49,18,12
390,1987,13,123,22,7,13
390,1987,13,95,3,1,14
390,1987,13,102,32,3,15
390,1987,13,122,37,21,16
390,1987,13,137,3,2,17
390,1987,13,133,45,26,18
390,1987,13,105,6,5,19
390,1987,13,157,49,20,20
390,1987,13,118,21,12,21
390,1987,13,119,34,8,22
390,1987,13,77,6,4,23
390,1987,13,145,18,14,24
390,1987,13,167,18,19,25
390,1987,13,156,25,24,26
391,1987,6,102,32,2,1
391,1987,6,137,3,3,2
391,1987,6,105,6,5,3
391,1987,6,77,6,8,4
391,1987,6,156,25,15,5
391,1987,6,122,37,19,6
391,1987,6,84,49,14,7
391,1987,6,170,22,12,8
391,1987,6,117,1,4,9
391,1987,6,138,32,17,10
391,1987,6,163,27,22,11
391,1987,6,160,27,20,12
391,1987,6,169,39,24,13
391,1987,6,158,21,6,14
391,1987,6,118,21,11,15
391,1987,6,140,1,7,16
391,1987,6,112,33,18,17
391,1987,6,119,34,10,18
391,1987,6,133,45,16,19
391,1987,6,110,34,21,20
391,1987,6,95,3,1,21
391,1987,6,145,18,13,22
391,1987,6,166,25,23,23
391,1987,6,123,22,9,24
391,1987,6,167,18,0,25
391,1987,6,157,49,0,26
392,1987,37,102,32,2,1
392,1987,37,137,3,3,2
392,1987,37,117,1,5,3
392,1987,37,77,6,12,4
392,1987,37,95,3,1,5
392,1987,37,158,21,6,6
392,1987,37,140,1,11,7
392,1987,37,157,49,16,8
392,1987,37,119,34,9,9
392,1987,37,163,27,21,10
392,1987,37,156,25,13,11
392,1987,37,169,39,26,12
392,1987,37,123,22,4,13
392,1987,37,160,27,23,14
392,1987,37,166,25,14,15
392,1987,37,112,33,20,16
392,1987,37,105,6,7,17
392,1987,37,145,18,18,18
392,1987,37,84,49,15,19
392,1987,37,118,21,10,20
392,1987,37,122,37,22,21
392,1987,37,170,22,8,22
392,1987,37,133,45,19,23
392,1987,37,110,34,17,24
392,1987,37,167,18,25,25
392,1987,37,138,32,24,26
393,1987,34,95,3,1,1
393,1987,34,137,3,4,2
393,1987,34,117,1,2,3
393,1987,34,102,32,3,4
393,1987,34,170,22,7,5
393,1987,34,166,25,25,6
393,1987,34,156,25,24,7
393,1987,34,140,1,9,8
393,1987,34,169,39,26,9
393,1987,34,77,6,6,10
393,1987,34,138,32,16,11
393,1987,34,105,6,8,12
393,1987,34,118,21,10,13
393,1987,34,112,33,23,14
393,1987,34,122,37,22,15
393,1987,34,167,18,21,16
393,1987,34,163,27,13,17
393,1987,34,123,22,5,18
393,1987,34,157,49,19,19
393,1987,34,160,27,17,20
393,1987,34,145,18,15,21
393,1987,34,119,34,12,22
393,1987,34,84,49,18,23
393,1987,34,133,45,20,24
393,1987,34,110,34,11,25
393,1987,34,158,21,14,26
394,1987,9,95,3,2,1
394,1987,9,137,3,1,2
394,1987,9,102,32,3,3
394,1987,9,138,32,12,4
394,1987,9,118,21,13,5
394,1987,9,170,22,6,6
394,1987,9,123,22,5,7
394,1987,9,156,25,23,8
394,1987,9,169,39,25,9
394,1987,9,166,25,22,10
394,1987,9,84,49,17,11
394,1987,9,117,1,4,12
394,1987,9,105,6,7,13
394,1987,9,158,21,14,14
394,1987,9,167,18,19,15
394,1987,9,133,45,20,16
394,1987,9,157,49,18,17
394,1987,9,119,34,11,18
394,1987,9,140,1,10,19
394,1987,9,145,18,15,20
394,1987,9,110,34,9,21
394,1987,9,77,6,8,22
394,1987,9,112,33,21,23
394,1987,9,163,27,16,24
394,1987,9,122,37,24,25
394,1987,9,160,27,19,26
395,1987,10,137,3,4,1
395,1987,10,140,1,8,2
395,1987,10,102,32,2,3
395,1987,10,166,25,22,4
395,1987,10,156,25,23,5
395,1987,10,112,33,21,6
395,1987,10,117,1,3,7
395,1987,10,84,49,19,8
395,1987,10,160,27,17,9
395,1987,10,167,18,18,10
395,1987,10,123,22,6,11
395,1987,10,95,3,1,12
395,1987,10,145,18,16,13
395,1987,10,118,21,13,14
395,1987,10,157,49,20,15
395,1987,10,77,6,10,16
395,1987,10,170,22,9,17
395,1987,10,133,45,26,18
395,1987,10,110,34,7,19
395,1987,10,105,6,5,20
395,1987,10,169,39,25,21
395,1987,10,158,21,15,22
395,1987,10,138,32,14,23
395,1987,10,122,37,24,24
395,1987,10,163,27,12,25
395,1987,10,119,34,11,26
396,1987,11,137,3,3,1
396,1987,11,102,32,6,2
396,1987,11,117,1,4,3
396,1987,11,123,22,7,4
396,1987,11,119,34,10,5
396,1987,11,118,21,9,6
396,1987,11,156,25,16,7
396,1987,11,158,21,11,8
396,1987,11,166,25,14,9
396,1987,11,122,37,18,10
396,1987,11,145,18,20,11
396,1987,11,160,27,25,12
396,1987,11,169,39,26,13
396,1987,11,95,3,1,14
396,1987,11,133,45,21,15
396,1987,11,163,27,19,16
396,1987,11,112,33,15,17
396,1987,11,84,49,22,18
396,1987,11,105,6,5,19
396,1987,11,110,34,13,20
396,1987,11,140,1,8,21
396,1987,11,170,22,12,22
396,1987,11,167,18,24,23
396,1987,11,77,6,2,24
396,1987,11,157,49,23,25
396,1987,11,138,32,17,26
397,1987,70,95,3,2,1
397,1987,70,137,3,1,2
397,1987,70,170,22,5,3
397,1987,70,123,22,4,4
397,1987,70,102,32,7,5
397,1987,70,117,1,9,6
397,1987,70,140,1,14,7
397,1987,70,160,27,18,8
397,1987,70,157,49,20,9
397,1987,70,163,27,16,10
397,1987,70,122,37,23,11
397,1987,70,112,33,22,12
397,1987,70,138,32,13,13
397,1987,70,156,25,24,14
397,1987,70,84,49,17,15
397,1987,70,169,39,26,16
397,1987,70,119,34,8,17
397,1987,70,105,6,6,18
397,1987,70,110,34,10,19
397,1987,70,118,21,11,20
397,1987,70,158,21,12,21
397,1987,70,77,6,3,22
397,1987,70,167,18,19,23
397,1987,70,145,18,15,24
397,1987,70,133,45,21,25
397,1987,70,166,25,25,26
398,1987,14,137,3,1,1
398,1987,14,102,32,4,2
398,1987,14,95,3,2,3
398,1987,14,77,6,3,4
398,1987,14,123,22,6,5
398,1987,14,140,1,11,6
398,1987,14,170,22,7,7
398,1987,14,160,27,19,8
398,1987,14,157,49,16,9
398,1987,14,163,27,15,10
398,1987,14,138,32,14,11
398,1987,14,166,25,24,12
398,1987,14,122,37,25,13
398,1987,14,156,25,22,14
398,1987,14,117,1,5,15
398,1987,14,145,18,18,16
398,1987,14,84,49,17,17
398,1987,14,112,33,23,18
398,1987,14,167,18,20,19
398,1987,14,158,21,13,20
398,1987,14,171,45,26,21
398,1987,14,133,45,21,22
398,1987,14,105,6,8,23
398,1987,14,118,21,12,24
398,1987,14,110,34,10,25
398,1987,14,119,34,9,26
398,1987,14,78,42,0,27
398,1987,14,169,39,0,28
399,1987,27,117,1,3,1
399,1987,27,77,6,1,2
399,1987,27,137,3,4,3
399,1987,27,170,22,10,4
399,1987,27,140,1,8,5
399,1987,27,158,21,11,6
399,1987,27,102,32,5,7
399,1987,27,138,32,15,8
399,1987,27,122,37,22,9
399,1987,27,156,25,24,10
399,1987,27,145,18,14,11
399,1987,27,166,25,21,12
399,1987,27,118,21,12,13
399,1987,27,123,22,9,14
399,1987,27,110,34,13,15
399,1987,27,105,6,6,16
399,1987,27,84,49,17,17
399,1987,27,171,45,26,18
399,1987,27,112,33,19,19
399,1987,27,163,27,18,20
399,1987,27,133,45,25,21
399,1987,27,160,27,23,22
399,1987,27,167,18,20,23
399,1987,27,95,3,2,24
399,1987,27,119,34,7,25
399,1987,27,157,49,16,26
400,1987,26,95,3,2,1
400,1987,26,117,1,7,2
400,1987,26,140,1,11,3
400,1987,26,137,3,1,4
400,1987,26,102,32,5,5
400,1987,26,112,33,17,6
400,1987,26,166,25,15,7
400,1987,26,158,21,13,8
400,1987,26,138,32,18,9
400,1987,26,118,21,12,10
400,1987,26,84,49,20,11
400,1987,26,122,37,19,12
400,1987,26,119,34,9,13
400,1987,26,167,18,24,14
400,1987,26,105,6,4,15
400,1987,26,123,22,8,16
400,1987,26,77,6,3,17
400,1987,26,156,25,16,18
400,1987,26,163,27,14,19
400,1987,26,157,49,22,20
400,1987,26,145,18,21,21
400,1987,26,170,22,6,22
400,1987,26,110,34,10,23
400,1987,26,160,27,23,24
400,1987,26,169,39,25,25
400,1987,26,78,42,26,26
400,1987,26,133,45,0,27
401,1987,32,95,3,1,1
401,1987,32,137,3,3,2
401,1987,32,119,34,8,3
401,1987,32,158,21,13,4
401,1987,32,170,22,6,5
401,1987,32,112,33,24,6
401,1987,32,156,25,22,7
401,1987,32,166,25,25,8
401,1987,32,114,33,23,9
401,1987,32,102,32,7,10
401,1987,32,122,37,20,11
401,1987,32,133,45,26,12
401,1987,32,160,27,21,13
401,1987,32,167,18,19,14
401,1987,32,163,27,18,15
401,1987,32,118,21,11,16
401,1987,32,110,34,10,17
401,1987,32,77,6,2,18
401,1987,32,123,22,4,19
401,1987,32,145,18,14,20
401,1987,32,105,6,9,21
401,1987,32,84,49,13,22
401,1987,32,140,1,15,23
401,1987,32,138,32,16,24
401,1987,32,157,49,17,25
401,1987,32,117,1,5,26
402,1987,22,77,6,1,1
402,1987,22,102,32,7,2
402,1987,22,140,1,9,3
402,1987,22,105,6,4,4
402,1987,22,123,22,3,5
402,1987,22,138,32,11,6
402,1987,22,117,1,2,7
402,1987,22,156,25,19,8
402,1987,22,158,21,12,9
402,1987,22,118,21,13,10
402,1987,22,119,34,8,11
402,1987,22,166,25,25,12
402,1987,22,160,27,24,13
402,1987,22,114,33,22,14
402,1987,22,137,3,5,15
402,1987,22,163,27,17,16
402,1987,22,133,45,23,17
402,1987,22,90,39,26,18
402,1987,22,145,18,14,19
402,1987,22,84,49,15,20
402,1987,22,110,34,10,21
402,1987,22,170,22,6,22
402,1987,22,157,49,16,23
402,1987,22,122,37,20,24
402,1987,22,167,18,21,25
402,1987,22,112,33,18,26
402,1987,22,95,3,0,27
403,1987,29,77,6,1,1
403,1987,29,105,6,6,2
403,1987,29,123,22,5,3
403,1987,29,156,25,19,4
403,1987,29,114,33,21,5
403,1987,29,90,39,25,6
403,1987,29,157,49,24,7
403,1987,29,110,34,10,8
403,1987,29,119,3,7,9
403,1987,29,102,32,4,10
403,1987,29,137,3,3,11
403,1987,29,122,37,23,12
403,1987,29,117,1,2,13
403,1987,29,158,21,11,14
403,1987,29,140,1,8,15
403,1987,29,170,22,9,16
403,1987,29,167,18,26,17
403,1987,29,112,33,17,18
403,1987,29,163,27,20,19
403,1987,29,131,34,15,20
403,1987,29,160,27,22,21
403,1987,29,138,32,14,22
403,1987,29,118,21,12,23
403,1987,29,84,49,16,24
403,1987,29,166,25,18,25
403,1987,29,145,18,13,26
403,1987,29,133,45,27,27
404,1986,36,137,3,2,1
404,1986,36,102,32,1,2
404,1986,36,172,27,5,3
404,1986,36,163,27,4,4
404,1986,36,84,25,17,5
404,1986,36,77,22,16,6
404,1986,36,166,25,18,7
404,1986,36,173,34,14,8
404,1986,36,174,32,11,9
404,1986,36,170,22,12,10
404,1986,36,123,21,15,11
404,1986,36,105,6,6,12
404,1986,36,117,1,9,13
404,1986,36,157,45,24,14
404,1986,36,140,6,8,15
404,1986,36,175,26,13,16
404,1986,36,119,34,10,17
404,1986,36,156,49,21,18
404,1986,36,176,21,20,19
404,1986,36,145,18,25,20
404,1986,36,110,18,22,21
404,1986,36,160,45,23,22
404,1986,36,177,1,7,23
404,1986,36,178,26,19,24
404,1986,36,95,3,3,25
405,1986,26,102,32,1,1
405,1986,26,95,3,3,2
405,1986,26,117,1,4,3
405,1986,26,177,1,5,4
405,1986,26,170,22,9,5
405,1986,26,77,22,7,6
405,1986,26,123,21,19,7
405,1986,26,175,26,18,8
405,1986,26,174,32,10,9
405,1986,26,84,25,12,10
405,1986,26,172,27,8,11
405,1986,26,176,21,22,12
405,1986,26,137,3,2,13
405,1986,26,173,34,15,14
405,1986,26,163,27,6,15
405,1986,26,105,6,13,16
405,1986,26,166,25,20,17
405,1986,26,157,45,23,18
405,1986,26,140,6,11,19
405,1986,26,160,45,21,20
405,1986,26,119,34,14,21
405,1986,26,110,18,24,22
405,1986,26,156,49,16,23
405,1986,26,178,26,17,24
405,1986,26,145,18,25,25
406,1986,21,117,1,4,1
406,1986,21,137,3,2,2
406,1986,21,77,22,9,3
406,1986,21,140,6,7,4
406,1986,21,177,1,6,5
406,1986,21,119,34,16,6
406,1986,21,123,21,12,7
406,1986,21,84,25,13,8
406,1986,21,176,21,15,9
406,1986,21,105,6,5,10
406,1986,21,160,45,26,11
406,1986,21,163,27,8,12
406,1986,21,166,25,22,13
406,1986,21,170,22,10,14
406,1986,21,156,49,20,15
406,1986,21,157,45,25,16
406,1986,21,178,26,21,17
406,1986,21,110,18,23,18
406,1986,21,173,34,19,19
406,1986,21,172,27,14,20
406,1986,21,102,32,1,21
406,1986,21,95,3,3,22
406,1986,21,174,32,17,23
406,1986,21,179,49,24,24
406,1986,21,175,26,11,25
406,1986,21,145,18,18,26
407,1986,6,117,1,1,1
407,1986,6,177,1,9,2
407,1986,6,102,32,3,3
407,1986,6,95,3,2,4
407,1986,6,163,27,12,5
407,1986,6,172,27,7,6
407,1986,6,137,3,11,7
407,1986,6,123,21,14,8
407,1986,6,176,21,17,9
407,1986,6,140,6,15,10
407,1986,6,166,25,13,11
407,1986,6,156,49,19,12
407,1986,6,84,25,10,13
407,1986,6,175,26,8,14
407,1986,6,77,22,5,15
407,1986,6,119,34,6,16
407,1986,6,105,6,4,17
407,1986,6,173,34,20,18
407,1986,6,170,22,16,19
407,1986,6,178,26,18,20
407,1986,6,160,45,0,21
407,1986,6,174,32,0,22
407,1986,6,179,49,0,23
407,1986,6,157,45,0,24
407,1986,6,110,18,0,25
408,1986,13,95,3,5,1
408,1986,13,102,32,4,2
408,1986,13,140,6,11,3
408,1986,13,105,6,9,4
408,1986,13,172,27,17,5
408,1986,13,117,1,3,6
408,1986,13,170,22,6,7
408,1986,13,119,34,15,8
408,1986,13,176,21,21,9
408,1986,13,77,22,2,10
408,1986,13,178,26,16,11
408,1986,13,166,25,18,12
408,1986,13,156,49,20,13
408,1986,13,110,18,19,14
408,1986,13,179,49,23,15
408,1986,13,84,25,12,16
408,1986,13,145,18,22,17
408,1986,13,163,27,7,18
408,1986,13,137,3,1,19
408,1986,13,123,21,14,20
408,1986,13,174,32,13,21
408,1986,13,177,1,8,22
408,1986,13,160,45,24,23
408,1986,13,157,45,25,24
408,1986,13,175,26,10,25
409,1986,7,95,3,1,1
409,1986,7,117,1,4,2
409,1986,7,137,3,3,3
409,1986,7,177,1,6,4
409,1986,7,102,32,2,5
409,1986,7,163,27,5,6
409,1986,7,172,27,8,7
409,1986,7,105,6,11,8
409,1986,7,84,25,19,9
409,1986,7,178,26,13,10
409,1986,7,166,25,17,11
409,1986,7,179,49,24,12
409,1986,7,119,34,9,13
409,1986,7,160,45,23,14
409,1986,7,110,18,21,15
409,1986,7,123,21,12,16
409,1986,7,77,22,7,17
409,1986,7,140,6,18,18
409,1986,7,174,32,16,19
409,1986,7,156,49,22,20
409,1986,7,118,34,10,21
409,1986,7,145,18,20,22
409,1986,7,170,22,15,23
409,1986,7,157,45,25,24
409,1986,7,175,26,14,25
410,1986,37,102,32,1,1
410,1986,37,172,27,6,2
410,1986,37,117,1,7,3
410,1986,37,105,6,11,4
410,1986,37,95,3,2,5
410,1986,37,119,34,8,6
410,1986,37,174,32,14,7
410,1986,37,156,49,20,8
410,1986,37,166,25,18,9
410,1986,37,118,34,15,10
410,1986,37,157,21,19,11
410,1986,37,163,27,4,12
410,1986,37,123,21,13,13
410,1986,37,110,18,23,14
410,1986,37,137,3,3,15
410,1986,37,140,6,5,16
410,1986,37,170,22,17,17
410,1986,37,158,26,10,18
410,1986,37,178,26,21,19
410,1986,37,180,45,25,20
410,1986,37,84,25,16,21
410,1986,37,160,45,22,22
410,1986,37,177,1,9,23
410,1986,37,77,22,12,24
410,1986,37,145,18,24,25
410,1986,37,179,49,26,26
411,1986,34,95,3,2,1
411,1986,34,117,1,5,2
411,1986,34,137,3,3,3
411,1986,34,177,1,7,4
411,1986,34,163,27,4,5
411,1986,34,172,27,11,6
411,1986,34,119,34,16,7
411,1986,34,105,6,9,8
411,1986,34,118,34,14,9
411,1986,34,84,25,15,10
411,1986,34,157,21,18,11
411,1986,34,123,21,21,12
411,1986,34,175,26,13,13
411,1986,34,174,32,12,14
411,1986,34,156,49,22,15
411,1986,34,166,25,17,16
411,1986,34,179,49,24,17
411,1986,34,180,45,26,18
411,1986,34,77,22,8,19
411,1986,34,170,22,6,20
411,1986,34,140,6,10,21
411,1986,34,102,32,1,22
411,1986,34,160,45,25,23
411,1986,34,145,18,19,24
411,1986,34,110,18,23,25
411,1986,34,178,26,20,26
412,1986,38,95,3,2,1
412,1986,38,137,3,1,2
412,1986,38,117,1,6,3
412,1986,38,163,27,8,4
412,1986,38,84,25,11,5
412,1986,38,166,25,16,6
412,1986,38,174,32,10,7
412,1986,38,118,34,9,8
412,1986,38,156,49,22,9
412,1986,38,123,21,13,10
412,1986,38,175,26,17,11
412,1986,38,105,6,12,12
412,1986,38,145,18,20,13
412,1986,38,170,22,7,14
412,1986,38,119,34,15,15
412,1986,38,102,32,3,16
412,1986,38,179,49,25,17
412,1986,38,110,18,21,18
412,1986,38,77,22,4,19
412,1986,38,178,26,14,20
412,1986,38,140,6,18,21
412,1986,38,177,1,5,22
412,1986,38,172,27,19,23
412,1986,38,157,21,23,24
412,1986,38,160,45,24,25
412,1986,38,180,45,26,26
413,1986,10,137,3,5,1
413,1986,10,102,32,3,2
413,1986,10,95,3,6,3
413,1986,10,163,27,8,4
413,1986,10,177,1,1,5
413,1986,10,117,1,2,6
413,1986,10,118,34,20,7
413,1986,10,175,26,13,8
413,1986,10,178,26,19,9
413,1986,10,77,22,4,10
413,1986,10,140,6,11,11
413,1986,10,180,45,26,12
413,1986,10,157,21,17,13
413,1986,10,179,49,24,14
413,1986,10,156,49,16,15
413,1986,10,84,25,15,16
413,1986,10,119,34,7,17
413,1986,10,110,18,23,18
413,1986,10,145,18,22,19
413,1986,10,174,32,12,20
413,1986,10,123,21,21,21
413,1986,10,112,27,14,22
413,1986,10,160,45,25,23
413,1986,10,166,25,18,24
413,1986,10,105,6,10,25
413,1986,10,170,22,9,26
414,1986,11,137,3,2,1
414,1986,11,102,32,1,2
414,1986,11,95,3,4,3
414,1986,11,140,6,7,4
414,1986,11,174,32,8,5
414,1986,11,84,25,16,6
414,1986,11,175,26,6,7
414,1986,11,166,25,18,8
414,1986,11,112,27,12,9
414,1986,11,156,49,24,10
414,1986,11,163,27,9,11
414,1986,11,178,26,10,12
414,1986,11,77,22,11,13
414,1986,11,123,21,22,14
414,1986,11,177,1,5,15
414,1986,11,170,22,13,16
414,1986,11,145,18,17,17
414,1986,11,105,6,15,18
414,1986,11,118,34,19,19
414,1986,11,117,1,3,20
414,1986,11,160,45,23,21
414,1986,11,157,21,21,22
414,1986,11,119,34,14,23
414,1986,11,110,18,20,24
414,1986,11,179,49,25,25
414,1986,11,180,45,26,26
415,1986,70,117,1,5,1
415,1986,70,105,6,9,2
415,1986,70,140,6,14,3
415,1986,70,178,26,16,4
415,1986,70,175,26,13,5
415,1986,70,157,21,22,6
415,1986,70,77,22,2,7
415,1986,70,179,49,24,8
415,1986,70,177,1,3,9
415,1986,70,163,27,12,10
415,1986,70,160,45,25,11
415,1986,70,95,3,6,12
415,1986,70,137,3,7,13
415,1986,70,123,21,18,14
415,1986,70,170,22,1,15
415,1986,70,112,27,11,16
415,1986,70,145,18,19,17
415,1986,70,110,18,23,18
415,1986,70,102,32,8,19
415,1986,70,84,25,17,20
415,1986,70,166,25,20,21
415,1986,70,174,32,15,22
415,1986,70,156,49,21,23
415,1986,70,180,45,26,24
415,1986,70,119,34,4,25
415,1986,70,118,34,10,26
416,1986,14,137,3,6,1
416,1986,14,95,3,3,2
416,1986,14,140,6,12,3
416,1986,14,177,1,8,4
416,1986,14,77,22,4,5
416,1986,14,178,26,18,6
416,1986,14,123,21,13,7
416,1986,14,157,21,16,8
416,1986,14,166,25,23,9
416,1986,14,84,25,20,10
416,1986,14,133,45,27,11
416,1986,14,170,22,1,12
416,1986,14,105,6,9,13
416,1986,14,110,18,21,14
416,1986,14,122,39,25,15
416,1986,14,163,27,11,16
416,1986,14,156,49,22,17
416,1986,14,117,1,2,18
416,1986,14,112,27,14,19
416,1986,14,174,32,17,20
416,1986,14,118,34,7,21
416,1986,14,145,18,19,22
416,1986,14,160,45,26,23
416,1986,14,175,26,15,24
416,1986,14,119,34,10,25
416,1986,14,179,49,24,26
416,1986,14,102,32,5,27
417,1986,27,95,3,2,1
417,1986,27,117,1,3,2
417,1986,27,137,3,6,3
417,1986,27,102,32,1,4
417,1986,27,105,6,13,5
417,1986,27,140,6,8,6
417,1986,27,163,27,10,7
417,1986,27,170,22,5,8
417,1986,27,174,32,15,9
417,1986,27,123,21,21,10
417,1986,27,157,21,22,11
417,1986,27,156,49,20,12
417,1986,27,180,45,27,13
417,1986,27,119,34,9,14
417,1986,27,175,26,14,15
417,1986,27,145,18,18,16
417,1986,27,77,22,4,17
417,1986,27,110,18,16,18
417,1986,27,177,1,7,19
417,1986,27,118,34,12,20
417,1986,27,112,27,11,21
417,1986,27,166,25,23,22
417,1986,27,84,25,19,23
417,1986,27,178,26,17,24
417,1986,27,179,49,26,25
417,1986,27,160,45,24,26
417,1986,27,122,39,25,27
418,1986,32,77,22,4,1
418,1986,32,117,1,6,2
418,1986,32,102,32,1,3
418,1986,32,137,3,2,4
418,1986,32,95,3,3,5
418,1986,32,112,27,10,6
418,1986,32,123,21,21,7
418,1986,32,110,18,22,8
418,1986,32,157,21,20,9
418,1986,32,156,49,18,10
418,1986,32,84,25,16,11
418,1986,32,140,6,14,12
418,1986,32,119,34,5,13
418,1986,32,145,18,24,14
418,1986,32,163,27,13,15
418,1986,32,180,45,26,16
418,1986,32,174,32,17,17
418,1986,32,118,34,7,18
418,1986,32,178,26,15,19
418,1986,32,177,1,11,20
418,1986,32,105,6,12,21
418,1986,32,160,45,25,22
418,1986,32,166,25,19,23
418,1986,32,170,22,9,24
418,1986,32,175,26,8,25
419,1986,29,117,1,4,1
419,1986,29,137,3,2,2
419,1986,29,140,6,12,3
419,1986,29,84,25,16,4
419,1986,29,166,25,10,5
419,1986,29,174,32,14,6
419,1986,29,163,27,5,7
419,1986,29,112,27,8,8
419,1986,29,156,49,21,9
419,1986,29,170,22,13,10
419,1986,29,175,26,17,11
419,1986,29,95,3,1,12
419,1986,29,119,34,19,13
419,1986,29,177,1,7,14
419,1986,29,180,45,26,15
419,1986,29,118,34,20,16
419,1986,29,157,21,24,17
419,1986,29,123,21,22,18
419,1986,29,102,32,3,19
419,1986,29,110,18,11,20
419,1986,29,77,22,6,21
419,1986,29,179,49,23,22
419,1986,29,178,26,15,23
419,1986,29,145,18,18,24
419,1986,29,160,45,25,25
419,1986,29,105,6,9,26
420,1985,36,117,1,6,1
420,1985,36,105,6,1,2
420,1985,36,173,32,3,3
420,1985,36,163,6,7,4
420,1985,36,175,4,11,5
420,1985,36,172,27,15,6
420,1985,36,140,25,23,7
420,1985,36,84,25,21,8
420,1985,36,112,50,20,9
420,1985,36,118,4,10,10
420,1985,36,123,21,12,11
420,1985,36,160,45,22,12
420,1985,36,181,50,16,13
420,1985,36,77,21,19,14
420,1985,36,102,32,4,15
420,1985,36,158,51,18,16
420,1985,36,94,18,25,17
420,1985,36,182,1,9,18
420,1985,36,110,27,13,19
420,1985,36,119,51,14,20
420,1985,36,177,3,2,21
420,1985,36,183,34,17,22
420,1985,36,95,3,5,23
420,1985,36,184,52,24,24
420,1985,36,137,34,8,25
421,1985,27,102,32,1,1
421,1985,27,105,6,5,2
421,1985,27,175,4,12,3
421,1985,27,173,32,4,4
421,1985,27,95,3,9,5
421,1985,27,185,25,21,6
421,1985,27,118,4,6,7
421,1985,27,140,6,11,8
421,1985,27,160,45,26,9
421,1985,27,181,50,15,10
421,1985,27,182,1,7,11
421,1985,27,158,51,14,12
421,1985,27,117,1,2,13
421,1985,27,110,27,8,14
421,1985,27,137,34,16,15
421,1985,27,123,21,10,16
421,1985,27,84,25,22,17
421,1985,27,184,52,29,18
421,1985,27,177,3,3,19
421,1985,27,172,27,18,20
421,1985,27,77,21,17,21
421,1985,27,94,18,25,22
421,1985,27,119,51,13,23
421,1985,27,112,50,20,24
421,1985,27,183,34,19,25
421,1985,27,156,49,23,26
422,1985,21,173,32,3,1
422,1985,21,123,21,5,2
422,1985,21,175,4,11,3
422,1985,21,182,1,8,4
422,1985,21,95,3,7,5
422,1985,21,140,6,15,6
422,1985,21,102,32,1,7
422,1985,21,137,34,9,8
422,1985,21,84,25,25,9
422,1985,21,118,4,14,10
422,1985,21,117,1,6,11
422,1985,21,158,51,12,12
422,1985,21,160,45,22,13
422,1985,21,105,6,4,14
422,1985,21,181,50,23,15
422,1985,21,112,50,21,16
422,1985,21,177,3,2,17
422,1985,21,172,27,16,18
422,1985,21,94,18,19,19
422,1985,21,110,27,13,20
422,1985,21,184,52,26,21
422,1985,21,183,34,20,22
422,1985,21,185,25,24,23
422,1985,21,77,21,18,24
422,1985,21,119,51,18,25
422,1985,21,156,49,17,26
423,1985,6,117,1,5,1
423,1985,6,105,6,3,2
423,1985,6,173,32,9,3
423,1985,6,110,27,8,4
423,1985,6,118,4,10,5
423,1985,6,172,27,16,6
423,1985,6,95,3,2,7
423,1985,6,177,3,7,8
423,1985,6,123,21,6,9
423,1985,6,84,25,18,10
423,1985,6,156,49,19,11
423,1985,6,182,1,14,12
423,1985,6,119,51,12,13
423,1985,6,137,34,13,14
423,1985,6,170,53,20,15
423,1985,6,102,32,1,16
423,1985,6,158,51,4,17
423,1985,6,140,6,15,18
423,1985,6,77,21,11,19
423,1985,6,175,4,17,20
423,1985,6,160,45,0,21
423,1985,6,185,25,0,22
423,1985,6,112,50,0,23
423,1985,6,181,50,0,24
423,1985,6,183,34,0,25
424,1985,7,105,6,3,1
424,1985,7,140,6,4,2
424,1985,7,117,1,5,3
424,1985,7,177,3,8,4
424,1985,7,173,32,1,5
424,1985,7,95,3,16,6
424,1985,7,175,4,10,7
424,1985,7,172,27,19,8
424,1985,7,123,21,7,9
424,1985,7,119,51,13,10
424,1985,7,185,25,23,11
424,1985,7,84,25,24,12
424,1985,7,77,21,12,13
424,1985,7,110,27,15,14
424,1985,7,176,34,20,15
424,1985,7,102,32,2,16
424,1985,7,158,51,11,17
424,1985,7,94,18,25,18
424,1985,7,182,1,17,19
424,1985,7,160,45,22,20
424,1985,7,112,50,21,21
424,1985,7,118,4,6,22
424,1985,7,181,50,14,23
424,1985,7,170,53,18,24
424,1985,7,137,34,9,25
425,1985,37,177,3,5,1
425,1985,37,140,6,9,2
425,1985,37,105,6,3,3
425,1985,37,185,25,19,4
425,1985,37,173,32,8,5
425,1985,37,137,34,10,6
425,1985,37,123,21,21,7
425,1985,37,176,34,11,8
425,1985,37,158,51,7,9
425,1985,37,110,27,17,10
425,1985,37,77,21,24,11
425,1985,37,172,27,16,12
425,1985,37,102,32,1,13
425,1985,37,84,25,18,14
425,1985,37,112,50,23,15
425,1985,37,95,3,2,16
425,1985,37,117,1,4,17
425,1985,37,119,51,14,18
425,1985,37,118,4,6,19
425,1985,37,175,4,15,20
425,1985,37,94,18,25,21
425,1985,37,182,1,12,22
425,1985,37,170,53,13,23
425,1985,37,181,50,20,24
425,1985,37,160,45,22,25
426,1985,34,137,34,5,1
426,1985,34,177,3,1,2
426,1985,34,117,1,4,3
426,1985,34,140,6,16,4
426,1985,34,173,32,7,5
426,1985,34,175,4,10,6
426,1985,34,118,4,11,7
426,1985,34,176,34,14,8
426,1985,34,123,21,12,9
426,1985,34,158,51,18,10
426,1985,34,119,51,17,11
426,1985,34,181,50,20,12
426,1985,34,185,25,26,13
426,1985,34,170,53,19,14
426,1985,34,160,45,24,15
426,1985,34,84,25,21,16
426,1985,34,182,1,6,17
426,1985,34,102,32,2,18
426,1985,34,77,21,9,19
426,1985,34,94,18,25,20
426,1985,34,112,50,23,21
426,1985,34,156,49,22,22
426,1985,34,105,6,3,23
426,1985,34,110,27,13,24
426,1985,34,172,27,15,25
426,1985,34,95,3,8,26
427,1985,9,117,1,3,1
427,1985,9,105,6,6,2
427,1985,9,172,27,16,3
427,1985,9,137,34,2,4
427,1985,9,118,4,12,5
427,1985,9,176,34,15,6
427,1985,9,84,25,20,7
427,1985,9,77,21,17,8
427,1985,9,119,51,14,9
427,1985,9,102,32,4,10
427,1985,9,185,25,26,11
427,1985,9,182,1,10,12
427,1985,9,123,21,19,13
427,1985,9,110,27,7,14
427,1985,9,94,18,23,15
427,1985,9,173,32,8,16
427,1985,9,181,50,18,17
427,1985,9,177,3,1,18
427,1985,9,95,3,5,19
427,1985,9,158,51,22,20
427,1985,9,156,49,24,21
427,1985,9,170,53,9,22
427,1985,9,140,6,11,23
427,1985,9,175,4,13,24
427,1985,9,112,50,21,25
427,1985,9,160,45,25,26
428,1985,20,105,6,8,1
428,1985,20,117,1,3,2
428,1985,20,172,27,13,3
428,1985,20,123,21,15,4
428,1985,20,182,1,12,5
428,1985,20,95,3,10,6
428,1985,20,77,21,17,7
428,1985,20,185,25,19,8
428,1985,20,140,6,2,9
428,1985,20,84,25,26,10
428,1985,20,94,18,27,11
428,1985,20,177,3,4,12
428,1985,20,158,51,18,13
428,1985,20,173,32,7,14
428,1985,20,179,45,25,15
428,1985,20,170,53,1,16
428,1985,20,102,32,5,17
428,1985,20,118,4,20,18
428,1985,20,137,34,6,19
428,1985,20,175,4,16,20
428,1985,20,176,34,11,21
428,1985,20,181,50,22,22
428,1985,20,119,51,9,23
428,1985,20,183,4,23,24
428,1985,20,112,50,21,25
428,1985,20,156,49,24,26
428,1985,20,110,27,14,27
429,1985,70,117,1,1,1
429,1985,70,102,32,14,2
429,1985,70,105,6,9,3
429,1985,70,140,6,12,4
429,1985,70,173,32,7,5
429,1985,70,176,34,11,6
429,1985,70,185,25,22,7
429,1985,70,123,21,16,8
429,1985,70,179,45,24,9
429,1985,70,175,4,8,10
429,1985,70,172,27,15,11
429,1985,70,94,18,23,12
429,1985,70,182,1,3,13
429,1985,70,77,21,17,14
429,1985,70,170,53,6,15
429,1985,70,118,4,13,16
429,1985,70,186,50,23,17
429,1985,70,137,34,5,18
429,1985,70,95,3,2,19
429,1985,70,119,51,10,20
429,1985,70,156,49,25,21
429,1985,70,112,50,21,22
429,1985,70,110,27,18,23
429,1985,70,158,51,20,24
429,1985,70,177,3,4,25
429,1985,70,160,53,19,26
429,1985,70,84,25,0,27
430,1985,39,182,1,10,1
430,1985,39,117,1,3,2
430,1985,39,102,32,4,3
430,1985,39,105,6,16,4
430,1985,39,173,32,11,5
430,1985,39,95,3,7,6
430,1985,39,84,25,21,7
430,1985,39,137,34,1,8
430,1985,39,77,21,14,9
430,1985,39,176,34,9,10
430,1985,39,179,45,26,11
430,1985,39,123,21,8,12
430,1985,39,112,50,25,13
430,1985,39,185,25,22,14
430,1985,39,118,4,12,15
430,1985,39,110,27,18,16
430,1985,39,175,4,6,17
430,1985,39,177,3,2,18
430,1985,39,170,53,5,19
430,1985,39,172,27,13,20
430,1985,39,156,49,23,21
430,1985,39,160,53,15,22
430,1985,39,140,6,17,23
430,1985,39,94,18,24,24
430,1985,39,158,51,20,25
430,1985,39,119,51,19,26
431,1985,14,117,1,5,1
431,1985,14,137,34,4,2
431,1985,14,102,32,1,3
431,1985,14,176,34,9,4
431,1985,14,140,6,10,5
431,1985,14,173,32,6,6
431,1985,14,175,4,8,7
431,1985,14,84,25,18,8
431,1985,14,123,21,14,9
431,1985,14,166,27,19,10
431,1985,14,95,3,3,11
431,1985,14,170,53,15,12
431,1985,14,105,6,7,13
431,1985,14,177,3,2,14
431,1985,14,172,27,20,15
431,1985,14,182,1,16,16
431,1985,14,119,51,13,17
431,1985,14,179,45,22,18
431,1985,14,112,50,26,19
431,1985,14,77,21,11,20
431,1985,14,118,4,6,21
431,1985,14,178,26,25,22
431,1985,14,158,51,17,23
431,1985,14,186,50,24,24
431,1985,14,94,18,23,25
431,1985,14,160,53,0,26
432,1985,13,102,32,2,1
432,1985,13,95,3,7,2
432,1985,13,117,1,1,3
432,1985,13,177,3,10,4
432,1985,13,137,34,3,5
432,1985,13,118,4,14,6
432,1985,13,77,21,8,7
432,1985,13,176,34,12,8
432,1985,13,166,27,18,9
432,1985,13,123,21,9,10
432,1985,13,172,27,17,11
432,1985,13,94,18,24,12
432,1985,13,84,25,21,13
432,1985,13,179,45,23,14
432,1985,13,119,51,15,15
432,1985,13,158,51,19,16
432,1985,13,175,4,13,17
432,1985,13,170,53,11,18
432,1985,13,173,32,9,19
432,1985,13,157,49,22,20
432,1985,13,112,50,20,21
432,1985,13,140,6,5,22
432,1985,13,160,53,16,23
432,1985,13,105,6,4,24
433,1985,38,95,3,3,1
433,1985,38,102,32,1,2
433,1985,38,177,3,4,3
433,1985,38,117,1,6,4
433,1985,38,173,32,9,5
433,1985,38,123,21,12,6
433,1985,38,187,1,21,7
433,1985,38,166,27,5,8
433,1985,38,119,51,11,9
433,1985,38,77,21,19,10
433,1985,38,158,51,18,11
433,1985,38,175,4,17,12
433,1985,38,176,34,7,13
433,1985,38,140,6,13,14
433,1985,38,172,27,18,15
433,1985,38,157,49,25,16
433,1985,38,122,25,24,17
433,1985,38,84,25,16,18
433,1985,38,170,53,20,19
433,1985,38,112,50,23,20
433,1985,38,160,53,14,21
433,1985,38,178,26,22,22
433,1985,38,105,6,15,23
433,1985,38,137,34,2,24
433,1985,38,118,4,8,25
433,1985,38,94,18,26,26
434,1985,30,95,3,1,1
434,1985,30,177,3,3,2
434,1985,30,117,1,9,3
434,1985,30,140,6,16,4
434,1985,30,77,21,11,5
434,1985,30,123,21,10,6
434,1985,30,84,25,17,7
434,1985,30,173,32,6,8
434,1985,30,94,18,20,9
434,1985,30,182,1,8,10
434,1985,30,166,25,19,11
434,1985,30,102,32,4,12
434,1985,30,105,6,15,13
434,1985,30,137,34,2,14
434,1985,30,160,53,13,15
434,1985,30,170,53,7,16
434,1985,30,176,34,5,17
434,1985,30,179,45,21,18
434,1985,30,119,51,12,19
434,1985,30,158,51,14,20
434,1985,30,178,26,18,21
435,1985,29,177,3,3,1
435,1985,29,172,27,20,2
435,1985,29,166,27,18,3
435,1985,29,122,25,22,4
435,1985,29,140,6,15,5
435,1985,29,77,21,7,6
435,1985,29,179,45,25,7
435,1985,29,94,18,23,8
435,1985,29,102,32,1,9
435,1985,29,105,6,5,10
435,1985,29,182,1,16,11
435,1985,29,118,4,12,12
435,1985,29,84,25,17,13
435,1985,29,176,34,6,14
435,1985,29,119,51,14,15
435,1985,29,170,53,24,16
435,1985,29,123,21,11,17
435,1985,29,160,53,21,18
435,1985,29,117,1,4,19
435,1985,29,175,4,8,20
435,1985,29,178,26,19,21
435,1985,29,173,32,10,22
435,1985,29,137,34,9,23
435,1985,29,158,51,13,24
435,1985,29,95,3,2,25
436,1984,36,117,1,4,1
436,1984,36,177,3,9,2
436,1984,36,173,32,1,3
436,1984,36,158,51,12,4
436,1984,36,175,4,8,5
436,1984,36,123,21,20,6
436,1984,36,176,21,24,7
436,1984,36,156,50,26,8
436,1984,36,84,25,18,9
436,1984,36,118,4,3,10
436,1984,36,110,27,14,11
436,1984,36,119,51,11,12
436,1984,36,182,1,6,13
436,1984,36,95,32,5,14
436,1984,36,137,34,7,15
436,1984,36,170,34,15,16
436,1984,36,163,6,10,17
436,1984,36,160,45,21,18
436,1984,36,183,27,19,19
436,1984,36,112,50,25,20
436,1984,36,188,53,17,21
436,1984,36,172,3,13,22
436,1984,36,105,6,2,23
436,1984,36,184,52,23,24
436,1984,36,185,25,22,25
436,1984,36,102,53,16,26
436,1984,36,181,54,0,27
437,1984,30,182,1,8,1
437,1984,30,117,1,5,2
437,1984,30,118,4,9,3
437,1984,30,119,51,18,4
437,1984,30,110,27,14,5
437,1984,30,102,53,13,6
437,1984,30,173,32,7,7
437,1984,30,184,52,20,8
437,1984,30,176,21,23,9
437,1984,30,183,27,17,10
437,1984,30,105,6,10,11
437,1984,30,123,21,26,12
437,1984,30,84,25,25,13
437,1984,30,175,4,4,14
437,1984,30,185,25,24,15
437,1984,30,172,3,11,16
437,1984,30,181,54,12,17
437,1984,30,177,3,2,18
437,1984,30,95,32,3,19
437,1984,30,163,6,15,20
437,1984,30,137,34,1,21
437,1984,30,188,53,19,22
437,1984,30,112,50,22,23
437,1984,30,156,50,21,24
437,1984,30,170,34,6,25
437,1984,30,158,51,16,26
437,1984,30,160,45,0,27
438,1984,40,105,6,1,1
438,1984,40,118,4,4,2
438,1984,40,163,6,2,3
438,1984,40,177,3,3,4
438,1984,40,173,32,5,5
438,1984,40,102,53,19,6
438,1984,40,175,4,12,7
438,1984,40,176,21,24,8
438,1984,40,137,34,9,9
438,1984,40,156,50,26,10
438,1984,40,185,25,21,11
438,1984,40,184,52,25,12
438,1984,40,84,25,22,13
438,1984,40,110,27,13,14
438,1984,40,170,34,18,15
438,1984,40,181,54,6,16
438,1984,40,182,1,14,17
438,1984,40,158,51,11,18
438,1984,40,172,3,15,19
438,1984,40,183,27,23,20
438,1984,40,123,21,17,21
438,1984,40,160,45,20,22
438,1984,40,95,32,10,23
438,1984,40,117,1,8,24
438,1984,40,119,51,7,25
438,1984,40,188,53,16,26
438,1984,40,112,50,0,27
439,1984,21,117,1,2,1
439,1984,21,163,6,6,2
439,1984,21,173,32,11,3
439,1984,21,118,4,4,4
439,1984,21,123,21,20,5
439,1984,21,110,27,12,6
439,1984,21,158,51,8,7
439,1984,21,184,52,24,8
439,1984,21,156,50,25,9
439,1984,21,185,25,21,10
439,1984,21,84,25,22,11
439,1984,21,112,50,23,12
439,1984,21,188,53,19,13
439,1984,21,137,34,1,14
439,1984,21,170,34,9,15
439,1984,21,189,45,26,16
439,1984,21,176,21,16,17
439,1984,21,181,54,7,18
439,1984,21,105,6,13,19
439,1984,21,182,1,5,20
439,1984,21,172,3,15,21
439,1984,21,119,51,10,22
439,1984,21,95,32,18,23
439,1984,21,177,3,3,24
439,1984,21,175,4,14,25
439,1984,21,183,27,17,26
439,1984,21,160,45,0,27
439,1984,21,102,53,0,28
440,1984,41,182,1,9,1
440,1984,41,175,4,1,2
440,1984,41,95,32,6,3
440,1984,41,163,6,11,4
440,1984,41,173,32,2,5
440,1984,41,177,3,4,6
440,1984,41,117,1,5,7
440,1984,41,172,3,12,8
440,1984,41,170,34,17,9
440,1984,41,110,27,26,10
440,1984,41,123,21,14,11
440,1984,41,160,45,25,12
440,1984,41,156,50,21,13
440,1984,41,84,25,23,14
440,1984,41,184,52,24,15
440,1984,41,118,4,7,16
440,1984,41,176,21,19,17
440,1984,41,158,51,16,18
440,1984,41,102,53,13,19
440,1984,41,105,6,10,20
440,1984,41,188,53,18,21
440,1984,41,119,51,15,22
440,1984,41,137,34,3,23
440,1984,41,185,25,20,24
440,1984,41,181,54,8,25
440,1984,41,112,50,22,26
441,1984,6,117,1,1,1
441,1984,6,102,53,13,2
441,1984,6,163,6,3,3
441,1984,6,177,3,10,4
441,1984,6,173,32,11,5
441,1984,6,105,6,4,6
441,1984,6,160,45,19,7
441,1984,6,172,3,16,8
441,1984,6,185,25,20,9
441,1984,6,119,51,14,10
441,1984,6,182,1,8,11
441,1984,6,181,54,12,12
441,1984,6,95,32,2,13
441,1984,6,137,34,9,14
441,1984,6,183,27,17,15
441,1984,6,190,34,15,16
441,1984,6,188,53,18,17
441,1984,6,118,4,5,18
441,1984,6,175,4,6,19
441,1984,6,110,27,7,20
441,1984,6,176,21,0,21
441,1984,6,84,25,0,22
441,1984,6,158,51,0,23
441,1984,6,123,21,0,24
441,1984,6,156,50,0,25
441,1984,6,184,52,0,26
441,1984,6,112,50,0,27
442,1984,7,137,34,1,1
442,1984,7,182,1,8,2
442,1984,7,117,1,2,3
442,1984,7,173,32,3,4
442,1984,7,163,6,5,5
442,1984,7,95,32,7,6
442,1984,7,102,53,9,7
442,1984,7,181,54,12,8
442,1984,7,188,53,20,9
442,1984,7,112,50,26,10
442,1984,7,158,51,11,11
442,1984,7,84,25,21,12
442,1984,7,176,21,23,13
442,1984,7,118,4,4,14
442,1984,7,179,52,24,15
442,1984,7,185,25,22,16
442,1984,7,110,27,10,17
442,1984,7,190,34,16,18
442,1984,7,123,21,18,19
442,1984,7,119,51,14,20
442,1984,7,177,3,15,21
442,1984,7,172,3,17,22
442,1984,7,191,50,25,23
442,1984,7,160,45,19,24
442,1984,7,105,6,6,25
442,1984,7,183,27,13,26
443,1984,37,137,34,1,1
443,1984,37,173,32,5,2
443,1984,37,170,34,23,3
443,1984,37,117,1,2,4
443,1984,37,172,3,19,5
443,1984,37,84,25,11,6
443,1984,37,105,6,4,7
443,1984,37,177,3,21,8
443,1984,37,118,4,6,9
443,1984,37,185,25,16,10
443,1984,37,175,4,9,11
443,1984,37,112,50,20,12
443,1984,37,182,1,10,13
443,1984,37,95,32,3,14
443,1984,37,123,21,13,15
443,1984,37,110,27,12,16
443,1984,37,188,53,17,17
443,1984,37,158,51,8,18
443,1984,37,102,53,7,19
443,1984,37,119,51,25,20
443,1984,37,183,27,18,21
443,1984,37,160,45,26,22
443,1984,37,163,6,15,23
443,1984,37,156,50,24,24
443,1984,37,181,54,14,25
443,1984,37,176,21,22,26
443,1984,37,179,52,0,27
444,1984,42,177,3,8,1
444,1984,42,163,6,4,2
444,1984,42,173,32,2,3
444,1984,42,172,3,24,4
444,1984,42,160,45,18,5
444,1984,42,95,32,1,6
444,1984,42,190,34,11,7
444,1984,42,181,54,13,8
444,1984,42,182,1,5,9
444,1984,42,117,1,7,10
444,1984,42,123,21,20,11
444,1984,42,105,6,9,12
444,1984,42,176,21,22,13
444,1984,42,102,53,6,14
444,1984,42,156,50,25,15
444,1984,42,137,34,12,16
444,1984,42,175,4,10,17
444,1984,42,188,53,15,18
444,1984,42,110,27,16,19
444,1984,42,179,52,23,20
444,1984,42,119,51,21,21
444,1984,42,118,4,3,22
444,1984,42,185,25,17,23
444,1984,42,158,51,14,24
444,1984,42,183,27,19,25
444,1984,42,84,25,0,26
445,1984,38,182,1,3,1
445,1984,38,118,4,6,2
445,1984,38,102,53,7,3
445,1984,38,173,32,4,4
445,1984,38,105,6,9,5
445,1984,38,163,6,13,6
445,1984,38,137,34,1,7
445,1984,38,175,4,10,8
445,1984,38,160,45,21,9
445,1984,38,110,27,19,10
445,1984,38,176,21,15,11
445,1984,38,119,51,17,12
445,1984,38,185,25,26,13
445,1984,38,179,52,22,14
445,1984,38,183,27,20,15
445,1984,38,117,1,2,16
445,1984,38,95,32,8,17
445,1984,38,123,21,12,18
445,1984,38,172,3,16,19
445,1984,38,156,50,23,20
445,1984,38,170,34,14,21
445,1984,38,181,54,11,22
445,1984,38,177,3,5,23
445,1984,38,140,25,25,24
445,1984,38,158,51,18,25
445,1984,38,112,50,24,26
445,1984,38,189,45,27,27
445,1984,38,188,53,0,28
446,1984,10,117,1,1,1
446,1984,10,182,1,7,2
446,1984,10,118,4,3,3
446,1984,10,95,32,16,4
446,1984,10,175,4,4,5
446,1984,10,163,6,10,6
446,1984,10,110,27,11,7
446,1984,10,183,27,17,8
446,1984,10,179,52,24,9
446,1984,10,140,25,26,10
446,1984,10,181,54,13,11
446,1984,10,158,51,18,12
446,1984,10,170,34,8,13
446,1984,10,137,34,5,14
446,1984,10,119,51,20,15
446,1984,10,160,45,21,16
446,1984,10,189,45,23,17
446,1984,10,105,6,6,18
446,1984,10,156,50,25,19
446,1984,10,177,3,19,20
446,1984,10,172,3,12,21
446,1984,10,123,21,15,22
446,1984,10,173,32,2,23
446,1984,10,112,50,22,24
446,1984,10,102,53,9,25
446,1984,10,176,21,14,26
446,1984,10,191,25,0,27
447,1984,70,182,1,4,1
447,1984,70,137,34,1,2
447,1984,70,105,6,12,3
447,1984,70,170,34,7,4
447,1984,70,123,21,17,5
447,1984,70,176,21,19,6
447,1984,70,163,6,15,7
447,1984,70,183,27,21,8
447,1984,70,156,50,24,9
447,1984,70,119,51,13,10
447,1984,70,112,50,25,11
447,1984,70,77,54,20,12
447,1984,70,175,4,5,13
447,1984,70,102,53,10,14
447,1984,70,95,32,8,15
447,1984,70,117,1,2,16
447,1984,70,173,32,3,17
447,1984,70,179,52,26,18
447,1984,70,158,51,16,19
447,1984,70,118,4,6,20
447,1984,70,110,27,18,21
447,1984,70,177,3,9,22
447,1984,70,172,3,11,23
447,1984,70,189,45,22,24
447,1984,70,160,45,23,25
447,1984,70,185,25,0,26
447,1984,70,140,25,0,27
448,1984,39,117,1,1,1
448,1984,39,182,1,6,2
448,1984,39,95,32,12,3
448,1984,39,173,32,3,4
448,1984,39,170,34,10,5
448,1984,39,175,4,5,6
448,1984,39,183,27,20,7
448,1984,39,177,3,7,8
448,1984,39,156,50,22,9
448,1984,39,112,50,26,10
448,1984,39,163,6,15,11
448,1984,39,189,45,23,12
448,1984,39,158,51,17,13
448,1984,39,185,25,26,14
448,1984,39,140,25,25,15
448,1984,39,123,21,11,16
448,1984,39,179,52,27,17
448,1984,39,119,51,11,18
448,1984,39,110,27,14,19
448,1984,39,172,3,8,20
448,1984,39,118,4,4,21
448,1984,39,181,54,16,22
448,1984,39,102,53,13,23
448,1984,39,176,21,19,24
448,1984,39,137,34,2,25
448,1984,39,160,45,21,26
448,1984,39,105,6,9,27
449,1984,14,182,1,4,1
449,1984,14,105,6,11,2
449,1984,14,119,51,9,3
449,1984,14,140,53,17,4
449,1984,14,189,45,24,5
449,1984,14,77,54,20,6
449,1984,14,160,45,22,7
449,1984,14,179,52,25,8
449,1984,14,158,51,10,9
449,1984,14,123,21,19,10
449,1984,14,175,4,8,11
449,1984,14,170,34,5,12
449,1984,14,176,21,15,13
449,1984,14,118,4,12,14
449,1984,14,156,50,26,15
449,1984,14,137,34,1,16
449,1984,14,173,32,3,17
449,1984,14,95,32,7,18
449,1984,14,172,3,13,19
449,1984,14,177,3,6,20
449,1984,14,110,27,16,21
449,1984,14,183,27,18,22
449,1984,14,112,50,23,23
449,1984,14,163,6,14,24
449,1984,14,117,1,2,25
449,1984,14,181,54,21,26
449,1984,14,94,53,0,27
450,1984,20,117,1,2,1
450,1984,20,105,6,5,2
450,1984,20,137,34,1,3
450,1984,20,182,1,15,4
450,1984,20,163,6,6,5
450,1984,20,119,51,9,6
450,1984,20,110,27,17,7
450,1984,20,184,52,24,8
450,1984,20,123,21,11,9
450,1984,20,183,27,19,10
450,1984,20,118,4,7,11
450,1984,20,189,45,22,12
450,1984,20,170,34,10,13
450,1984,20,95,32,8,14
450,1984,20,175,4,3,15
450,1984,20,158,51,13,16
450,1984,20,112,50,25,17
450,1984,20,156,50,21,18
450,1984,20,172,3,14,19
450,1984,20,173,32,23,20
450,1984,20,140,53,26,21
450,1984,20,177,3,4,22
450,1984,20,102,53,12,23
450,1984,20,176,21,16,24
450,1984,20,77,54,18,25
450,1984,20,160,45,20,26
451,1984,27,117,1,2,1
451,1984,27,182,1,11,2
451,1984,27,102,53,3,3
451,1984,27,105,6,8,4
451,1984,27,173,32,5,5
451,1984,27,137,34,1,6
451,1984,27,175,4,7,7
451,1984,27,119,51,12,8
451,1984,27,163,6,17,9
451,1984,27,181,34,19,10
451,1984,27,140,53,10,11
451,1984,27,110,27,20,12
451,1984,27,77,54,23,13
451,1984,27,172,3,15,14
451,1984,27,184,52,25,15
451,1984,27,189,45,24,16
451,1984,27,158,51,14,17
451,1984,27,160,45,22,18
451,1984,27,95,32,6,19
451,1984,27,118,4,9,20
451,1984,27,166,4,13,21
451,1984,27,177,3,4,22
451,1984,27,183,27,21,23
451,1984,27,123,21,18,24
451,1984,27,156,50,26,25
451,1984,27,176,21,16,26
451,1984,27,112,50,27,27
452,1983,36,137,34,4,1
452,1983,36,182,1,9,2
452,1983,36,172,3,18,3
452,1983,36,175,6,3,4
452,1983,36,176,21,20,5
452,1983,36,117,4,2,6
452,1983,36,118,53,5,7
452,1983,36,192,21,23,8
452,1983,36,163,6,6,9
452,1983,36,193,25,21,10
452,1983,36,95,32,22,11
452,1983,36,188,55,19,12
452,1983,36,194,50,26,13
452,1983,36,181,54,25,14
452,1983,36,177,3,1,15
452,1983,36,173,32,13,16
452,1983,36,195,55,14,17
452,1983,36,158,4,8,18
452,1983,36,187,1,16,19
452,1983,36,196,27,17,20
452,1983,36,184,51,10,21
452,1983,36,197,27,12,22
452,1983,36,119,34,7,23
452,1983,36,190,45,24,24
452,1983,36,152,53,15,25
452,1983,36,105,25,11,26
452,1983,36,110,51,0,27
452,1983,36,160,45,0,28
453,1983,43,187,1,22,1
453,1983,43,182,1,23,2
453,1983,43,163,6,2,3
453,1983,43,172,3,4,4
453,1983,43,176,21,16,5
453,1983,43,188,55,17,6
453,1983,43,196,27,26,7
453,1983,43,193,25,9,8
453,1983,43,105,25,7,9
453,1983,43,119,34,11,10
453,1983,43,117,4,8,11
453,1983,43,95,32,13,12
453,1983,43,158,4,15,13
453,1983,43,178,21,12,14
453,1983,43,137,34,20,15
453,1983,43,110,51,19,16
453,1983,43,173,32,5,17
453,1983,43,195,55,18,18
453,1983,43,197,27,10,19
453,1983,43,152,53,14,20
453,1983,43,184,51,21,21
453,1983,43,175,6,1,22
453,1983,43,177,3,3,23
453,1983,43,194,50,25,24
453,1983,43,118,53,6,25
453,1983,43,181,54,24,26
453,1983,43,190,45,0,27
453,1983,43,160,45,0,28
454,1983,34,117,4,1,1
454,1983,34,137,34,6,2
454,1983,34,158,4,2,3
454,1983,34,175,6,11,4
454,1983,34,177,3,16,5
454,1983,34,172,3,19,6
454,1983,34,163,6,4,7
454,1983,34,105,25,15,8
454,1983,34,197,27,20,9
454,1983,34,176,21,21,10
454,1983,34,188,55,17,11
454,1983,34,110,51,7,12
454,1983,34,152,53,13,13
454,1983,34,196,27,25,14
454,1983,34,190,45,23,15
454,1983,34,181,54,10,16
454,1983,34,182,1,12,17
454,1983,34,184,51,8,18
454,1983,34,192,21,26,19
454,1983,34,195,55,22,20
454,1983,34,193,25,24,21
454,1983,34,173,32,5,22
454,1983,34,119,34,3,23
454,1983,34,118,53,9,24
454,1983,34,95,32,18,25
454,1983,34,187,1,14,26
454,1983,34,194,50,0,27
454,1983,34,160,45,0,28
454,1983,34,168,50,0,29
455,1983,21,175,6,3,1
455,1983,21,117,4,4,2
455,1983,21,163,6,1,3
455,1983,21,177,3,11,4
455,1983,21,187,1,24,5
455,1983,21,176,21,12,6
455,1983,21,172,3,16,7
455,1983,21,192,21,20,8
455,1983,21,196,27,25,9
455,1983,21,184,51,10,10
455,1983,21,181,54,7,11
455,1983,21,95,32,15,12
455,1983,21,119,34,5,13
455,1983,21,110,51,8,14
455,1983,21,173,32,9,15
455,1983,21,137,34,2,16
455,1983,21,197,27,19,17
455,1983,21,193,25,22,18
455,1983,21,118,53,14,19
455,1983,21,190,45,26,20
455,1983,21,152,53,17,21
455,1983,21,182,1,18,22
455,1983,21,188,55,23,23
455,1983,21,105,25,13,24
455,1983,21,195,55,21,25
455,1983,21,158,4,6,26
455,1983,21,194,50,0,27
455,1983,21,160,45,0,28
456,1983,6,177,3,5,1
456,1983,6,137,34,6,2
456,1983,6,117,4,1,3
456,1983,6,175,6,4,4
456,1983,6,193,25,20,5
456,1983,6,184,51,13,6
456,1983,6,192,21,15,7
456,1983,6,119,34,17,8
456,1983,6,172,3,8,9
456,1983,6,176,21,12,10
456,1983,6,118,53,10,11
456,1983,6,173,32,19,12
456,1983,6,197,27,9,13
456,1983,6,158,4,3,14
456,1983,6,110,51,7,15
456,1983,6,163,6,2,16
456,1983,6,196,27,18,17
456,1983,6,181,54,16,18
456,1983,6,105,25,11,19
456,1983,6,95,32,14,20
456,1983,6,152,53,0,21
456,1983,6,182,1,0,22
456,1983,6,187,1,0,23
456,1983,6,190,45,0,24
456,1983,6,194,50,0,25
456,1983,6,160,45,0,26
456,1983,6,188,55,0,27
456,1983,6,195,55,0,28
457,1983,13,117,4,1,1
457,1983,13,175,6,2,2
457,1983,13,158,4,8,3
457,1983,13,137,34,4,4
457,1983,13,177,3,9,5
457,1983,13,172,3,11,6
457,1983,13,118,53,22,7
457,1983,13,152,53,16,8
457,1983,13,173,32,13,9
457,1983,13,188,55,25,10
457,1983,13,176,21,10,11
457,1983,13,193,25,23,12
457,1983,13,196,27,26,13
457,1983,13,105,25,17,14
457,1983,13,182,1,15,15
457,1983,13,95,32,19,16
457,1983,13,110,51,3,17
457,1983,13,195,55,14,18
457,1983,13,163,6,5,19
457,1983,13,190,45,24,20
457,1983,13,181,54,7,21
457,1983,13,187,1,20,22
457,1983,13,197,27,21,23
457,1983,13,123,21,18,24
457,1983,13,184,51,12,25
457,1983,13,119,34,6,26
457,1983,13,160,45,0,27
457,1983,13,194,50,0,28
458,1983,37,105,25,6,1
458,1983,37,177,3,12,2
458,1983,37,187,1,21,3
458,1983,37,137,34,2,4
458,1983,37,172,3,20,5
458,1983,37,95,32,14,6
458,1983,37,123,21,10,7
458,1983,37,117,4,13,8
458,1983,37,152,53,17,9
458,1983,37,196,27,23,10
458,1983,37,176,21,5,11
458,1983,37,184,51,25,12
458,1983,37,182,1,18,13
458,1983,37,195,55,11,14
458,1983,37,188,55,26,15
458,1983,37,110,51,8,16
458,1983,37,163,6,1,17
458,1983,37,193,25,16,18
458,1983,37,197,27,19,19
458,1983,37,181,54,22,20
458,1983,37,118,53,9,21
458,1983,37,119,34,15,22
458,1983,37,173,32,4,23
458,1983,37,158,4,7,24
458,1983,37,160,45,24,25
458,1983,37,175,6,3,26
458,1983,37,190,45,0,27
459,1983,7,163,6,1,1
459,1983,7,158,4,6,2
459,1983,7,175,6,4,3
459,1983,7,177,3,9,4
459,1983,7,117,4,2,5
459,1983,7,187,1,20,6
459,1983,7,123,21,15,7
459,1983,7,105,25,17,8
459,1983,7,181,54,7,9
459,1983,7,184,51,26,10
459,1983,7,193,25,22,11
459,1983,7,119,34,5,12
459,1983,7,118,53,12,13
459,1983,7,152,53,10,14
459,1983,7,95,32,18,15
459,1983,7,110,51,8,16
459,1983,7,172,3,13,17
459,1983,7,196,27,24,18
459,1983,7,195,55,21,19
459,1983,7,190,45,25,20
459,1983,7,188,55,23,21
459,1983,7,137,34,3,22
459,1983,7,182,1,19,23
459,1983,7,173,32,11,24
459,1983,7,176,21,14,25
459,1983,7,197,27,16,26
459,1983,7,198,50,0,27
459,1983,7,160,45,0,28
460,1983,9,117,4,3,1
460,1983,9,137,34,6,2
460,1983,9,175,6,2,3
460,1983,9,95,32,18,4
460,1983,9,163,6,1,5
460,1983,9,182,1,15,6
460,1983,9,184,51,11,7
460,1983,9,110,51,9,8
460,1983,9,187,1,24,9
460,1983,9,197,27,25,10
460,1983,9,177,3,13,11
460,1983,9,172,3,20,12
460,1983,9,105,25,16,13
460,1983,9,193,25,23,14
460,1983,9,123,21,17,15
460,1983,9,195,55,21,16
460,1983,9,176,21,19,17
460,1983,9,181,54,8,18
460,1983,9,196,27,22,19
460,1983,9,160,45,26,20
460,1983,9,118,53,10,21
460,1983,9,119,34,5,22
460,1983,9,140,52,15,23
460,1983,9,158,4,7,24
460,1983,9,152,53,12,25
460,1983,9,173,32,4,26
460,1983,9,188,55,0,27
460,1983,9,190,45,0,28
460,1983,9,186,50,0,29
461,1983,10,163,6,2,1
461,1983,10,110,51,3,2
461,1983,10,119,34,8,3
461,1983,10,117,4,5,4
461,1983,10,187,1,23,5
461,1983,10,172,3,15,6
461,1983,10,176,21,20,7
461,1983,10,197,27,19,8
461,1983,10,123,21,14,9
461,1983,10,177,3,12,10
461,1983,10,188,55,22,11
461,1983,10,193,25,21,12
461,1983,10,137,34,4,13
461,1983,10,182,1,18,14
461,1983,10,158,4,6,15
461,1983,10,160,45,26,16
461,1983,10,196,27,25,17
461,1983,10,184,51,7,18
461,1983,10,152,53,10,19
461,1983,10,118,53,9,20
461,1983,10,140,52,13,21
461,1983,10,175,6,1,22
461,1983,10,173,32,11,23
461,1983,10,105,25,16,24
461,1983,10,95,32,17,25
461,1983,10,195,55,24,26
461,1983,10,186,50,0,27
461,1983,10,190,45,0,28
461,1983,10,181,54,0,29
462,1983,70,117,4,5,1
462,1983,70,163,6,2,2
462,1983,70,137,34,4,3
462,1983,70,158,4,8,4
462,1983,70,95,32,3,5
462,1983,70,182,1,14,6
462,1983,70,197,27,20,7
462,1983,70,177,3,15,8
462,1983,70,187,1,17,9
462,1983,70,190,45,26,10
462,1983,70,160,45,25,11
462,1983,70,140,52,16,12
462,1983,70,123,21,19,13
462,1983,70,181,54,13,14
462,1983,70,110,51,11,15
462,1983,70,175,6,1,16
462,1983,70,119,34,6,17
462,1983,70,195,55,21,18
462,1983,70,172,3,24,19
462,1983,70,184,51,9,20
462,1983,70,105,25,18,21
462,1983,70,118,53,10,22
462,1983,70,152,53,7,23
462,1983,70,173,32,12,24
462,1983,70,176,21,22,25
462,1983,70,193,25,23,26
462,1983,70,196,27,0,27
462,1983,70,188,55,0,28
462,1983,70,186,50,0,29
463,1983,39,163,6,10,1
463,1983,39,175,6,2,2
463,1983,39,187,1,15,3
463,1983,39,118,53,7,4
463,1983,39,184,51,12,5
463,1983,39,105,25,18,6
463,1983,39,140,52,16,7
463,1983,39,176,21,14,8
463,1983,39,119,34,6,9
463,1983,39,196,27,24,10
463,1983,39,190,45,25,11
463,1983,39,195,55,20,12
463,1983,39,152,53,13,13
463,1983,39,123,21,21,14
463,1983,39,177,3,23,15
463,1983,39,181,54,9,16
463,1983,39,137,34,1,17
463,1983,39,117,4,4,18
463,1983,39,158,4,11,19
463,1983,39,172,3,17,20
463,1983,39,95,32,5,21
463,1983,39,182,1,19,22
463,1983,39,193,25,26,23
463,1983,39,173,32,3,24
463,1983,39,110,51,8,25
463,1983,39,197,27,22,26
463,1983,39,160,45,0,27
463,1983,39,188,55,0,28
463,1983,39,186,50,0,29
464,1983,14,137,34,4,1
464,1983,14,163,6,3,2
464,1983,14,158,4,7,3
464,1983,14,175,6,2,4
464,1983,14,173,32,8,5
464,1983,14,118,53,12,6
464,1983,14,152,53,14,7
464,1983,14,95,32,11,8
464,1983,14,197,27,19,9
464,1983,14,176,21,20,10
464,1983,14,177,3,16,11
464,1983,14,188,55,26,12
464,1983,14,195,55,21,13
464,1983,14,190,45,25,14
464,1983,14,193,25,22,15
464,1983,14,123,21,18,16
464,1983,14,181,54,9,17
464,1983,14,105,25,24,18
464,1983,14,117,4,5,19
464,1983,14,182,1,13,20
464,1983,14,187,1,15,21
464,1983,14,160,45,23,22
464,1983,14,184,51,10,23
464,1983,14,140,52,17,24
464,1983,14,119,34,1,25
464,1983,14,110,51,6,26
464,1983,14,196,27,0,27
464,1983,14,172,3,0,28
464,1983,14,186,50,0,29
465,1983,38,137,34,4,1
465,1983,38,117,4,8,2
465,1983,38,95,32,3,3
465,1983,38,110,51,14,4
465,1983,38,118,53,11,5
465,1983,38,152,53,12,6
465,1983,38,119,34,2,7
465,1983,38,181,54,9,8
465,1983,38,163,6,5,9
465,1983,38,158,4,7,10
465,1983,38,123,21,18,11
465,1983,38,195,55,21,12
465,1983,38,156,3,25,13
465,1983,38,140,52,19,14
465,1983,38,196,27,23,15
465,1983,38,175,6,6,16
465,1983,38,105,25,26,17
465,1983,38,160,45,24,18
465,1983,38,176,21,17,19
465,1983,38,177,3,16,20
465,1983,38,184,51,15,21
465,1983,38,187,1,10,22
465,1983,38,193,25,20,23
465,1983,38,182,1,13,24
465,1983,38,173,32,1,25
465,1983,38,197,27,22,26
465,1983,38,186,50,0,27
465,1983,38,190,45,0,28
465,1983,38,172,3,0,29
466,1983,30,119,34,3,1
466,1983,30,110,51,9,2
466,1983,30,137,34,2,3
466,1983,30,118,53,13,4
466,1983,30,177,3,6,5
466,1983,30,158,4,14,6
466,1983,30,193,25,19,7
466,1983,30,176,21,22,8
466,1983,30,123,21,20,9
466,1983,30,197,27,21,10
466,1983,30,182,1,12,11
466,1983,30,186,50,24,12
466,1983,30,95,32,7,13
466,1983,30,196,27,23,14
466,1983,30,105,25,18,15
466,1983,30,175,6,1,16
466,1983,30,152,53,16,17
466,1983,30,117,4,5,18
466,1983,30,190,45,25,19
466,1983,30,173,32,11,20
466,1983,30,187,1,15,21
466,1983,30,163,6,4,22
466,1983,30,184,51,17,23
466,1983,30,181,54,8,24
466,1983,30,172,3,10,25
466,1983,30,160,45,26,26
467,1982,30,117,4,5,1
467,1982,30,199,3,8,2
467,1982,30,163,4,1,3
467,1982,30,182,1,13,4
467,1982,30,177,3,7,5
467,1982,30,187,1,9,6
467,1982,30,105,25,10,7
467,1982,30,173,32,15,8
467,1982,30,194,54,12,9
467,1982,30,181,54,20,10
467,1982,30,152,51,19,11
467,1982,30,200,37,22,12
467,1982,30,110,51,16,13
467,1982,30,206,55,24,14
467,1982,30,196,37,21,15
467,1982,30,201,25,23,16
467,1982,30,192,56,25,17
467,1982,30,202,6,6,18
467,1982,30,172,27,11,19
467,1982,30,118,53,14,20
467,1982,30,119,34,4,21
467,1982,30,158,27,17,22
467,1982,30,203,6,3,23
467,1982,30,137,34,2,24
467,1982,30,95,32,18,25
467,1982,30,197,45,26,26
467,1982,30,184,21,0,27
467,1982,30,204,45,0,28
467,1982,30,205,21,0,29
467,1982,30,195,57,0,30
467,1982,30,170,53,0,31
468,1982,36,117,4,1,1
468,1982,36,187,1,12,2
468,1982,36,95,32,14,3
468,1982,36,105,25,13,4
468,1982,36,181,54,15,5
468,1982,36,202,6,8,6
468,1982,36,201,25,21,7
468,1982,36,200,37,22,8
468,1982,36,197,45,23,9
468,1982,36,184,21,19,10
468,1982,36,137,34,7,11
468,1982,36,177,3,3,12
468,1982,36,194,54,18,13
468,1982,36,192,56,25,14
468,1982,36,119,34,9,15
468,1982,36,203,6,2,16
468,1982,36,182,1,5,17
468,1982,36,163,4,4,18
468,1982,36,199,3,6,19
468,1982,36,173,32,11,20
468,1982,36,158,27,26,21
468,1982,36,152,51,16,22
468,1982,36,172,27,24,23
468,1982,36,110,51,10,24
468,1982,36,206,55,20,25
468,1982,36,196,37,17,26
468,1982,36,170,53,0,27
468,1982,36,205,21,0,28
468,1982,36,118,53,0,29
468,1982,36,195,57,0,30
468,1982,36,204,45,0,31
469,1982,43,182,1,2,1
469,1982,43,177,3,8,2
469,1982,43,119,34,18,3
469,1982,43,105,25,12,4
469,1982,43,173,32,16,5
469,1982,43,187,1,11,6
469,1982,43,95,32,17,7
469,1982,43,200,37,21,8
469,1982,43,196,37,23,9
469,1982,43,201,25,24,10
469,1982,43,203,6,7,11
469,1982,43,158,27,13,12
469,1982,43,110,51,1,13
469,1982,43,205,21,20,14
469,1982,43,195,57,19,15
469,1982,43,172,27,15,16
469,1982,43,197,45,10,17
469,1982,43,137,34,6,18
469,1982,43,206,55,22,19
469,1982,43,207,3,14,20
469,1982,43,117,4,4,21
469,1982,43,202,6,9,22
469,1982,43,163,4,3,23
469,1982,43,152,51,5,24
469,1982,43,194,54,26,25
469,1982,43,181,54,25,26
469,1982,43,170,53,0,27
469,1982,43,204,45,0,28
469,1982,43,192,56,0,29
469,1982,43,184,21,0,30
469,1982,43,118,53,0,31
470,1982,21,202,6,4,1
470,1982,21,203,6,3,2
470,1982,21,105,25,5,3
470,1982,21,197,45,9,4
470,1982,21,194,54,14,5
470,1982,21,181,54,12,6
470,1982,21,170,53,10,7
470,1982,21,163,4,1,8
470,1982,21,152,51,6,9
470,1982,21,204,45,13,10
470,1982,21,117,4,2,11
470,1982,21,110,51,7,12
470,1982,21,205,25,11,13
470,1982,21,118,53,8,14
471,1982,40,187,1,10,1
471,1982,40,177,3,3,2
471,1982,40,158,27,14,3
471,1982,40,173,32,11,4
471,1982,40,137,34,8,5
471,1982,40,192,56,23,6
471,1982,40,176,21,22,7
471,1982,40,196,37,24,8
471,1982,40,172,27,17,9
471,1982,40,182,1,4,10
471,1982,40,206,3,13,11
471,1982,40,200,37,25,12
471,1982,40,117,4,1,13
471,1982,40,119,34,9,14
471,1982,40,184,21,26,15
471,1982,40,197,45,14,16
471,1982,40,110,51,6,17
471,1982,40,205,25,20,18
471,1982,40,105,25,5,19
471,1982,40,118,53,19,20
471,1982,40,170,53,21,21
471,1982,40,95,32,7,22
471,1982,40,163,4,2,23
471,1982,40,181,54,12,24
471,1982,40,152,51,15,25
471,1982,40,194,54,18,26
471,1982,40,202,6,0,27
471,1982,40,203,6,0,28
471,1982,40,195,57,0,29
471,1982,40,136,55,0,30
471,1982,40,204,45,0,31
471,1982,40,208,37,0,32
472,1982,6,119,34,2,1
472,1982,6,202,6,5,2
472,1982,6,110,51,7,3
472,1982,6,95,32,11,4
472,1982,6,173,32,15,5
472,1982,6,206,3,8,6
472,1982,6,117,4,4,7
472,1982,6,205,25,17,8
472,1982,6,176,21,19,9
472,1982,6,105,25,9,10
472,1982,6,177,3,6,11
472,1982,6,182,1,12,12
472,1982,6,137,34,13,13
472,1982,6,187,1,10,14
472,1982,6,181,54,14,15
472,1982,6,172,27,18,16
472,1982,6,158,27,16,17
472,1982,6,194,54,20,18
472,1982,6,163,4,1,19
472,1982,6,152,51,3,20
472,1982,6,184,21,0,21
472,1982,6,136,55,0,22
472,1982,6,200,37,0,23
472,1982,6,118,53,0,24
472,1982,6,197,45,0,25
472,1982,6,195,57,0,26
472,1982,6,170,53,0,27
472,1982,6,204,45,0,28
472,1982,6,196,37,0,29
472,1982,6,192,56,0,30
472,1982,6,208,37,0,31
473,1982,37,187,1,17,1
473,1982,37,158,27,9,2
473,1982,37,202,6,4,3
473,1982,37,177,3,3,4
473,1982,37,206,3,12,5
473,1982,37,172,27,13,6
473,1982,37,200,37,18,7
473,1982,37,176,21,19,8
473,1982,37,205,25,20,9
473,1982,37,163,4,15,10
473,1982,37,192,56,26,11
473,1982,37,117,4,1,12
473,1982,37,95,32,7,13
473,1982,37,182,1,10,14
473,1982,37,105,25,16,15
473,1982,37,152,51,6,16
473,1982,37,173,32,8,17
473,1982,37,194,54,25,18
473,1982,37,195,57,11,19
473,1982,37,119,34,14,20
473,1982,37,110,51,2,21
473,1982,37,197,45,22,22
473,1982,37,181,54,5,23
473,1982,37,196,37,21,24
473,1982,37,184,21,24,25
473,1982,37,204,45,23,26
473,1982,37,208,37,0,27
473,1982,37,137,34,0,28
473,1982,37,136,55,0,29
474,1982,7,137,34,4,1
474,1982,7,119,34,8,2
474,1982,7,187,1,6,3
474,1982,7,173,32,10,4
474,1982,7,176,21,16,5
474,1982,7,110,51,9,6
474,1982,7,206,3,13,7
474,1982,7,184,21,17,8
474,1982,7,202,6,1,9
474,1982,7,158,27,12,10
474,1982,7,200,37,22,11
474,1982,7,205,25,26,12
474,1982,7,177,3,7,13
474,1982,7,196,37,21,14
474,1982,7,105,25,15,15
474,1982,7,117,4,3,16
474,1982,7,163,4,2,17
474,1982,7,194,54,24,18
474,1982,7,182,1,11,19
474,1982,7,172,27,19,20
474,1982,7,195,57,20,21
474,1982,7,152,51,5,22
474,1982,7,95,32,14,23
474,1982,7,197,45,18,24
474,1982,7,204,45,23,25
474,1982,7,209,55,25,26
474,1982,7,181,54,0,27
474,1982,7,208,37,0,28
474,1982,7,192,56,0,29
475,1982,39,202,6,4,1
475,1982,39,137,34,3,2
475,1982,39,177,3,7,3
475,1982,39,182,1,5,4
475,1982,39,206,3,12,5
475,1982,39,184,21,16,6
475,1982,39,105,25,14,7
475,1982,39,175,6,6,8
475,1982,39,187,1,11,9
475,1982,39,176,21,17,10
475,1982,39,152,51,8,11
475,1982,39,181,54,18,12
475,1982,39,194,54,25,13
475,1982,39,197,45,23,14
475,1982,39,119,34,10,15
475,1982,39,200,37,24,16
475,1982,39,136,55,26,17
475,1982,39,173,32,15,18
475,1982,39,110,51,9,19
475,1982,39,117,4,2,20
475,1982,39,163,4,1,21
475,1982,39,205,25,20,22
475,1982,39,196,37,22,23
475,1982,39,192,56,19,24
475,1982,39,118,53,13,25
475,1982,39,172,27,21,26
475,1982,39,195,57,0,27
475,1982,39,170,53,0,28
475,1982,39,158,27,0,29
475,1982,39,90,32,0,30
475,1982,39,208,37,0,31
476,1982,38,182,1,5,1
476,1982,38,202,6,4,2
476,1982,38,175,6,13,3
476,1982,38,173,32,7,4
476,1982,38,206,3,10,5
476,1982,38,117,4,8,6
476,1982,38,152,51,14,7
476,1982,38,205,25,17,8
476,1982,38,184,21,26,9
476,1982,38,200,37,25,10
476,1982,38,110,51,11,11
476,1982,38,158,27,24,12
476,1982,38,176,21,22,13
476,1982,38,177,3,1,14
476,1982,38,105,25,9,15
476,1982,38,172,27,20,16
476,1982,38,118,53,16,17
476,1982,38,95,32,23,18
476,1982,38,137,34,3,19
476,1982,38,195,57,19,20
476,1982,38,197,45,18,21
476,1982,38,192,56,21,22
476,1982,38,187,1,12,23
476,1982,38,119,34,2,24
476,1982,38,163,4,6,25
476,1982,38,170,53,15,26
476,1982,38,181,54,0,27
476,1982,38,136,55,0,28
476,1982,38,194,54,0,29
476,1982,38,196,37,0,30
477,1982,34,163,4,1,1
477,1982,34,117,4,2,2
477,1982,34,202,6,3,3
477,1982,34,175,6,5,4
477,1982,34,177,3,10,5
477,1982,34,105,25,15,6
477,1982,34,206,3,11,7
477,1982,34,182,1,9,8
477,1982,34,152,51,8,9
477,1982,34,205,25,23,10
477,1982,34,181,54,18,11
477,1982,34,209,32,24,12
477,1982,34,176,21,20,13
477,1982,34,172,27,16,14
477,1982,34,118,53,14,15
477,1982,34,158,27,19,16
477,1982,34,110,51,7,17
477,1982,34,137,34,6,18
477,1982,34,173,32,13,19
477,1982,34,187,1,12,20
477,1982,34,200,37,26,21
477,1982,34,184,21,25,22
477,1982,34,119,34,4,23
477,1982,34,194,54,22,24
477,1982,34,197,45,17,25
477,1982,34,170,53,21,26
477,1982,34,136,55,0,27
477,1982,34,195,57,0,28
477,1982,34,196,37,0,29
478,1982,10,175,6,5,1
478,1982,10,163,4,3,2
478,1982,10,177,3,9,3
478,1982,10,105,25,7,4
478,1982,10,152,51,11,5
478,1982,10,176,21,26,6
478,1982,10,205,25,17,7
478,1982,10,195,57,21,8
478,1982,10,95,32,18,9
478,1982,10,118,53,14,10
478,1982,10,192,56,25,11
478,1982,10,187,1,10,12
478,1982,10,172,27,15,13
478,1982,10,206,3,19,14
478,1982,10,196,37,24,15
478,1982,10,173,32,13,16
478,1982,10,137,34,4,17
478,1982,10,194,54,22,18
478,1982,10,117,4,2,19
478,1982,10,119,34,6,20
478,1982,10,110,51,8,21
478,1982,10,158,27,12,22
478,1982,10,184,21,23,23
478,1982,10,197,45,20,24
478,1982,10,181,54,16,25
478,1982,10,202,6,1,26
478,1982,10,210,55,0,27
478,1982,10,211,37,0,28
478,1982,10,170,53,0,29
479,1982,70,173,32,7,1
479,1982,70,177,3,6,2
479,1982,70,172,27,14,3
479,1982,70,175,6,4,4
479,1982,70,182,1,10,5
479,1982,70,184,21,23,6
479,1982,70,192,56,20,7
479,1982,70,117,4,3,8
479,1982,70,187,1,18,9
479,1982,70,205,25,19,10
479,1982,70,137,34,1,11
479,1982,70,210,55,26,12
479,1982,70,176,21,21,13
479,1982,70,119,34,2,14
479,1982,70,158,27,22,15
479,1982,70,95,32,12,16
479,1982,70,163,4,5,17
479,1982,70,181,54,25,18
479,1982,70,118,53,15,19
479,1982,70,170,53,17,20
479,1982,70,195,57,16,21
479,1982,70,105,25,8,22
479,1982,70,211,37,24,23
479,1982,70,206,3,9,24
479,1982,70,110,51,11,25
479,1982,70,152,51,13,26
479,1982,70,196,37,0,27
479,1982,70,197,45,0,28
479,1982,70,194,54,0,29
480,1982,41,177,3,8,1
480,1982,41,117,4,1,2
480,1982,41,182,1,4,3
480,1982,41,137,34,6,4
480,1982,41,119,34,3,5
480,1982,41,173,32,15,6
480,1982,41,105,25,12,7
480,1982,41,95,32,26,8
480,1982,41,206,3,7,9
480,1982,41,110,51,5,10
480,1982,41,205,25,18,11
480,1982,41,152,51,9,12
480,1982,41,187,1,11,13
480,1982,41,194,54,25,14
480,1982,41,176,21,14,15
480,1982,41,163,4,2,16
480,1982,41,158,27,16,17
480,1982,41,181,54,20,18
480,1982,41,197,45,17,19
480,1982,41,172,27,13,20
480,1982,41,170,53,23,21
480,1982,41,196,37,24,22
480,1982,41,211,37,22,23
480,1982,41,118,53,21,24
480,1982,41,195,57,19,25
480,1982,41,175,6,10,26
480,1982,41,192,56,0,27
480,1982,41,210,55,0,28
480,1982,41,184,21,0,29
481,1982,14,163,4,6,1
481,1982,14,175,6,3,2
481,1982,14,207,6,1,3
481,1982,14,187,1,12,4
481,1982,14,105,25,11,5
481,1982,14,158,27,14,6
481,1982,14,95,32,23,7
481,1982,14,177,3,7,8
481,1982,14,194,54,25,9
481,1982,14,110,51,9,10
481,1982,14,192,56,26,11
481,1982,14,184,21,24,12
481,1982,14,195,57,18,13
481,1982,14,173,32,17,14
481,1982,14,152,51,8,15
481,1982,14,176,21,19,16
481,1982,14,117,4,5,17
481,1982,14,182,1,10,18
481,1982,14,197,45,15,19
481,1982,14,137,34,2,20
481,1982,14,119,34,4,21
481,1982,14,172,27,21,22
481,1982,14,170,53,22,23
481,1982,14,206,3,13,24
481,1982,14,118,53,16,25
481,1982,14,205,25,20,26
481,1982,14,211,37,0,27
481,1982,14,181,54,0,28
481,1982,14,196,37,0,29
481,1982,14,210,55,0,30
482,1982,44,105,25,3,1
482,1982,44,187,1,9,2
482,1982,44,158,27,4,3
482,1982,44,117,4,1,4
482,1982,44,177,3,6,5
482,1982,44,206,3,14,6
482,1982,44,176,21,17,7
482,1982,44,205,25,19,8
482,1982,44,110,51,18,9
482,1982,44,152,51,16,10
482,1982,44,184,21,23,11
482,1982,44,211,37,25,12
482,1982,44,196,37,24,13
482,1982,44,181,54,22,14
482,1982,44,182,1,13,15
482,1982,44,210,55,26,16
482,1982,44,118,53,10,17
482,1982,44,173,32,20,18
482,1982,44,207,6,7,19
482,1982,44,137,34,12,20
482,1982,44,163,4,2,21
482,1982,44,119,34,5,22
482,1982,44,95,32,21,23
482,1982,44,172,27,11,24
482,1982,44,175,6,8,25
482,1982,44,195,57,15,26
482,1982,44,197,45,27,27
482,1982,44,170,53,0,28
482,1982,44,194,54,0,29
482,1982,44,192,56,0,30
483,1981,43,178,3,2,1
483,1981,43,199,3,3,2
483,1981,43,137,34,4,3
483,1981,43,207,51,6,4
483,1981,43,158,25,8,5
483,1981,43,175,55,17,6
483,1981,43,192,56,18,7
483,1981,43,163,4,20,8
483,1981,43,176,57,19,9
483,1981,43,202,6,11,10
483,1981,43,197,27,10,11
483,1981,43,212,34,15,12
483,1981,43,152,51,9,13
483,1981,43,172,27,12,14
483,1981,43,177,56,16,15
483,1981,43,136,54,21,16
483,1981,43,119,21,1,17
483,1981,43,213,45,24,18
483,1981,43,95,32,7,19
483,1981,43,203,6,5,20
483,1981,43,187,1,23,21
483,1981,43,173,32,13,22
483,1981,43,117,4,14,23
483,1981,43,110,1,22,24
483,1981,43,214,25,0,25
483,1981,43,206,37,0,26
483,1981,43,215,45,0,27
483,1981,43,216,21,0,28
483,1981,43,194,37,0,29
484,1981,36,199,3,2,1
484,1981,36,178,3,3,2
484,1981,36,119,21,4,3
484,1981,36,176,57,18,4
484,1981,36,173,32,10,5
484,1981,36,172,27,16,6
484,1981,36,197,27,23,7
484,1981,36,187,1,15,8
484,1981,36,177,56,12,9
484,1981,36,175,55,19,10
484,1981,36,95,32,13,11
484,1981,36,137,34,1,12
484,1981,36,217,25,24,13
484,1981,36,158,25,14,14
484,1981,36,152,51,6,15
484,1981,36,203,6,7,16
484,1981,36,212,34,11,17
484,1981,36,117,4,5,18
484,1981,36,216,21,21,19
484,1981,36,202,6,17,20
484,1981,36,110,1,20,21
484,1981,36,163,4,8,22
484,1981,36,207,51,9,23
484,1981,36,192,56,22,24
484,1981,36,136,54,0,25
484,1981,36,213,45,0,26
484,1981,36,215,45,0,27
484,1981,36,194,45,0,28
484,1981,36,206,37,0,29
484,1981,36,218,57,0,30
485,1981,25,137,34,1,1
485,1981,25,199,3,4,2
485,1981,25,117,4,2,3
485,1981,25,178,3,3,4
485,1981,25,163,4,5,5
485,1981,25,173,32,10,6
485,1981,25,119,21,9,7
485,1981,25,207,51,17,8
485,1981,25,216,21,19,9
485,1981,25,152,51,22,10
485,1981,25,110,1,18,11
485,1981,25,136,54,23,12
485,1981,25,217,25,24,13
485,1981,25,203,6,7,14
485,1981,25,175,55,14,15
485,1981,25,187,1,11,16
485,1981,25,212,34,6,17
485,1981,25,192,56,20,18
485,1981,25,172,27,21,19
485,1981,25,176,57,16,20
485,1981,25,177,56,8,21
485,1981,25,95,32,15,22
485,1981,25,202,6,12,23
485,1981,25,158,25,13,24
485,1981,25,215,45,0,25
485,1981,25,213,45,0,26
485,1981,25,206,37,0,27
485,1981,25,219,27,0,28
485,1981,25,194,37,0,29
486,1981,21,137,34,5,1
486,1981,21,119,21,9,2
486,1981,21,199,3,2,3
486,1981,21,212,34,13,4
486,1981,21,202,6,6,5
486,1981,21,110,1,14,6
486,1981,21,203,6,1,7
486,1981,21,163,4,3,8
486,1981,21,176,57,21,9
486,1981,21,187,1,7,10
486,1981,21,175,55,16,11
486,1981,21,178,3,8,12
486,1981,21,201,54,24,13
486,1981,21,219,27,18,14
486,1981,21,194,37,23,15
486,1981,21,105,25,17,16
486,1981,21,213,45,20,17
486,1981,21,152,51,11,18
486,1981,21,158,25,19,19
486,1981,21,207,51,12,20
486,1981,21,177,56,15,21
486,1981,21,172,27,10,22
486,1981,21,117,4,4,23
486,1981,21,215,45,22,24
486,1981,21,216,21,0,25
486,1981,21,206,37,0,26
486,1981,21,136,54,0,27
486,1981,21,192,56,0,28
486,1981,21,118,53,0,29
486,1981,21,205,53,0,30
486,1981,21,173,32,0,31
486,1981,21,95,32,0,32
487,1981,40,199,3,1,1
487,1981,40,172,27,9,2
487,1981,40,95,32,10,3
487,1981,40,203,6,7,4
487,1981,40,173,32,14,5
487,1981,40,158,25,8,6
487,1981,40,187,1,5,7
487,1981,40,202,6,3,8
487,1981,40,152,51,17,9
487,1981,40,207,51,18,10
487,1981,40,176,57,15,11
487,1981,40,105,25,19,12
487,1981,40,160,45,24,13
487,1981,40,212,34,21,14
487,1981,40,219,27,16,15
487,1981,40,192,56,20,16
487,1981,40,213,45,22,17
487,1981,40,178,3,6,18
487,1981,40,110,1,23,19
487,1981,40,137,34,2,20
487,1981,40,177,56,11,21
487,1981,40,117,4,12,22
487,1981,40,119,21,4,23
487,1981,40,216,21,13,24
487,1981,40,206,37,0,25
487,1981,40,163,4,0,26
487,1981,40,194,37,0,27
487,1981,40,201,54,0,28
487,1981,40,175,55,0,29
487,1981,40,118,53,0,30
487,1981,40,205,53,0,31
488,1981,6,203,6,2,1
488,1981,6,178,3,7,2
488,1981,6,172,27,8,3
488,1981,6,202,6,17,4
488,1981,6,158,25,15,5
488,1981,6,176,57,19,6
488,1981,6,175,55,16,7
488,1981,6,137,34,1,8
488,1981,6,187,1,10,9
488,1981,6,105,25,20,10
488,1981,6,152,51,18,11
488,1981,6,117,4,9,12
488,1981,6,199,3,4,13
488,1981,6,173,32,6,14
488,1981,6,163,4,13,15
488,1981,6,119,21,5,16
488,1981,6,95,32,3,17
488,1981,6,216,21,14,18
488,1981,6,110,1,11,19
488,1981,6,207,51,12,20
488,1981,6,177,56,0,21
488,1981,6,219,27,0,22
488,1981,6,212,34,0,23
488,1981,6,192,56,0,24
488,1981,6,160,45,0,25
488,1981,6,213,45,0,26
488,1981,6,201,54,0,27
488,1981,6,206,37,0,28
488,1981,6,194,37,0,29
488,1981,6,205,53,0,30
488,1981,6,118,53,0,31
489,1981,45,203,6,7,1
489,1981,45,172,27,1,2
489,1981,45,187,1,4,3
489,1981,45,199,3,3,4
489,1981,45,173,32,10,5
489,1981,45,95,32,11,6
489,1981,45,178,3,2,7
489,1981,45,207,51,8,8
489,1981,45,163,4,17,9
489,1981,45,152,51,6,10
489,1981,45,192,56,21,11
489,1981,45,177,56,15,12
489,1981,45,175,55,16,13
489,1981,45,194,57,24,14
489,1981,45,202,6,13,15
489,1981,45,206,37,22,16
489,1981,45,158,25,20,17
489,1981,45,219,27,19,18
489,1981,45,212,34,18,19
489,1981,45,216,21,23,20
489,1981,45,137,34,9,21
489,1981,45,117,4,5,22
489,1981,45,119,21,12,23
489,1981,45,110,1,14,24
489,1981,45,105,25,0,25
489,1981,45,213,45,0,26
489,1981,45,201,54,0,27
489,1981,45,205,53,0,28
489,1981,45,118,53,0,29
489,1981,45,220,45,0,30
490,1981,41,117,4,3,1
490,1981,41,187,1,2,2
490,1981,41,137,34,4,3
490,1981,41,163,4,1,4
490,1981,41,202,6,14,5
490,1981,41,173,32,8,6
490,1981,41,95,32,13,7
490,1981,41,207,51,10,8
490,1981,41,212,34,15,9
490,1981,41,199,3,7,10
490,1981,41,110,1,5,11
490,1981,41,176,55,21,12
490,1981,41,158,25,19,13
490,1981,41,119,21,18,14
490,1981,41,152,51,12,15
490,1981,41,105,25,23,16
490,1981,41,178,3,9,17
490,1981,41,172,27,6,18
490,1981,41,206,37,20,19
490,1981,41,203,6,11,20
490,1981,41,175,27,16,21
490,1981,41,177,56,17,22
490,1981,41,194,57,22,23
490,1981,41,192,56,24,24
490,1981,41,216,21,0,25
490,1981,41,205,53,0,26
490,1981,41,201,54,0,27
490,1981,41,213,45,0,28
490,1981,41,118,53,0,29
491,1981,9,187,1,5,1
491,1981,9,199,3,9,2
491,1981,9,172,27,14,3
491,1981,9,158,25,23,4
491,1981,9,212,34,13,5
491,1981,9,201,54,21,6
491,1981,9,206,37,17,7
491,1981,9,197,45,20,8
491,1981,9,163,4,1,9
491,1981,9,119,21,10,10
491,1981,9,176,55,24,11
491,1981,9,207,51,11,12
491,1981,9,177,56,14,13
491,1981,9,173,32,22,14
491,1981,9,117,4,2,15
491,1981,9,175,27,15,16
491,1981,9,202,6,4,17
491,1981,9,137,34,3,18
491,1981,9,152,51,12,19
491,1981,9,203,6,8,20
491,1981,9,178,3,7,21
491,1981,9,110,1,6,22
491,1981,9,105,25,19,23
491,1981,9,216,21,18,24
491,1981,9,192,56,0,25
491,1981,9,205,53,0,26
491,1981,9,95,32,0,27
491,1981,9,194,57,0,28
491,1981,9,118,53,0,29
491,1981,9,213,45,0,30
492,1981,10,137,34,6,1
492,1981,10,117,4,1,2
492,1981,10,172,27,7,3
492,1981,10,212,34,16,4
492,1981,10,158,25,18,5
492,1981,10,187,1,9,6
492,1981,10,173,32,14,7
492,1981,10,197,45,17,8
492,1981,10,207,51,12,9
492,1981,10,203,6,8,10
492,1981,10,178,3,4,11
492,1981,10,216,21,26,12
492,1981,10,163,4,2,13
492,1981,10,176,55,22,14
492,1981,10,152,51,17,15
492,1981,10,194,57,23,16
492,1981,10,201,54,28,17
492,1981,10,199,3,3,18
492,1981,10,119,21,13,19
492,1981,10,175,27,11,20
492,1981,10,206,37,21,21
492,1981,10,95,32,15,22
492,1981,10,110,1,10,23
492,1981,10,202,6,5,24
492,1981,10,177,56,0,25
492,1981,10,205,53,0,26
492,1981,10,213,45,0,27
492,1981,10,118,53,0,28
492,1981,10,105,25,0,29
492,1981,10,192,56,0,30
493,1981,70,172,27,4,1
493,1981,70,163,4,1,2
493,1981,70,137,34,7,3
493,1981,70,178,3,6,4
493,1981,70,199,3,5,5
493,1981,70,187,1,12,6
493,1981,70,173,32,9,7
493,1981,70,110,1,18,8
493,1981,70,202,6,8,9
493,1981,70,197,45,14,10
493,1981,70,206,37,19,11
493,1981,70,207,51,13,12
493,1981,70,201,54,21,13
493,1981,70,119,21,10,14
493,1981,70,194,57,20,15
493,1981,70,105,25,22,16
493,1981,70,152,51,16,17
493,1981,70,212,34,15,18
493,1981,70,216,21,24,19
493,1981,70,117,4,2,20
493,1981,70,175,27,17,21
493,1981,70,95,32,11,22
493,1981,70,203,6,3,23
493,1981,70,176,55,23,24
493,1981,70,158,25,0,25
493,1981,70,118,53,0,26
493,1981,70,205,53,0,27
493,1981,70,213,45,0,28
494,1981,39,117,4,1,1
494,1981,39,137,34,3,2
494,1981,39,178,3,4,3
494,1981,39,212,34,15,4
494,1981,39,173,32,9,5
494,1981,39,194,57,24,6
494,1981,39,216,21,21,7
494,1981,39,176,55,20,8
494,1981,39,105,25,25,9
494,1981,39,201,54,23,10
494,1981,39,207,51,7,11
494,1981,39,187,1,8,12
494,1981,39,158,25,22,13
494,1981,39,197,45,18,14
494,1981,39,163,4,2,15
494,1981,39,152,51,14,16
494,1981,39,172,27,6,17
494,1981,39,199,3,5,18
494,1981,39,119,21,10,19
494,1981,39,206,37,19,20
494,1981,39,202,6,12,21
494,1981,39,95,32,17,22
494,1981,39,175,27,11,23
494,1981,39,203,6,16,24
494,1981,39,110,1,0,25
494,1981,39,205,53,0,26
494,1981,39,177,56,0,27
494,1981,39,192,56,0,28
494,1981,39,213,45,0,29
494,1981,39,118,53,0,30
495,1981,14,117,4,3,1
495,1981,14,178,3,5,2
495,1981,14,199,3,2,3
495,1981,14,173,32,11,4
495,1981,14,202,6,8,5
495,1981,14,137,34,6,6
495,1981,14,110,1,16,7
495,1981,14,152,51,10,8
495,1981,14,197,45,18,9
495,1981,14,205,53,23,10
495,1981,14,207,51,13,11
495,1981,14,206,37,19,12
495,1981,14,175,27,15,13
495,1981,14,95,32,12,14
495,1981,14,187,1,7,15
495,1981,14,119,21,20,16
495,1981,14,105,25,22,17
495,1981,14,194,57,24,18
495,1981,14,163,4,1,19
495,1981,14,172,27,4,20
495,1981,14,158,25,17,21
495,1981,14,201,54,21,22
495,1981,14,203,6,9,23
495,1981,14,212,34,14,24
495,1981,14,176,55,0,25
495,1981,14,213,45,0,26
495,1981,14,118,53,0,27
495,1981,14,216,21,0,28
495,1981,14,177,56,0,29
495,1981,14,192,56,0,30
496,1981,7,172,27,10,1
496,1981,7,187,1,9,2
496,1981,7,203,6,11,3
496,1981,7,152,51,15,4
496,1981,7,137,34,1,5
496,1981,7,173,32,7,6
496,1981,7,207,51,16,7
496,1981,7,206,37,20,8
496,1981,7,176,55,19,9
496,1981,7,199,3,2,10
496,1981,7,105,25,22,11
496,1981,7,158,25,14,12
496,1981,7,110,1,13,13
496,1981,7,117,4,4,14
496,1981,7,95,32,5,15
496,1981,7,201,54,21,16
496,1981,7,212,34,6,17
496,1981,7,197,45,23,18
496,1981,7,178,3,3,19
496,1981,7,202,6,12,20
496,1981,7,194,57,24,21
496,1981,7,175,27,17,22
496,1981,7,119,21,18,23
496,1981,7,163,4,8,24
496,1981,7,177,56,0,25
496,1981,7,192,56,0,26
496,1981,7,205,53,0,27
496,1981,7,198,21,0,28
496,1981,7,118,53,0,29
496,1981,7,213,45,0,30
497,1981,44,178,3,2,1
497,1981,44,117,4,5,2
497,1981,44,152,51,8,3
497,1981,44,95,32,9,4
497,1981,44,137,34,4,5
497,1981,44,172,27,12,6
497,1981,44,187,1,6,7
497,1981,44,199,3,1,8
497,1981,44,202,6,18,9
497,1981,44,177,56,20,10
497,1981,44,119,21,11,11
497,1981,44,110,1,14,12
497,1981,44,105,25,17,13
497,1981,44,194,57,24,14
497,1981,44,118,53,22,15
497,1981,44,207,51,10,16
497,1981,44,203,6,3,17
497,1981,44,212,34,16,18
497,1981,44,176,55,23,19
497,1981,44,158,25,19,20
497,1981,44,163,4,13,21
497,1981,44,175,27,7,22
497,1981,44,173,32,15,23
497,1981,44,197,45,21,24
497,1981,44,201,54,0,25
497,1981,44,192,56,0,26
497,1981,44,206,37,0,27
497,1981,44,198,21,0,28
497,1981,44,205,53,0,29
497,1981,44,213,45,0,30
498,1980,25,178,3,1,1
498,1980,25,137,34,4,2
498,1980,25,177,56,13,3
498,1980,25,206,25,22,4
498,1980,25,152,51,20,5
498,1980,25,117,1,12,6
498,1980,25,217,34,16,7
498,1980,25,221,51,23,8
498,1980,25,222,6,11,9
498,1980,25,223,57,15,10
498,1980,25,224,56,24,11
498,1980,25,203,6,8,12
498,1980,25,172,27,2,13
498,1980,25,119,21,7,14
498,1980,25,176,54,21,15
498,1980,25,207,32,6,16
498,1980,25,200,21,14,17
498,1980,25,199,3,10,18
498,1980,25,173,32,5,19
498,1980,25,187,1,17,20
498,1980,25,219,4,9,21
498,1980,25,163,4,19,22
498,1980,25,202,27,3,23
498,1980,25,197,25,18,24
498,1980,25,225,58,0,25
498,1980,25,140,58,0,26
498,1980,25,136,54,0,27
498,1980,25,158,45,0,28
499,1980,18,163,4,6,1
499,1980,18,173,32,7,2
499,1980,18,178,3,10,3
499,1980,18,202,27,2,4
499,1980,18,117,1,13,5
499,1980,18,119,21,14,6
499,1980,18,176,54,20,7
499,1980,18,217,34,18,8
499,1980,18,177,56,15,9
499,1980,18,200,21,16,10
499,1980,18,187,1,23,11
499,1980,18,197,25,22,12
499,1980,18,152,51,17,13
499,1980,18,206,25,24,14
499,1980,18,224,56,19,15
499,1980,18,203,6,3,16
499,1980,18,221,51,21,17
499,1980,18,219,4,1,18
499,1980,18,137,34,9,19
499,1980,18,172,27,5,20
499,1980,18,223,57,12,21
499,1980,18,222,6,8,22
499,1980,18,207,32,11,23
499,1980,18,199,3,4,24
499,1980,18,136,54,0,25
499,1980,18,225,58,0,26
499,1980,18,140,58,0,27
499,1980,18,158,45,0,28
500,1980,30,163,4,2,1
500,1980,30,172,27,4,2
500,1980,30,202,27,5,3
500,1980,30,137,34,3,4
500,1980,30,199,3,6,5
500,1980,30,200,21,19,6
500,1980,30,197,25,13,7
500,1980,30,224,56,18,8
500,1980,30,223,57,20,9
500,1980,30,217,34,17,10
500,1980,30,187,1,21,11
500,1980,30,207,32,15,12
500,1980,30,209,58,24,13
500,1980,30,152,51,12,14
500,1980,30,219,4,1,15
500,1980,30,206,25,16,16
500,1980,30,177,56,23,17
500,1980,30,221,51,7,18
500,1980,30,178,3,8,19
500,1980,30,203,6,10,20
500,1980,30,222,6,9,21
500,1980,30,119,21,11,22
500,1980,30,158,45,22,23
500,1980,30,173,32,14,24
500,1980,30,117,1,0,25
500,1980,30,176,54,0,26
500,1980,30,225,58,0,27
500,1980,30,136,54,0,28
501,1980,43,137,34,1,1
501,1980,43,119,21,8,2
501,1980,43,224,56,24,3
501,1980,43,187,1,21,4
501,1980,43,222,6,16,5
501,1980,43,202,27,9,6
501,1980,43,200,21,17,7
501,1980,43,206,25,14,8
501,1980,43,163,4,2,9
501,1980,43,219,4,11,10
501,1980,43,177,56,22,11
501,1980,43,223,57,23,12
501,1980,43,152,51,6,13
501,1980,43,178,3,5,14
501,1980,43,203,6,10,15
501,1980,43,221,51,3,16
501,1980,43,172,27,13,17
501,1980,43,158,45,19,18
501,1980,43,199,3,7,19
501,1980,43,197,25,12,20
501,1980,43,173,32,20,21
501,1980,43,136,54,4,22
501,1980,43,207,32,15,23
501,1980,43,217,34,18,24
501,1980,43,225,58,0,25
501,1980,43,209,58,0,26
501,1980,43,226,1,0,27
502,1980,40,202,27,2,1
502,1980,40,178,3,1,2
502,1980,40,199,3,4,3
502,1980,40,163,4,6,4
502,1980,40,197,25,9,5
502,1980,40,203,6,12,6
502,1980,40,177,56,21,7
502,1980,40,222,6,14,8
502,1980,40,206,25,11,9
502,1980,40,173,32,8,10
502,1980,40,172,27,3,11
502,1980,40,136,54,15,12
502,1980,40,187,1,20,13
502,1980,40,119,21,16,14
502,1980,40,207,32,17,15
502,1980,40,221,51,10,16
502,1980,40,137,34,7,17
502,1980,40,117,1,19,18
502,1980,40,224,56,24,19
502,1980,40,227,57,23,20
502,1980,40,152,51,18,21
502,1980,40,217,34,22,22
502,1980,40,200,21,13,23
502,1980,40,219,4,5,24
502,1980,40,209,58,0,25
502,1980,40,225,58,0,26
502,1980,40,158,45,0,27
503,1980,6,199,3,2,1
503,1980,6,172,27,5,2
503,1980,6,137,34,4,3
503,1980,6,200,21,15,4
503,1980,6,203,6,6,5
503,1980,6,224,56,18,6
503,1980,6,207,32,19,7
503,1980,6,119,21,11,8
503,1980,6,173,32,14,9
503,1980,6,136,54,13,10
503,1980,6,202,27,1,11
503,1980,6,163,4,20,12
503,1980,6,221,51,7,13
503,1980,6,222,6,17,14
503,1980,6,219,4,16,15
503,1980,6,178,3,3,16
503,1980,6,152,51,8,17
503,1980,6,197,25,9,18
503,1980,6,117,1,10,19
503,1980,6,206,25,12,20
503,1980,6,187,1,0,21
503,1980,6,158,45,0,22
503,1980,6,209,58,0,23
503,1980,6,177,56,0,24
503,1980,6,217,34,0,25
503,1980,6,227,57,0,26
503,1980,6,225,58,0,27
504,1980,34,178,3,4,1
504,1980,34,202,27,3,2
504,1980,34,172,27,1,3
504,1980,34,137,34,8,4
504,1980,34,163,4,2,5
504,1980,34,199,3,5,6
504,1980,34,187,1,13,7
504,1980,34,203,6,17,8
504,1980,34,119,21,18,9
504,1980,34,200,21,15,10
504,1980,34,206,25,20,11
504,1980,34,222,6,19,12
504,1980,34,224,56,24,13
504,1980,34,197,25,16,14
504,1980,34,158,45,21,15
504,1980,34,176,54,11,16
504,1980,34,221,51,10,17
504,1980,34,207,32,12,18
504,1980,34,177,56,23,19
504,1980,34,152,51,9,20
504,1980,34,117,1,7,21
504,1980,34,173,32,14,22
504,1980,34,219,4,6,23
504,1980,34,217,34,22,24
504,1980,34,209,58,0,25
504,1980,34,136,57,0,26
504,1980,34,225,58,0,27
505,1980,38,178,3,3,1
505,1980,38,137,34,5,2
505,1980,38,199,3,4,3
505,1980,38,206,25,10,4
505,1980,38,197,25,11,5
505,1980,38,117,1,7,6
505,1980,38,212,34,17,7
505,1980,38,187,1,12,8
505,1980,38,119,21,21,9
505,1980,38,222,6,23,10
505,1980,38,211,3,18,11
505,1980,38,224,56,22,12
505,1980,38,200,21,24,13
505,1980,38,163,4,16,14
505,1980,38,202,27,1,15
505,1980,38,176,54,15,16
505,1980,38,207,32,9,17
505,1980,38,152,51,6,18
505,1980,38,203,6,19,19
505,1980,38,172,27,2,20
505,1980,38,221,51,8,21
505,1980,38,158,45,20,22
505,1980,38,173,32,14,23
505,1980,38,219,4,13,24
505,1980,38,136,57,0,25
505,1980,38,177,56,0,26
505,1980,38,228,3,0,27
506,1980,10,172,27,5,1
506,1980,10,199,3,4,2
506,1980,10,178,3,1,3
506,1980,10,137,34,6,4
506,1980,10,152,51,19,5
506,1980,10,203,6,16,6
506,1980,10,207,32,9,7
506,1980,10,200,21,17,8
506,1980,10,119,21,10,9
506,1980,10,206,25,22,10
506,1980,10,117,1,14,11
506,1980,10,176,54,13,12
506,1980,10,222,6,21,13
506,1980,10,136,57,24,14
506,1980,10,197,25,23,15
506,1980,10,173,32,11,16
506,1980,10,187,1,20,17
506,1980,10,219,4,2,18
506,1980,10,163,4,3,19
506,1980,10,158,45,18,20
506,1980,10,202,27,7,21
506,1980,10,224,56,12,22
506,1980,10,177,56,8,23
506,1980,10,212,34,15,24
506,1980,10,211,3,0,25
506,1980,10,229,54,0,26
507,1980,70,219,4,2,1
507,1980,70,178,3,3,2
507,1980,70,199,3,4,3
507,1980,70,172,27,5,4
507,1980,70,137,34,7,5
507,1980,70,173,32,9,6
507,1980,70,117,1,12,7
507,1980,70,203,6,15,8
507,1980,70,163,4,1,9
507,1980,70,212,34,14,10
507,1980,70,224,56,23,11
507,1980,70,176,54,16,12
507,1980,70,222,6,22,13
507,1980,70,119,21,18,14
507,1980,70,211,3,20,15
507,1980,70,177,56,11,16
507,1980,70,95,32,24,17
507,1980,70,187,1,21,18
507,1980,70,152,51,8,19
507,1980,70,202,27,13,20
507,1980,70,197,25,6,21
507,1980,70,158,45,19,22
507,1980,70,206,25,10,23
507,1980,70,207,32,17,24
507,1980,70,136,57,0,25
507,1980,70,200,21,0,26
508,1980,39,137,34,5,1
508,1980,39,163,4,1,2
508,1980,39,172,27,6,3
508,1980,39,199,3,3,4
508,1980,39,197,25,17,5
508,1980,39,117,1,18,6
508,1980,39,203,6,7,7
508,1980,39,207,32,10,8
508,1980,39,222,6,12,9
508,1980,39,176,54,20,10
508,1980,39,178,3,4,11
508,1980,39,206,25,23,12
508,1980,39,152,51,8,13
508,1980,39,158,45,19,14
508,1980,39,119,21,14,15
508,1980,39,219,4,2,16
508,1980,39,230,51,22,17
508,1980,39,209,57,24,18
508,1980,39,187,1,9,19
508,1980,39,224,56,21,20
508,1980,39,95,32,16,21
508,1980,39,173,32,11,22
508,1980,39,202,27,15,23
508,1980,39,212,34,13,24
508,1980,39,211,3,0,25
508,1980,39,136,57,0,26
508,1980,39,191,21,0,27
508,1980,39,177,56,0,28
508,1980,39,200,21,0,29
509,1980,21,137,34,5,1
509,1980,21,178,3,6,2
509,1980,21,199,3,3,3
509,1980,21,173,32,18,4
509,1980,21,177,56,11,5
509,1980,21,202,27,13,6
509,1980,21,117,1,24,7
509,1980,21,222,6,16,8
509,1980,21,172,27,20,9
509,1980,21,163,4,1,10
509,1980,21,211,3,21,11
509,1980,21,158,45,17,12
509,1980,21,197,25,12,13
509,1980,21,219,4,2,14
509,1980,21,176,54,23,15
509,1980,21,207,32,10,16
509,1980,21,119,21,7,17
509,1980,21,206,25,22,18
509,1980,21,187,1,14,19
509,1980,21,212,34,9,20
509,1980,21,224,56,15,21
509,1980,21,203,6,8,22
509,1980,21,152,51,4,23
509,1980,21,230,51,19,24
509,1980,21,95,32,0,25
509,1980,21,181,21,0,26
509,1980,21,136,57,0,27
509,1980,21,209,57,0,28
510,1980,7,178,3,2,1
510,1980,7,199,3,5,2
510,1980,7,202,27,3,3
510,1980,7,187,1,7,4
510,1980,7,203,6,22,5
510,1980,7,212,34,10,6
510,1980,7,197,25,15,7
510,1980,7,172,27,9,8
510,1980,7,177,56,6,9
510,1980,7,173,32,17,10
510,1980,7,200,21,21,11
510,1980,7,136,57,19,12
510,1980,7,117,1,12,13
510,1980,7,163,4,23,14
510,1980,7,219,4,13,15
510,1980,7,137,34,1,16
510,1980,7,207,32,18,17
510,1980,7,110,51,8,18
510,1980,7,158,45,14,19
510,1980,7,224,56,16,20
510,1980,7,152,51,4,21
510,1980,7,119,21,11,22
510,1980,7,206,25,20,23
510,1980,7,191,25,24,24
510,1980,7,176,54,0,25
510,1980,7,222,6,0,26
510,1980,7,211,3,0,27
510,1980,7,214,3,0,28
511,1980,46,178,3,5,1
511,1980,46,199,3,3,2
511,1980,46,202,27,7,3
511,1980,46,173,32,4,4
511,1980,46,172,27,12,5
511,1980,46,207,32,11,6
511,1980,46,163,4,6,7
511,1980,46,176,54,17,8
511,1980,46,211,3,15,9
511,1980,46,177,56,14,10
511,1980,46,222,6,23,11
511,1980,46,187,1,9,12
511,1980,46,203,6,18,13
511,1980,46,197,25,22,14
511,1980,46,200,21,24,15
511,1980,46,152,51,1,16
511,1980,46,137,34,2,17
511,1980,46,212,34,8,18
511,1980,46,158,45,16,19
511,1980,46,119,21,20,20
511,1980,46,136,57,25,21
511,1980,46,224,56,19,22
511,1980,46,206,25,21,23
511,1980,46,110,51,10,24
511,1980,46,117,1,13,25
511,1980,46,191,25,0,26
511,1980,46,209,3,0,27
512,1979,25,172,27,1,1
512,1979,25,199,32,3,2
512,1979,25,187,1,6,3
512,1979,25,221,27,2,4
512,1979,25,207,32,7,5
512,1979,25,224,56,11,6
512,1979,25,173,58,16,7
512,1979,25,200,21,14,8
512,1979,25,178,3,15,9
512,1979,25,223,3,17,10
512,1979,25,206,57,24,11
512,1979,25,203,6,10,12
512,1979,25,212,32,19,13
512,1979,25,136,58,21,14
512,1979,25,231,59,18,15
512,1979,25,197,25,4,16
512,1979,25,219,4,12,17
512,1979,25,182,204,23,18
512,1979,25,163,4,25,19
512,1979,25,222,6,5,20
512,1979,25,202,25,8,21
512,1979,25,175,1,9,22
512,1979,25,137,204,20,23
512,1979,25,232,60,22,24
512,1979,25,119,21,13,25
512,1979,25,233,54,0,26
513,1979,18,172,27,1,1
513,1979,18,221,27,2,2
513,1979,18,199,32,3,3
513,1979,18,202,25,8,4
513,1979,18,203,6,5,5
513,1979,18,222,6,6,6
513,1979,18,200,21,19,7
513,1979,18,187,1,14,8
513,1979,18,119,21,16,9
513,1979,18,219,4,7,10
513,1979,18,224,56,9,11
513,1979,18,173,58,20,12
513,1979,18,206,57,23,13
513,1979,18,136,58,21,14
513,1979,18,223,3,17,15
513,1979,18,178,3,13,16
513,1979,18,233,54,24,17
513,1979,18,163,4,11,18
513,1979,18,231,59,10,19
513,1979,18,175,1,18,20
513,1979,18,182,204,12,21
513,1979,18,137,204,22,22
513,1979,18,207,32,4,23
513,1979,18,197,25,15,24
513,1979,18,212,32,0,25
513,1979,18,232,60,0,26
514,1979,30,203,6,3,1
514,1979,30,222,6,2,2
514,1979,30,197,25,9,3
514,1979,30,207,32,8,4
514,1979,30,199,32,11,5
514,1979,30,182,204,4,6
514,1979,30,137,204,12,7
514,1979,30,231,59,13,8
514,1979,30,223,3,22,9
514,1979,30,175,1,17,10
514,1979,30,119,21,16,11
514,1979,30,200,21,20,12
514,1979,30,224,56,18,13
514,1979,30,212,32,23,14
514,1979,30,163,4,10,15
514,1979,30,178,3,19,16
514,1979,30,187,1,14,17
514,1979,30,233,54,24,18
514,1979,30,219,4,1,19
514,1979,30,172,27,6,20
514,1979,30,202,25,7,21
514,1979,30,173,58,15,22
514,1979,30,221,27,5,23
514,1979,30,136,58,21,24
514,1979,30,206,57,0,25
514,1979,30,232,60,0,26
515,1979,43,203,6,1,1
515,1979,43,222,6,3,2
515,1979,43,178,3,10,3
515,1979,43,207,32,6,4
515,1979,43,221,27,4,5
515,1979,43,197,25,7,6
515,1979,43,173,58,20,7
515,1979,43,137,204,12,8
515,1979,43,200,21,13,9
515,1979,43,202,25,17,10
515,1979,43,212,32,23,11
515,1979,43,206,57,24,12
515,1979,43,187,1,18,13
515,1979,43,233,54,21,14
515,1979,43,223,3,15,15
515,1979,43,136,58,14,16
515,1979,43,119,21,9,17
515,1979,43,199,32,2,18
515,1979,43,224,56,16,19
515,1979,43,232,60,22,20
515,1979,43,172,27,5,21
515,1979,43,231,59,8,22
515,1979,43,182,204,11,23
515,1979,43,175,1,19,24
515,1979,43,163,4,0,25
515,1979,43,219,4,0,26
516,1979,45,221,27,2,1
516,1979,45,199,32,8,2
516,1979,45,207,32,4,3
516,1979,45,222,6,5,4
516,1979,45,197,25,12,5
516,1979,45,202,25,10,6
516,1979,45,203,6,3,7
516,1979,45,200,21,17,8
516,1979,45,163,4,11,9
516,1979,45,119,21,16,10
516,1979,45,224,56,19,11
516,1979,45,136,58,24,12
516,1979,45,175,1,20,13
516,1979,45,233,54,21,14
516,1979,45,182,204,6,15
516,1979,45,212,32,23,16
516,1979,45,178,3,13,17
516,1979,45,173,58,22,18
516,1979,45,223,3,14,19
516,1979,45,231,59,15,20
516,1979,45,219,4,9,21
516,1979,45,187,1,18,22
516,1979,45,172,27,1,23
516,1979,45,137,204,7,24
516,1979,45,206,57,0,25
516,1979,45,232,60,0,26
516,1979,45,234,61,0,27
517,1979,40,222,6,7,1
517,1979,40,172,27,1,2
517,1979,40,202,25,12,3
517,1979,40,199,32,10,4
517,1979,40,119,21,16,5
517,1979,40,187,1,19,6
517,1979,40,203,6,6,7
517,1979,40,233,54,20,8
517,1979,40,224,56,23,9
517,1979,40,136,58,21,10
517,1979,40,197,25,11,11
517,1979,40,221,27,2,12
517,1979,40,231,59,9,13
517,1979,40,178,3,4,14
517,1979,40,207,32,5,15
517,1979,40,137,204,3,16
517,1979,40,182,204,13,17
517,1979,40,163,4,18,18
517,1979,40,152,51,14,19
517,1979,40,173,58,24,20
517,1979,40,200,21,22,21
517,1979,40,212,32,15,22
517,1979,40,219,4,17,23
517,1979,40,223,3,8,24
517,1979,40,175,1,0,25
517,1979,40,232,60,0,26
517,1979,40,206,57,0,27
517,1979,40,234,61,0,28
518,1979,6,222,6,1,1
518,1979,6,223,3,16,2
518,1979,6,199,32,11,3
518,1979,6,187,1,14,4
518,1979,6,221,27,3,5
518,1979,6,200,21,8,6
518,1979,6,137,204,18,7
518,1979,6,219,4,20,8
518,1979,6,172,27,5,9
518,1979,6,203,6,2,10
518,1979,6,178,3,9,11
518,1979,6,197,25,6,12
518,1979,6,233,54,12,13
518,1979,6,182,204,4,14
518,1979,6,202,25,7,15
518,1979,6,207,32,13,16
518,1979,6,224,56,17,17
518,1979,6,163,4,19,18
518,1979,6,231,59,10,19
518,1979,6,119,21,15,20
518,1979,6,173,58,0,21
518,1979,6,175,1,0,22
518,1979,6,136,58,0,23
518,1979,6,206,57,0,24
518,1979,6,234,60,0,25
519,1979,41,219,4,1,1
519,1979,41,203,6,3,2
519,1979,41,163,4,2,3
519,1979,41,178,3,7,4
519,1979,41,197,25,10,5
519,1979,41,223,3,9,6
519,1979,41,222,6,5,7
519,1979,41,172,27,8,8
519,1979,41,177,59,16,9
519,1979,41,175,1,20,10
519,1979,41,187,1,15,11
519,1979,41,212,32,23,12
519,1979,41,199,32,13,13
519,1979,41,119,21,19,14
519,1979,41,200,21,22,15
519,1979,41,173,58,24,16
519,1979,41,152,51,17,17
519,1979,41,136,58,21,18
519,1979,41,202,25,11,19
519,1979,41,224,56,18,20
519,1979,41,137,204,4,21
519,1979,41,207,32,12,22
519,1979,41,235,27,14,23
519,1979,41,182,204,6,24
519,1979,41,233,54,0,25
519,1979,41,236,57,0,26
519,1979,41,232,60,0,27
520,1979,9,223,3,4,1
520,1979,9,163,4,5,2
520,1979,9,197,25,16,3
520,1979,9,187,1,7,4
520,1979,9,222,6,11,5
520,1979,9,235,27,17,6
520,1979,9,175,1,18,7
520,1979,9,199,32,8,8
520,1979,9,212,32,26,9
520,1979,9,202,25,15,10
520,1979,9,136,58,21,11
520,1979,9,173,58,12,12
520,1979,9,236,57,23,13
520,1979,9,203,6,13,14
520,1979,9,119,21,19,15
520,1979,9,172,27,10,16
520,1979,9,177,59,14,17
520,1979,9,178,3,1,18
520,1979,9,200,21,20,19
520,1979,9,224,56,22,20
520,1979,9,219,4,2,21
520,1979,9,182,204,6,22
520,1979,9,207,32,9,23
520,1979,9,137,204,3,24
520,1979,9,233,54,0,25
520,1979,9,232,60,0,26
521,1979,10,178,3,2,1
521,1979,10,223,3,6,2
521,1979,10,172,27,3,3
521,1979,10,222,6,5,4
521,1979,10,187,1,12,5
521,1979,10,200,21,18,6
521,1979,10,209,25,16,7
521,1979,10,203,6,9,8
521,1979,10,202,25,8,9
521,1979,10,136,58,20,10
521,1979,10,173,58,21,11
521,1979,10,137,204,4,12
521,1979,10,119,21,19,13
521,1979,10,175,1,15,14
521,1979,10,177,59,17,15
521,1979,10,182,204,7,16
521,1979,10,235,27,14,17
521,1979,10,212,32,24,18
521,1979,10,207,32,11,19
521,1979,10,163,4,10,20
521,1979,10,219,4,1,21
521,1979,10,224,56,22,22
521,1979,10,199,32,13,23
521,1979,10,233,54,23,24
521,1979,10,236,57,0,25
521,1979,10,232,60,0,26
522,1979,70,178,3,2,1
522,1979,70,203,6,5,2
522,1979,70,172,27,8,3
522,1979,70,222,6,9,4
522,1979,70,223,3,6,5
522,1979,70,163,4,1,6
522,1979,70,202,25,10,7
522,1979,70,206,25,11,8
522,1979,70,187,1,16,9
522,1979,70,175,1,14,10
522,1979,70,182,204,4,11
522,1979,70,236,57,24,12
522,1979,70,119,21,13,13
522,1979,70,173,58,22,14
522,1979,70,137,204,7,15
522,1979,70,233,54,18,16
522,1979,70,235,27,21,17
522,1979,70,199,32,17,18
522,1979,70,219,4,3,19
522,1979,70,177,59,19,20
522,1979,70,224,56,12,21
522,1979,70,136,58,23,22
522,1979,70,200,21,20,23
522,1979,70,207,32,15,24
522,1979,70,212,32,0,25
522,1979,70,232,60,0,26
523,1979,39,178,3,2,1
523,1979,39,222,6,5,2
523,1979,39,172,27,7,3
523,1979,39,137,204,11,4
523,1979,39,235,27,20,5
523,1979,39,200,21,18,6
523,1979,39,212,32,24,7
523,1979,39,202,25,10,8
523,1979,39,203,6,6,9
523,1979,39,173,58,22,10
523,1979,39,177,59,8,11
523,1979,39,219,4,4,12
523,1979,39,187,1,12,13
523,1979,39,197,25,16,14
523,1979,39,233,54,15,15
523,1979,39,136,58,23,16
523,1979,39,207,32,17,17
523,1979,39,119,21,19,18
523,1979,39,175,1,14,19
523,1979,39,182,204,9,20
523,1979,39,224,56,21,21
523,1979,39,199,32,13,22
523,1979,39,163,4,1,23
523,1979,39,223,3,3,24
523,1979,39,236,57,0,25
523,1979,39,232,60,0,26
524,1979,14,222,6,3,1
524,1979,14,203,6,5,2
524,1979,14,223,3,6,3
524,1979,14,182,204,9,4
524,1979,14,207,32,10,5
524,1979,14,197,25,16,6
524,1979,14,199,32,13,7
524,1979,14,224,56,20,8
524,1979,14,178,3,4,9
524,1979,14,202,25,12,10
524,1979,14,233,54,15,11
524,1979,14,230,51,22,12
524,1979,14,119,21,17,13
524,1979,14,219,4,1,14
524,1979,14,172,27,7,15
524,1979,14,177,59,23,16
524,1979,14,235,27,11,17
524,1979,14,173,58,24,18
524,1979,14,152,51,18,19
524,1979,14,163,4,2,20
524,1979,14,187,1,19,21
524,1979,14,175,1,14,22
524,1979,14,200,21,21,23
524,1979,14,137,204,8,24
524,1979,14,136,58,0,25
524,1979,14,176,57,0,26
524,1979,14,232,60,0,27
524,1979,14,212,62,0,28
525,1979,7,178,3,1,1
525,1979,7,203,6,2,2
525,1979,7,223,3,3,3
525,1979,7,222,6,9,4
525,1979,7,202,25,6,5
525,1979,7,187,1,17,6
525,1979,7,217,182,17,7
525,1979,7,224,56,15,8
525,1979,7,136,58,21,9
525,1979,7,207,32,10,10
525,1979,7,137,182,4,11
525,1979,7,230,51,18,12
525,1979,7,235,27,16,13
525,1979,7,197,25,13,14
525,1979,7,206,25,24,15
525,1979,7,212,62,22,16
525,1979,7,219,4,7,17
525,1979,7,173,58,23,18
525,1979,7,199,32,11,19
525,1979,7,119,21,14,20
525,1979,7,175,1,20,21
525,1979,7,163,4,8,22
525,1979,7,233,54,12,23
525,1979,7,172,27,5,24
525,1979,7,200,21,0,25
525,1979,7,176,57,0,26
525,1979,7,177,59,0,27
525,1979,7,237,56,0,28
525,1979,7,232,60,0,29
525,1979,7,182,182,0,30
526,1979,46,203,6,3,1
526,1979,46,163,4,7,2
526,1979,46,202,25,10,3
526,1979,46,173,58,20,4
526,1979,46,233,54,14,5
526,1979,46,187,1,13,6
526,1979,46,224,56,23,7
526,1979,46,137,182,2,8
526,1979,46,206,25,15,9
526,1979,46,222,6,16,10
526,1979,46,119,21,19,11
526,1979,46,178,3,1,12
526,1979,46,176,57,21,13
526,1979,46,223,3,5,14
526,1979,46,217,182,9,15
526,1979,46,219,4,8,16
526,1979,46,177,59,12,17
526,1979,46,175,1,22,18
526,1979,46,197,25,11,19
526,1979,46,207,32,17,20
526,1979,46,199,32,6,21
526,1979,46,172,27,4,22
526,1979,46,235,27,24,23
526,1979,46,152,51,18,24
526,1979,46,230,51,0,25
526,1979,46,200,21,0,26
526,1979,46,136,58,0,27
526,1979,46,212,62,0,28
526,1979,46,237,56,0,29
526,1979,46,232,60,0,30
527,1978,25,207,32,1,1
527,1978,25,182,34,5,2
527,1978,25,221,25,10,3
527,1978,25,231,1,6,4
527,1978,25,238,32,3,5
527,1978,25,175,1,9,6
527,1978,25,199,6,2,7
527,1978,25,203,6,7,8
527,1978,25,224,56,17,9
527,1978,25,222,59,15,10
527,1978,25,200,54,13,11
527,1978,25,197,54,11,12
527,1978,25,239,1,24,13
527,1978,25,202,25,23,14
527,1978,25,223,58,16,15
527,1978,25,172,27,8,16
527,1978,25,233,58,18,17
527,1978,25,230,63,12,18
527,1978,25,187,34,4,19
527,1978,25,178,3,14,20
527,1978,25,240,57,21,21
527,1978,25,241,57,22,22
527,1978,25,232,60,20,23
527,1978,25,211,63,19,24
527,1978,25,212,32,0,25
527,1978,25,158,55,0,26
527,1978,25,242,64,0,27
528,1978,36,199,6,4,1
528,1978,36,224,56,7,2
528,1978,36,182,34,10,3
528,1978,36,207,32,3,4
528,1978,36,223,58,15,5
528,1978,36,202,25,19,6
528,1978,36,200,54,20,7
528,1978,36,187,34,21,8
528,1978,36,172,27,14,9
528,1978,36,119,21,18,10
528,1978,36,178,3,8,11
528,1978,36,212,32,22,12
528,1978,36,203,6,6,13
528,1978,36,175,1,5,14
528,1978,36,231,1,2,15
528,1978,36,233,58,9,16
528,1978,36,222,59,12,17
528,1978,36,238,32,1,18
528,1978,36,240,57,23,19
528,1978,36,239,1,13,20
528,1978,36,221,25,11,21
528,1978,36,211,63,24,22
528,1978,36,241,57,17,23
528,1978,36,197,54,16,24
528,1978,36,232,60,0,25
528,1978,36,158,55,0,26
528,1978,36,230,63,0,27
528,1978,36,242,64,0,28
529,1978,30,238,32,12,1
529,1978,30,221,25,11,2
529,1978,30,187,34,10,3
529,1978,30,178,3,18,4
529,1978,30,172,27,13,5
529,1978,30,202,25,14,6
529,1978,30,207,32,2,7
529,1978,30,197,54,17,8
529,1978,30,243,21,22,9
529,1978,30,212,32,21,10
529,1978,30,239,1,20,11
529,1978,30,230,63,19,12
529,1978,30,119,21,7,13
529,1978,30,222,59,5,14
529,1978,30,175,1,4,15
529,1978,30,203,6,8,16
529,1978,30,199,6,9,17
529,1978,30,182,34,1,18
529,1978,30,211,63,23,19
529,1978,30,200,54,15,20
529,1978,30,232,60,26,21
529,1978,30,219,4,6,22
529,1978,30,177,55,24,23
529,1978,30,224,56,16,24
529,1978,30,158,64,25,25
529,1978,30,231,1,3,26
529,1978,30,163,65,0,27
529,1978,30,223,58,0,28
529,1978,30,241,57,0,29
529,1978,30,233,58,0,30
530,1978,43,199,6,1,1
530,1978,43,207,32,4,2
530,1978,43,221,25,12,3
530,1978,43,238,32,6,4
530,1978,43,172,27,14,5
530,1978,43,119,21,9,6
530,1978,43,178,3,8,7
530,1978,43,224,56,15,8
530,1978,43,243,21,18,9
530,1978,43,223,58,20,10
530,1978,43,197,54,19,11
530,1978,43,175,1,11,12
530,1978,43,222,59,10,13
530,1978,43,230,63,17,14
530,1978,43,219,4,13,15
530,1978,43,203,6,2,16
530,1978,43,182,34,3,17
530,1978,43,202,25,22,18
530,1978,43,232,60,21,19
530,1978,43,200,54,16,20
530,1978,43,187,34,5,21
530,1978,43,231,1,7,22
530,1978,43,211,63,0,23
530,1978,43,233,58,0,24
530,1978,43,239,1,0,25
530,1978,43,241,57,0,26
530,1978,43,177,55,0,27
530,1978,43,212,32,0,28
530,1978,43,240,58,0,29
530,1978,43,206,64,0,30
531,1978,6,221,25,5,1
531,1978,6,182,34,3,2
531,1978,6,222,59,9,3
531,1978,6,187,34,2,4
531,1978,6,202,25,13,5
531,1978,6,119,21,14,6
531,1978,6,175,1,11,7
531,1978,6,199,6,1,8
531,1978,6,224,56,20,9
531,1978,6,219,4,12,10
531,1978,6,207,32,4,11
531,1978,6,203,6,8,12
531,1978,6,238,32,7,13
531,1978,6,231,1,6,14
531,1978,6,243,21,19,15
531,1978,6,178,3,10,16
531,1978,6,235,57,16,17
531,1978,6,233,58,17,18
531,1978,6,172,27,15,19
531,1978,6,211,63,18,20
531,1978,6,200,54,0,21
531,1978,6,223,58,0,22
531,1978,6,197,54,0,23
531,1978,6,230,63,0,24
531,1978,6,177,55,0,25
531,1978,6,206,64,0,26
531,1978,6,163,65,0,27
531,1978,6,212,32,0,28
531,1978,6,239,1,0,29
531,1978,6,232,60,0,30
532,1978,40,207,32,1,1
532,1978,40,238,32,7,2
532,1978,40,199,6,2,3
532,1978,40,203,6,4,4
532,1978,40,172,27,14,5
532,1978,40,202,25,23,6
532,1978,40,239,1,24,7
532,1978,40,152,1,21,8
532,1978,40,163,65,19,9
532,1978,40,178,3,11,10
532,1978,40,200,54,16,11
532,1978,40,235,57,22,12
532,1978,40,230,63,12,13
532,1978,40,233,58,10,14
532,1978,40,219,4,20,15
532,1978,40,222,59,5,16
532,1978,40,221,25,13,17
532,1978,40,223,58,18,18
532,1978,40,119,21,8,19
532,1978,40,243,21,17,20
532,1978,40,187,34,9,21
532,1978,40,182,34,3,22
532,1978,40,231,1,6,23
532,1978,40,224,56,15,24
532,1978,40,211,63,0,25
532,1978,40,206,64,0,26
532,1978,40,177,55,0,27
532,1978,40,244,54,0,28
532,1978,40,212,32,0,29
532,1978,40,232,60,0,30
533,1978,45,207,32,1,1
533,1978,45,238,32,2,2
533,1978,45,172,27,10,3
533,1978,45,222,59,9,4
533,1978,45,187,34,7,5
533,1978,45,231,1,4,6
533,1978,45,230,63,16,7
533,1978,45,178,3,18,8
533,1978,45,200,54,17,9
533,1978,45,203,6,5,10
533,1978,45,211,63,23,11
533,1978,45,202,25,13,12
533,1978,45,219,4,11,13
533,1978,45,243,21,19,14
533,1978,45,223,58,22,15
533,1978,45,235,57,21,16
533,1978,45,224,56,15,17
533,1978,45,199,6,3,18
533,1978,45,182,34,6,19
533,1978,45,221,25,12,20
533,1978,45,233,58,24,21
533,1978,45,119,21,8,22
533,1978,45,212,32,20,23
533,1978,45,175,1,14,24
533,1978,45,232,60,0,25
533,1978,45,239,1,0,26
533,1978,45,208,1,0,27
533,1978,45,244,54,0,28
533,1978,45,177,55,0,29
534,1978,47,182,34,3,1
534,1978,47,119,21,5,2
534,1978,47,238,32,4,3
534,1978,47,175,1,15,4
534,1978,47,223,58,16,5
534,1978,47,224,56,13,6
534,1978,47,172,27,11,7
534,1978,47,231,1,14,8
534,1978,47,203,6,7,9
534,1978,47,199,6,8,10
534,1978,47,233,58,20,11
534,1978,47,212,32,21,12
534,1978,47,200,54,19,13
534,1978,47,243,21,24,14
534,1978,47,177,54,23,15
534,1978,47,232,60,22,16
534,1978,47,207,32,1,17
534,1978,47,178,3,9,18
534,1978,47,221,25,12,19
534,1978,47,219,4,10,20
534,1978,47,187,34,2,21
534,1978,47,222,59,6,22
534,1978,47,202,25,17,23
534,1978,47,230,63,18,24
534,1978,47,211,63,0,25
534,1978,47,239,1,0,26
534,1978,47,235,57,0,27
535,1978,34,207,32,2,1
535,1978,34,238,32,5,2
535,1978,34,231,1,4,3
535,1978,34,187,34,1,4
535,1978,34,178,3,14,5
535,1978,34,222,59,7,6
535,1978,34,172,27,10,7
535,1978,34,119,21,12,8
535,1978,34,175,1,6,9
535,1978,34,202,25,16,10
535,1978,34,233,58,20,11
535,1978,34,203,6,9,12
535,1978,34,200,54,25,13
535,1978,34,163,65,18,14
535,1978,34,243,21,21,15
535,1978,34,177,54,26,16
535,1978,34,230,63,19,17
535,1978,34,199,6,8,18
535,1978,34,239,1,24,19
535,1978,34,224,56,15,20
535,1978,34,211,63,23,21
535,1978,34,152,1,22,22
535,1978,34,182,34,3,23
535,1978,34,221,25,13,24
535,1978,34,223,58,17,25
535,1978,34,219,4,11,26
535,1978,34,232,60,0,27
535,1978,34,206,57,0,28
535,1978,34,212,32,0,29
536,1978,38,199,6,8,1
536,1978,38,182,34,4,2
536,1978,38,187,34,9,3
536,1978,38,221,25,10,4
536,1978,38,233,58,18,5
536,1978,38,175,1,20,6
536,1978,38,152,1,16,7
536,1978,38,239,1,24,8
536,1978,38,230,63,25,9
536,1978,38,172,27,7,10
536,1978,38,200,54,26,11
536,1978,38,177,54,22,12
536,1978,38,223,58,17,13
536,1978,38,219,4,12,14
536,1978,38,119,21,5,15
536,1978,38,202,25,19,16
536,1978,38,222,59,3,17
536,1978,38,224,56,11,18
536,1978,38,232,60,23,19
536,1978,38,206,57,15,20
536,1978,38,207,32,2,21
536,1978,38,178,3,6,22
536,1978,38,203,6,13,23
536,1978,38,212,32,21,24
536,1978,38,231,1,14,25
536,1978,38,238,32,1,26
536,1978,38,211,63,0,27
536,1978,38,243,21,0,28
536,1978,38,209,57,0,29
536,1978,38,245,1,0,30
537,1978,10,207,32,1,1
537,1978,10,222,59,4,2
537,1978,10,172,27,7,3
537,1978,10,224,56,10,4
537,1978,10,202,25,16,5
537,1978,10,212,32,18,6
537,1978,10,187,34,5,7
537,1978,10,203,6,15,8
537,1978,10,119,21,14,9
537,1978,10,177,59,19,10
537,1978,10,229,57,17,11
537,1978,10,243,21,23,12
537,1978,10,238,32,2,13
537,1978,10,231,1,8,14
537,1978,10,178,3,6,15
537,1978,10,137,57,21,16
537,1978,10,230,63,20,17
537,1978,10,175,1,11,18
537,1978,10,199,6,12,19
537,1978,10,182,34,3,20
537,1978,10,219,4,9,21
537,1978,10,200,54,22,22
537,1978,10,233,58,24,23
537,1978,10,221,25,13,24
537,1978,10,223,58,0,25
537,1978,10,197,54,0,26
537,1978,10,211,63,0,27
537,1978,10,232,60,0,28
537,1978,10,163,65,0,29
537,1978,10,239,1,0,30
538,1978,70,238,32,1,1
538,1978,70,221,25,14,2
538,1978,70,203,6,11,3
538,1978,70,224,56,6,4
538,1978,70,172,27,5,5
538,1978,70,230,63,21,6
538,1978,70,187,34,10,7
538,1978,70,239,1,17,8
538,1978,70,163,65,26,9
538,1978,70,223,58,22,10
538,1978,70,177,59,25,11
538,1978,70,206,57,19,12
538,1978,70,175,1,14,13
538,1978,70,233,58,23,14
538,1978,70,219,4,3,15
538,1978,70,199,6,12,16
538,1978,70,182,34,4,17
538,1978,70,202,25,9,18
538,1978,70,231,1,8,19
538,1978,70,178,3,15,20
538,1978,70,119,21,16,21
538,1978,70,229,57,24,22
538,1978,70,212,32,18,23
538,1978,70,137,1,20,24
538,1978,70,222,59,7,25
538,1978,70,207,32,2,26
538,1978,70,232,60,0,27
538,1978,70,200,54,0,28
538,1978,70,211,63,0,29
538,1978,70,246,54,0,30
538,1978,70,243,21,0,31
539,1978,39,207,32,1,1
539,1978,39,238,32,2,2
539,1978,39,182,34,3,3
539,1978,39,187,34,8,4
539,1978,39,224,56,10,5
539,1978,39,203,6,5,6
539,1978,39,199,6,4,7
539,1978,39,172,27,6,8
539,1978,39,175,1,14,9
539,1978,39,231,1,7,10
539,1978,39,212,32,20,11
539,1978,39,222,59,15,12
539,1978,39,152,1,19,13
539,1978,39,233,58,18,14
539,1978,39,163,65,23,15
539,1978,39,232,60,26,16
539,1978,39,230,63,22,17
539,1978,39,219,4,9,18
539,1978,39,239,1,21,19
539,1978,39,177,59,24,20
539,1978,39,178,3,11,21
539,1978,39,137,1,25,22
539,1978,39,221,25,12,23
539,1978,39,206,57,16,24
539,1978,39,119,21,13,25
539,1978,39,202,25,17,26
539,1978,39,211,63,0,27
539,1978,39,223,58,0,28
539,1978,39,247,54,0,29
539,1978,39,200,54,0,30
539,1978,39,229,57,0,31
539,1978,39,240,58,0,32
539,1978,39,243,21,0,33
540,1978,14,182,34,4,1
540,1978,14,187,34,7,2
540,1978,14,199,6,11,3
540,1978,14,172,27,8,4
540,1978,14,175,1,19,5
540,1978,14,207,32,1,6
540,1978,14,203,6,2,7
540,1978,14,224,56,13,8
540,1978,14,137,1,24,9
540,1978,14,206,57,18,10
540,1978,14,221,25,16,11
540,1978,14,222,59,9,12
540,1978,14,178,3,6,13
540,1978,14,152,1,20,14
540,1978,14,223,58,15,15
540,1978,14,119,21,12,16
540,1978,14,231,1,10,17
540,1978,14,232,60,22,18
540,1978,14,219,4,3,19
540,1978,14,238,32,5,20
540,1978,14,202,25,14,21
540,1978,14,233,58,17,22
540,1978,14,239,1,21,23
540,1978,14,230,63,23,24
540,1978,14,212,32,0,25
540,1978,14,229,54,0,26
540,1978,14,247,54,0,27
540,1978,14,248,63,0,28
540,1978,14,229,57,0,29
540,1978,14,177,59,0,30
540,1978,14,243,21,0,31
540,1978,14,244,60,0,32
541,1978,46,199,6,2,1
541,1978,46,178,3,3,2
541,1978,46,222,59,11,3
541,1978,46,219,4,9,4
541,1978,46,224,56,13,5
541,1978,46,175,1,18,6
541,1978,46,231,1,6,7
541,1978,46,206,57,19,8
541,1978,46,163,65,21,9
541,1978,46,202,25,16,10
541,1978,46,172,27,10,11
541,1978,46,249,59,20,12
541,1978,46,239,57,24,13
541,1978,46,223,58,17,14
541,1978,46,197,32,8,15
541,1978,46,243,21,22,16
541,1978,46,232,60,26,17
541,1978,46,247,54,25,18
541,1978,46,182,34,5,19
541,1978,46,207,32,1,20
541,1978,46,187,34,7,21
541,1978,46,221,25,12,22
541,1978,46,203,6,4,23
541,1978,46,177,54,15,24
541,1978,46,233,58,14,25
541,1978,46,212,32,23,26
541,1978,46,213,63,0,27
542,1978,7,203,6,3,1
542,1978,7,222,59,2,2
542,1978,7,199,6,11,3
542,1978,7,119,21,12,4
542,1978,7,221,25,13,5
542,1978,7,206,57,15,6
542,1978,7,202,25,18,7
542,1978,7,175,1,17,8
542,1978,7,178,3,5,9
542,1978,7,207,32,9,10
542,1978,7,137,34,14,11
542,1978,7,219,4,22,12
542,1978,7,177,54,21,13
542,1978,7,172,27,10,14
542,1978,7,231,1,19,15
542,1978,7,197,32,1,16
542,1978,7,163,63,16,17
542,1978,7,249,59,20,18
542,1978,7,187,34,4,19
542,1978,7,182,34,7,20
542,1978,7,233,58,8,21
542,1978,7,224,56,6,22
542,1978,7,223,58,0,23
542,1978,7,213,63,0,24
542,1978,7,232,60,0,25
542,1978,7,212,32,0,26
542,1978,7,243,21,0,27
542,1978,7,247,54,0,28
543,1977,25,222,59,11,1
543,1977,25,250,34,6,2
543,1977,25,199,6,7,3
543,1977,25,224,56,16,4
543,1977,25,207,32,8,5
543,1977,25,223,57,12,6
543,1977,25,230,63,13,7
543,1977,25,251,37,17,8
543,1977,25,252,58,9,9
543,1977,25,187,34,2,10
543,1977,25,237,37,20,11
543,1977,25,172,27,15,12
543,1977,25,221,25,3,13
543,1977,25,231,1,1,14
543,1977,25,200,1,5,15
543,1977,25,238,25,14,16
543,1977,25,253,56,19,17
543,1977,25,182,6,4,18
543,1977,25,246,63,18,19
543,1977,25,254,58,21,20
543,1977,25,255,32,10,21
544,1977,18,199,6,2,1
544,1977,18,231,1,1,2
544,1977,18,182,6,13,3
544,1977,18,224,56,16,4
544,1977,18,255,32,10,5
544,1977,18,254,58,18,6
544,1977,18,253,56,19,7
544,1977,18,250,34,12,8
544,1977,18,252,58,5,9
544,1977,18,246,63,20,10
544,1977,18,187,34,7,11
544,1977,18,172,27,14,12
544,1977,18,221,25,6,13
544,1977,18,207,32,3,14
544,1977,18,237,37,21,15
544,1977,18,200,1,4,16
544,1977,18,238,25,8,17
544,1977,18,223,57,9,18
544,1977,18,230,63,11,19
544,1977,18,222,59,15,20
544,1977,18,251,37,17,21
544,1977,18,256,66,22,22
545,1977,30,182,6,3,1
545,1977,30,222,59,5,2
545,1977,30,221,25,4,3
545,1977,30,231,1,1,4
545,1977,30,200,1,12,5
545,1977,30,187,34,11,6
545,1977,30,230,63,14,7
545,1977,30,199,6,8,8
545,1977,30,223,57,16,9
545,1977,30,224,56,9,10
545,1977,30,246,63,19,11
545,1977,30,255,32,10,12
545,1977,30,250,34,2,13
545,1977,30,239,37,23,14
545,1977,30,256,66,22,15
545,1977,30,237,37,17,16
545,1977,30,233,37,18,17
545,1977,30,207,32,6,18
545,1977,30,257,37,21,19
545,1977,30,172,27,12,20
545,1977,30,252,58,15,21
545,1977,30,254,58,20,22
545,1977,30,238,25,7,23
546,1977,43,207,32,2,1
546,1977,43,182,6,1,2
546,1977,43,222,59,3,3
546,1977,43,221,25,12,4
546,1977,43,224,56,7,5
546,1977,43,197,67,9,6
546,1977,43,231,1,8,7
546,1977,43,255,32,16,8
546,1977,43,172,27,5,9
546,1977,43,205,37,18,10
546,1977,43,246,63,19,11
546,1977,43,238,25,10,12
546,1977,43,223,57,13,13
546,1977,43,233,34,17,14
546,1977,43,178,58,14,15
546,1977,43,200,1,15,16
546,1977,43,187,34,6,17
546,1977,43,254,58,20,18
546,1977,43,237,37,22,19
546,1977,43,199,6,4,20
546,1977,43,239,37,21,21
546,1977,43,230,63,11,22
547,1977,45,207,32,1,1
547,1977,45,199,6,4,2
547,1977,45,222,59,5,3
547,1977,45,200,1,9,4
547,1977,45,255,32,12,5
547,1977,45,233,34,13,6
547,1977,45,172,27,2,7
547,1977,45,238,25,15,8
547,1977,45,246,63,20,9
547,1977,45,239,37,28,10
547,1977,45,251,37,17,11
547,1977,45,258,37,22,12
547,1977,45,208,1,23,13
547,1977,45,224,56,19,14
547,1977,45,187,34,6,15
547,1977,45,178,58,14,16
547,1977,45,211,64,16,17
547,1977,45,229,64,10,18
547,1977,45,254,58,24,19
547,1977,45,232,37,21,20
547,1977,45,221,25,10,21
547,1977,45,231,1,7,22
547,1977,45,223,57,8,23
547,1977,45,230,63,11,24
547,1977,45,182,6,3,25
547,1977,45,197,67,0,26
547,1977,45,237,37,0,27
547,1977,45,257,37,0,28
547,1977,45,205,37,0,29
547,1977,45,259,68,0,30
547,1977,45,260,66,0,31
548,1977,6,222,59,2,1
548,1977,6,182,6,6,2
548,1977,6,199,6,3,3
548,1977,6,200,1,9,4
548,1977,6,207,32,10,5
548,1977,6,178,58,11,6
548,1977,6,172,27,16,7
548,1977,6,230,63,14,8
548,1977,6,119,58,15,9
548,1977,6,235,57,17,10
548,1977,6,197,67,12,11
548,1977,6,211,64,20,12
548,1977,6,255,32,13,13
548,1977,6,187,34,1,14
548,1977,6,221,25,8,15
548,1977,6,246,63,19,16
548,1977,6,224,56,18,17
548,1977,6,231,1,7,18
548,1977,6,233,34,5,19
548,1977,6,238,25,4,20
548,1977,6,232,37,0,21
548,1977,6,257,37,0,22
548,1977,6,229,64,0,23
548,1977,6,223,57,0,24
548,1977,6,237,37,0,25
548,1977,6,251,37,0,26
549,1977,40,255,32,3,1
549,1977,40,182,6,11,2
549,1977,40,238,25,8,3
549,1977,40,230,63,12,4
549,1977,40,178,58,17,5
549,1977,40,233,34,18,6
549,1977,40,231,1,9,7
549,1977,40,221,25,5,8
549,1977,40,229,64,25,9
549,1977,40,258,37,24,10
549,1977,40,197,67,26,11
549,1977,40,256,63,23,12
549,1977,40,259,68,20,13
549,1977,40,232,37,14,14
549,1977,40,257,37,27,15
549,1977,40,222,59,4,16
549,1977,40,200,1,6,17
549,1977,40,172,27,10,18
549,1977,40,223,57,13,19
549,1977,40,199,6,7,20
549,1977,40,211,64,19,21
549,1977,40,119,58,15,22
549,1977,40,251,37,21,23
549,1977,40,224,56,16,24
549,1977,40,207,32,1,25
549,1977,40,187,34,2,26
549,1977,40,208,1,0,27
549,1977,40,237,37,0,28
549,1977,40,260,66,0,29
549,1977,40,261,37,0,30
549,1977,40,212,64,0,31
550,1977,47,172,27,8,1
550,1977,47,200,1,9,2
550,1977,47,199,6,12,3
550,1977,47,221,25,6,4
550,1977,47,187,34,2,5
550,1977,47,207,32,1,6
550,1977,47,223,57,14,7
550,1977,47,197,67,17,8
550,1977,47,262,58,16,9
550,1977,47,233,34,5,10
550,1977,47,239,1,22,11
550,1977,47,231,1,3,12
550,1977,47,211,64,24,13
550,1977,47,259,68,19,14
550,1977,47,258,37,20,15
550,1977,47,229,64,23,16
550,1977,47,178,58,11,17
550,1977,47,224,56,18,18
550,1977,47,255,32,7,19
550,1977,47,251,37,21,20
550,1977,47,230,63,13,21
550,1977,47,182,6,15,22
550,1977,47,222,59,4,23
550,1977,47,238,25,10,24
550,1977,47,237,37,0,25
550,1977,47,208,1,0,26
550,1977,47,256,63,0,27
550,1977,47,257,37,0,28
550,1977,47,212,64,0,29
550,1977,47,260,66,0,30
550,1977,47,263,37,0,31
551,1977,41,207,32,1,1
551,1977,41,187,34,4,2
551,1977,41,231,1,2,3
551,1977,41,255,32,3,4
551,1977,41,182,6,9,5
551,1977,41,199,6,6,6
551,1977,41,223,57,16,7
551,1977,41,172,27,5,8
551,1977,41,200,1,7,9
551,1977,41,211,64,14,10
551,1977,41,224,56,22,11
551,1977,41,238,25,17,12
551,1977,41,230,63,11,13
551,1977,41,251,37,20,14
551,1977,41,222,59,8,15
551,1977,41,233,34,13,16
551,1977,41,178,58,10,17
551,1977,41,232,37,18,18
551,1977,41,221,25,12,19
551,1977,41,119,58,15,20
551,1977,41,259,68,21,21
551,1977,41,197,67,19,22
551,1977,41,237,37,0,23
551,1977,41,258,37,0,24
551,1977,41,239,1,0,25
551,1977,41,229,64,0,26
551,1977,41,256,63,0,27
551,1977,41,212,64,0,28
551,1977,41,175,63,0,29
551,1977,41,260,66,0,30
552,1977,9,231,1,1,1
552,1977,9,182,6,3,2
552,1977,9,255,32,5,3
552,1977,9,200,1,11,4
552,1977,9,233,34,7,5
552,1977,9,172,27,15,6
552,1977,9,178,58,12,7
552,1977,9,230,63,8,8
552,1977,9,197,67,20,9
552,1977,9,258,37,26,10
552,1977,9,203,1,9,11
552,1977,9,267,63,23,12
552,1977,9,239,1,19,13
552,1977,9,207,32,6,14
552,1977,9,199,6,14,15
552,1977,9,187,34,2,16
552,1977,9,222,59,4,17
552,1977,9,224,56,22,18
552,1977,9,232,37,17,19
552,1977,9,119,58,25,20
552,1977,9,221,25,18,21
552,1977,9,219,4,21,22
552,1977,9,251,37,24,23
552,1977,9,238,25,16,24
552,1977,9,175,57,10,25
552,1977,9,211,64,13,26
552,1977,9,237,37,0,27
552,1977,9,223,57,0,28
552,1977,9,205,37,0,29
552,1977,9,208,1,0,30
552,1977,9,259,68,0,31
552,1977,9,264,37,0,32
552,1977,9,265,66,0,33
552,1977,9,245,63,0,34
552,1977,9,266,69,0,35
552,1977,9,263,37,0,36
553,1977,10,182,6,3,1
553,1977,10,222,59,1,2
553,1977,10,233,34,5,3
553,1977,10,199,6,8,4
553,1977,10,230,63,10,5
553,1977,10,175,57,11,6
553,1977,10,267,63,19,7
553,1977,10,237,37,20,8
553,1977,10,238,25,14,9
553,1977,10,119,58,16,10
553,1977,10,211,64,23,11
553,1977,10,207,32,7,12
553,1977,10,231,1,4,13
553,1977,10,255,32,9,14
553,1977,10,200,1,13,15
553,1977,10,221,25,15,16
553,1977,10,172,27,6,17
553,1977,10,212,64,24,18
553,1977,10,239,1,21,19
553,1977,10,251,37,19,20
553,1977,10,187,34,2,21
553,1977,10,197,67,12,22
553,1977,10,178,58,17,23
553,1977,10,268,67,25,24
553,1977,10,258,37,0,25
553,1977,10,208,1,0,26
553,1977,10,224,56,0,27
553,1977,10,232,37,0,28
553,1977,10,269,66,0,29
554,1977,70,178,58,14,1
554,1977,70,182,6,1,2
554,1977,70,233,34,4,3
554,1977,70,199,6,5,4
554,1977,70,238,25,15,5
554,1977,70,200,1,9,6
554,1977,70,211,64,20,7
554,1977,70,187,34,12,8
554,1977,70,258,37,22,9
554,1977,70,239,1,17,10
554,1977,70,224,56,23,11
554,1977,70,246,67,19,12
554,1977,70,221,25,10,13
554,1977,70,197,67,18,14
554,1977,70,230,63,13,15
554,1977,70,267,63,25,16
554,1977,70,208,1,26,17
554,1977,70,222,59,8,18
554,1977,70,231,1,2,19
554,1977,70,175,57,7,20
554,1977,70,255,32,16,21
554,1977,70,232,58,21,22
554,1977,70,172,27,6,23
554,1977,70,207,32,3,24
554,1977,70,251,37,24,25
554,1977,70,223,57,11,26
554,1977,70,205,37,0,27
554,1977,70,270,64,0,28
554,1977,70,212,64,0,29
554,1977,70,237,37,0,30
555,1977,39,182,6,4,1
555,1977,39,172,27,2,2
555,1977,39,222,59,15,3
555,1977,39,224,56,17,4
555,1977,39,175,57,12,5
555,1977,39,199,6,6,6
555,1977,39,233,34,19,7
555,1977,39,246,67,18,8
555,1977,39,239,1,20,9
555,1977,39,251,37,25,10
555,1977,39,237,37,24,11
555,1977,39,230,63,22,12
555,1977,39,119,58,16,13
555,1977,39,205,70,23,14
555,1977,39,219,4,10,15
555,1977,39,255,32,5,16
555,1977,39,178,58,13,17
555,1977,39,221,25,11,18
555,1977,39,238,25,7,19
555,1977,39,223,57,9,20
555,1977,39,207,32,1,21
555,1977,39,211,64,26,22
555,1977,39,231,1,3,23
555,1977,39,197,67,21,24
555,1977,39,187,34,8,25
555,1977,39,200,1,14,26
555,1977,39,258,37,0,27
555,1977,39,232,37,0,28
555,1977,39,267,63,0,29
555,1977,39,270,64,0,30
555,1977,39,257,37,0,31
555,1977,39,212,64,0,32
555,1977,39,269,66,0,33
555,1977,39,247,37,0,34
556,1977,14,207,32,4,1
556,1977,14,182,6,5,2
556,1977,14,178,58,16,3
556,1977,14,200,1,9,4
556,1977,14,223,57,7,5
556,1977,14,238,25,12,6
556,1977,14,258,37,24,7
556,1977,14,172,27,8,8
556,1977,14,211,64,23,9
556,1977,14,251,37,17,10
556,1977,14,199,6,2,11
556,1977,14,119,58,6,12
556,1977,14,152,1,15,13
556,1977,14,233,34,11,14
556,1977,14,231,1,1,15
556,1977,14,221,25,13,16
556,1977,14,222,59,3,17
556,1977,14,219,4,20,18
556,1977,14,197,67,18,19
556,1977,14,175,57,21,20
556,1977,14,230,63,10,21
556,1977,14,255,32,22,22
556,1977,14,239,1,19,23
556,1977,14,187,34,14,24
556,1977,14,237,37,0,25
556,1977,14,224,56,0,26
556,1977,14,241,63,0,27
556,1977,14,205,70,0,28
556,1977,14,208,1,0,29
556,1977,14,270,64,0,30
556,1977,14,269,66,0,31
556,1977,14,246,67,0,32
556,1977,14,271,71,0,33
556,1977,14,220,34,0,34
557,1977,46,231,1,1,1
557,1977,46,207,32,4,2
557,1977,46,222,59,9,3
557,1977,46,182,6,7,4
557,1977,46,223,57,19,5
557,1977,46,199,6,6,6
557,1977,46,172,27,10,7
557,1977,46,211,64,20,8
557,1977,46,197,58,16,9
557,1977,46,239,1,17,10
557,1977,46,246,63,25,11
557,1977,46,187,34,3,12
557,1977,46,224,56,18,13
557,1977,46,221,25,8,14
557,1977,46,237,37,23,15
557,1977,46,238,25,5,16
557,1977,46,270,64,22,17
557,1977,46,258,37,24,18
557,1977,46,230,63,11,19
557,1977,46,219,4,14,20
557,1977,46,255,32,12,21
557,1977,46,233,34,2,22
557,1977,46,251,37,21,23
557,1977,46,200,1,15,24
557,1977,46,240,67,26,25
557,1977,46,178,58,13,26
557,1977,46,175,57,0,27
558,1977,48,222,59,9,1
558,1977,48,221,25,6,2
558,1977,48,200,1,5,3
558,1977,48,178,58,7,4
558,1977,48,175,57,16,5
558,1977,48,230,63,15,6
558,1977,48,240,67,22,7
558,1977,48,237,37,23,8
558,1977,48,207,32,1,9
558,1977,48,119,58,8,10
558,1977,48,239,1,20,11
558,1977,48,203,6,17,12
558,1977,48,231,1,2,13
558,1977,48,258,37,21,14
558,1977,48,238,25,3,15
558,1977,48,211,64,25,16
558,1977,48,246,63,24,17
558,1977,48,251,37,18,18
558,1977,48,224,56,19,19
558,1977,48,199,6,12,20
558,1977,48,233,34,13,21
558,1977,48,255,32,4,22
558,1977,48,172,27,11,23
558,1977,48,187,34,10,24
558,1977,48,223,57,14,25
558,1977,48,270,64,0,26
558,1977,48,219,4,0,27
559,1977,16,231,1,2,1
559,1977,16,199,6,7,2
559,1977,16,221,25,15,3
559,1977,16,178,58,12,4
559,1977,16,172,27,5,5
559,1977,16,119,58,13,6
559,1977,16,233,34,4,7
559,1977,16,230,63,9,8
559,1977,16,272,25,22,9
559,1977,16,222,59,6,10
559,1977,16,273,72,11,11
559,1977,16,237,37,23,12
559,1977,16,255,32,14,13
559,1977,16,223,57,10,14
559,1977,16,187,34,3,15
559,1977,16,200,1,8,16
559,1977,16,175,57,16,17
559,1977,16,238,25,18,18
559,1977,16,203,6,20,19
559,1977,16,197,27,17,20
559,1977,16,207,32,1,21
559,1977,16,274,72,19,22
559,1977,16,246,63,21,23
560,1976,18,182,6,2,1
560,1976,18,221,25,9,2
560,1976,18,252,58,12,3
560,1976,18,233,37,14,4
560,1976,18,222,25,13,5
560,1976,18,200,1,6,6
560,1976,18,223,6,4,7
560,1976,18,235,59,19,8
560,1976,18,254,3,17,9
560,1976,18,250,204,10,10
560,1976,18,253,56,20,11
560,1976,18,199,204,15,12
560,1976,18,224,56,5,13
560,1976,18,275,37,22,14
560,1976,18,197,58,3,15
560,1976,18,231,1,1,16
560,1976,18,230,37,7,17
560,1976,18,172,27,11,18
560,1976,18,238,32,18,19
560,1976,18,207,32,16,20
560,1976,18,187,67,8,21
560,1976,18,270,66,21,22
561,1976,30,182,6,2,1
561,1976,30,231,1,1,2
561,1976,30,200,1,4,3
561,1976,30,222,25,12,4
561,1976,30,187,67,3,5
561,1976,30,207,73,13,6
561,1976,30,252,58,7,7
561,1976,30,230,37,5,8
561,1976,30,221,25,6,9
561,1976,30,276,32,23,10
561,1976,30,239,63,20,11
561,1976,30,233,37,17,12
561,1976,30,277,59,22,13
561,1976,30,278,57,18,14
561,1976,30,229,64,24,15
561,1976,30,235,59,19,16
561,1976,30,224,56,21,17
561,1976,30,223,6,9,18
561,1976,30,172,27,8,19
561,1976,30,197,58,15,20
561,1976,30,250,204,14,21
561,1976,30,255,32,25,22
561,1976,30,199,204,11,23
561,1976,30,238,37,13,24
561,1976,30,251,25,16,25
562,1976,43,223,6,1,1
562,1976,43,182,6,4,2
562,1976,43,221,25,2,3
562,1976,43,172,27,12,4
562,1976,43,200,1,14,5
562,1976,43,224,56,16,6
562,1976,43,197,58,7,7
562,1976,43,278,57,17,8
562,1976,43,250,204,13,9
562,1976,43,238,37,6,10
562,1976,43,178,63,19,11
562,1976,43,187,67,9,12
562,1976,43,222,25,11,13
562,1976,43,252,58,5,14
562,1976,43,207,73,15,15
562,1976,43,231,1,3,16
562,1976,43,233,37,18,17
562,1976,43,230,37,20,18
562,1976,43,199,204,10,19
562,1976,43,255,32,8,20
562,1976,43,277,59,0,21
562,1976,43,253,56,0,22
562,1976,43,232,37,0,23
562,1976,43,276,32,0,24
562,1976,43,235,59,0,25
562,1976,43,229,64,0,26
562,1976,43,239,63,0,27
563,1976,45,231,1,1,1
563,1976,45,182,6,2,2
563,1976,45,255,32,7,3
563,1976,45,199,204,12,4
563,1976,45,278,57,10,5
563,1976,45,250,204,11,6
563,1976,45,235,59,21,7
563,1976,45,252,58,22,8
563,1976,45,178,63,20,9
563,1976,45,277,59,23,10
563,1976,45,223,6,5,11
563,1976,45,172,27,8,12
563,1976,45,256,70,24,13
563,1976,45,200,1,4,14
563,1976,45,197,58,15,15
563,1976,45,222,25,14,16
563,1976,45,187,67,13,17
563,1976,45,232,37,18,18
563,1976,45,207,32,9,19
563,1976,45,221,25,3,20
563,1976,45,230,37,6,21
563,1976,45,233,37,17,22
563,1976,45,238,37,16,23
563,1976,45,224,56,19,24
563,1976,45,239,63,0,25
563,1976,45,271,182,0,26
563,1976,45,279,3,0,27
563,1976,45,208,182,0,28
563,1976,45,229,64,0,29
563,1976,45,253,56,0,30
564,1976,40,182,6,1,1
564,1976,40,223,6,2,2
564,1976,40,172,27,4,3
564,1976,40,222,25,7,4
564,1976,40,178,63,16,5
564,1976,40,200,1,18,6
564,1976,40,187,67,17,7
564,1976,40,256,70,20,8
564,1976,40,197,58,14,9
564,1976,40,252,58,13,10
564,1976,40,277,59,25,11
564,1976,40,271,182,23,12
564,1976,40,239,63,26,13
564,1976,40,250,204,9,14
564,1976,40,278,57,8,15
564,1976,40,231,1,3,16
564,1976,40,233,37,15,17
564,1976,40,229,64,24,18
564,1976,40,221,25,4,19
564,1976,40,207,32,11,20
564,1976,40,258,182,19,21
564,1976,40,232,37,21,22
564,1976,40,199,204,12,23
564,1976,40,238,37,10,24
564,1976,40,255,32,22,25
564,1976,40,230,37,5,26
564,1976,40,224,56,0,27
564,1976,40,235,59,0,28
564,1976,40,265,64,0,29
565,1976,6,182,6,1,1
565,1976,6,222,25,5,2
565,1976,6,221,25,4,3
565,1976,6,233,37,6,4
565,1976,6,200,1,11,5
565,1976,6,224,56,7,6
565,1976,6,252,58,15,7
565,1976,6,197,58,10,8
565,1976,6,250,204,13,9
565,1976,6,187,67,17,10
565,1976,6,277,59,18,11
565,1976,6,172,27,8,12
565,1976,6,278,57,12,13
565,1976,6,223,6,2,14
565,1976,6,255,32,16,15
565,1976,6,238,37,3,16
565,1976,6,231,1,14,17
565,1976,6,230,37,9,18
565,1976,6,178,63,19,19
565,1976,6,199,204,20,20
565,1976,6,235,59,0,21
565,1976,6,280,63,0,22
565,1976,6,256,70,0,23
565,1976,6,229,64,0,24
565,1976,6,232,37,0,25
566,1976,47,222,25,1,1
566,1976,47,221,25,4,2
566,1976,47,182,6,5,3
566,1976,47,172,27,7,4
566,1976,47,231,1,8,5
566,1976,47,223,6,11,6
566,1976,47,238,37,9,7
566,1976,47,250,204,10,8
566,1976,47,252,58,12,9
566,1976,47,230,37,15,10
566,1976,47,200,1,13,11
566,1976,47,197,58,14,12
566,1976,47,178,63,18,13
566,1976,47,232,37,19,14
566,1976,47,239,63,24,15
566,1976,47,229,64,23,16
566,1976,47,233,37,20,17
566,1976,47,207,32,2,18
566,1976,47,278,57,3,19
566,1976,47,277,59,25,20
566,1976,47,256,70,22,21
566,1976,47,224,56,21,22
566,1976,47,271,182,26,23
566,1976,47,255,32,6,24
566,1976,47,199,204,16,25
566,1976,47,187,67,17,26
566,1976,47,281,182,0,27
567,1976,34,231,1,1,1
567,1976,34,221,25,3,2
567,1976,34,187,67,8,3
567,1976,34,250,204,5,4
567,1976,34,207,32,7,5
567,1976,34,222,25,9,6
567,1976,34,233,37,17,7
567,1976,34,252,58,16,8
567,1976,34,232,37,20,9
567,1976,34,235,59,19,10
567,1976,34,199,204,10,11
567,1976,34,197,58,15,12
567,1976,34,277,59,22,13
567,1976,34,172,27,13,14
567,1976,34,200,1,14,15
567,1976,34,239,63,23,16
567,1976,34,265,64,25,17
567,1976,34,258,57,26,18
567,1976,34,238,37,6,19
567,1976,34,178,63,18,20
567,1976,34,230,37,11,21
567,1976,34,224,56,21,22
567,1976,34,280,63,24,23
567,1976,34,223,6,4,24
567,1976,34,182,6,2,25
567,1976,34,255,32,12,26
567,1976,34,229,64,29,27
567,1976,34,282,182,0,28
567,1976,34,253,56,0,29
567,1976,34,271,182,0,30
568,1976,38,182,6,1,1
568,1976,38,222,25,8,2
568,1976,38,187,67,11,3
568,1976,38,252,58,20,4
568,1976,38,178,63,19,5
568,1976,38,224,56,21,6
568,1976,38,229,64,23,7
568,1976,38,250,204,16,8
568,1976,38,197,58,24,9
568,1976,38,231,1,2,10
568,1976,38,255,32,14,11
568,1976,38,238,37,7,12
568,1976,38,239,63,18,13
568,1976,38,221,25,5,14
568,1976,38,199,204,15,15
568,1976,38,232,37,9,16
568,1976,38,223,6,4,17
568,1976,38,172,27,13,18
568,1976,38,276,182,22,19
568,1976,38,230,37,10,20
568,1976,38,280,63,26,21
568,1976,38,278,57,6,22
568,1976,38,207,32,3,23
568,1976,38,200,1,12,24
568,1976,38,233,37,17,25
568,1976,38,265,64,25,26
568,1976,38,235,59,0,27
568,1976,38,242,63,0,28
568,1976,38,283,58,0,29
568,1976,38,275,182,0,30
569,1976,20,231,1,1,1
569,1976,20,222,25,8,2
569,1976,20,200,1,9,3
569,1976,20,250,204,7,4
569,1976,20,255,32,16,5
569,1976,20,243,204,15,6
569,1976,20,187,67,19,7
569,1976,20,252,58,18,8
569,1976,20,223,6,5,9
569,1976,20,178,63,14,10
569,1976,20,197,58,23,11
569,1976,20,207,32,12,12
569,1976,20,224,56,20,13
569,1976,20,284,25,26,14
569,1976,20,265,64,25,15
569,1976,20,232,59,21,16
569,1976,20,230,37,13,17
569,1976,20,221,25,3,18
569,1976,20,199,204,10,19
569,1976,20,238,37,11,20
569,1976,20,233,37,4,21
569,1976,20,172,27,6,22
569,1976,20,278,57,17,23
569,1976,20,182,6,2,24
569,1976,20,239,63,24,25
569,1976,20,229,64,22,26
569,1976,20,275,182,0,27
569,1976,20,280,63,0,28
570,1976,70,187,67,2,1
570,1976,70,172,27,5,2
570,1976,70,255,32,4,3
570,1976,70,231,1,1,4
570,1976,70,207,32,9,5
570,1976,70,238,37,3,6
570,1976,70,200,1,12,7
570,1976,70,229,64,20,8
570,1976,70,280,63,22,9
570,1976,70,239,63,16,10
570,1976,70,284,25,23,11
570,1976,70,275,182,24,12
570,1976,70,246,57,19,13
570,1976,70,271,182,25,14
570,1976,70,230,37,7,15
570,1976,70,224,56,17,16
570,1976,70,250,204,18,17
570,1976,70,197,58,8,18
570,1976,70,178,63,15,19
570,1976,70,233,37,11,20
570,1976,70,221,25,13,21
570,1976,70,232,59,21,22
570,1976,70,252,58,6,23
570,1976,70,222,25,10,24
570,1976,70,199,204,14,25
571,1976,39,231,1,2,1
571,1976,39,223,6,5,2
571,1976,39,207,32,6,3
571,1976,39,252,58,3,4
571,1976,39,222,25,8,5
571,1976,39,230,37,7,6
571,1976,39,221,25,14,7
571,1976,39,178,63,16,8
571,1976,39,200,1,15,9
571,1976,39,197,58,20,10
571,1976,39,280,63,22,11
571,1976,39,243,64,25,12
571,1976,39,235,57,11,13
571,1976,39,257,67,21,14
571,1976,39,250,204,9,15
571,1976,39,172,27,10,16
571,1976,39,238,37,1,17
571,1976,39,229,64,24,18
571,1976,39,187,67,4,19
571,1976,39,256,70,19,20
571,1976,39,224,56,17,21
571,1976,39,199,204,12,22
571,1976,39,255,32,13,23
571,1976,39,233,37,26,24
571,1976,39,260,63,18,25
571,1976,39,232,59,23,26
571,1976,39,284,25,0,27
572,1976,14,238,37,8,1
572,1976,14,223,6,9,2
572,1976,14,172,27,1,3
572,1976,14,182,6,5,4
572,1976,14,222,25,2,5
572,1976,14,221,25,4,6
572,1976,14,230,37,16,7
572,1976,14,252,58,15,8
572,1976,14,199,6,7,9
572,1976,14,235,57,10,10
572,1976,14,187,67,26,11
572,1976,14,178,63,18,12
572,1976,14,255,32,12,13
572,1976,14,239,63,24,14
572,1976,14,224,56,20,15
572,1976,14,229,64,19,16
572,1976,14,280,63,22,17
572,1976,14,284,25,21,18
572,1976,14,197,58,17,19
572,1976,14,243,204,11,20
572,1976,14,233,37,6,21
572,1976,14,207,32,14,22
572,1976,14,231,1,24,23
572,1976,14,256,70,13,24
572,1976,14,250,204,3,25
572,1976,14,200,1,25,26
572,1976,14,265,64,0,27
572,1976,14,232,59,0,28
572,1976,14,285,25,0,29
573,1976,48,231,1,1,1
573,1976,48,221,25,4,2
573,1976,48,207,32,5,3
573,1976,48,222,25,7,4
573,1976,48,200,1,11,5
573,1976,48,223,6,12,6
573,1976,48,250,204,10,7
573,1976,48,182,6,6,8
573,1976,48,238,37,2,9
573,1976,48,187,67,14,10
573,1976,48,252,58,13,11
573,1976,48,255,32,15,12
573,1976,48,235,57,16,13
573,1976,48,230,37,3,14
573,1976,48,239,63,22,15
573,1976,48,178,63,20,16
573,1976,48,256,204,19,17
573,1976,48,197,58,18,18
573,1976,48,280,63,21,19
573,1976,48,265,64,23,20
573,1976,48,172,27,9,21
573,1976,48,224,56,17,22
573,1976,48,233,37,8,23
573,1976,48,232,59,24,24
573,1976,48,229,64,0,25
573,1976,48,278,59,0,26
573,1976,48,285,25,0,27
574,1976,46,231,1,1,1
574,1976,46,222,25,2,2
574,1976,46,182,6,5,3
574,1976,46,200,1,17,4
574,1976,46,233,37,6,5
574,1976,46,187,67,8,6
574,1976,46,223,6,14,7
574,1976,46,178,63,18,8
574,1976,46,224,56,15,9
574,1976,46,197,58,16,10
574,1976,46,239,63,24,11
574,1976,46,237,64,22,12
574,1976,46,229,64,21,13
574,1976,46,286,59,23,14
574,1976,46,280,63,26,15
574,1976,46,252,58,9,16
574,1976,46,230,37,12,17
574,1976,46,172,27,4,18
574,1976,46,250,204,10,19
574,1976,46,256,204,13,20
574,1976,46,207,32,11,21
574,1976,46,235,57,19,22
574,1976,46,255,32,20,23
574,1976,46,238,37,3,24
574,1976,46,232,59,25,25
574,1976,46,221,25,7,26
574,1976,46,285,25,0,27
575,1976,16,207,32,1,1
575,1976,16,221,25,13,2
575,1976,16,231,1,2,3
575,1976,16,178,63,20,4
575,1976,16,223,6,7,5
575,1976,16,255,32,16,6
575,1976,16,172,27,11,7
575,1976,16,229,64,22,8
575,1976,16,274,63,24,9
575,1976,16,197,58,15,10
575,1976,16,287,72,10,11
575,1976,16,222,25,5,12
575,1976,16,246,59,25,13
575,1976,16,252,58,14,14
575,1976,16,230,37,8,15
575,1976,16,233,37,18,16
575,1976,16,200,1,12,17
575,1976,16,187,67,4,18
575,1976,16,273,25,21,19
575,1976,16,232,59,19,20
575,1976,16,224,56,23,21
575,1976,16,250,204,6,22
575,1976,16,182,6,3,23
575,1976,16,256,204,17,24
575,1976,16,238,37,9,25
575,1976,16,245,74,0,26
576,1975,25,224,1,5,1
576,1975,25,231,64,6,2
576,1975,25,199,34,3,3
576,1975,25,223,6,7,4
576,1975,25,221,25,8,5
576,1975,25,182,6,4,6
576,1975,25,288,67,16,7
576,1975,25,235,32,18,8
576,1975,25,230,37,12,9
576,1975,25,289,26,21,10
576,1975,25,222,25,9,11
576,1975,25,252,202,14,12
576,1975,25,243,26,19,13
576,1975,25,200,1,13,14
576,1975,25,250,34,2,15
576,1975,25,232,3,20,16
576,1975,25,207,73,10,17
576,1975,25,283,66,22,18
576,1975,25,238,32,11,19
576,1975,25,172,3,17,20
576,1975,25,290,56,23,21
576,1975,25,187,63,15,22
576,1975,25,197,202,1,23
577,1975,18,250,34,6,1
577,1975,18,224,1,2,2
577,1975,18,200,1,10,3
577,1975,18,223,6,5,4
577,1975,18,182,6,4,5
577,1975,18,231,64,7,6
577,1975,18,207,73,18,7
577,1975,18,199,34,3,8
577,1975,18,235,32,12,9
577,1975,18,187,63,13,10
577,1975,18,172,3,11,11
577,1975,18,289,26,20,12
577,1975,18,290,56,21,13
577,1975,18,243,26,23,14
577,1975,18,238,32,16,15
577,1975,18,197,202,1,16
577,1975,18,221,25,9,17
577,1975,18,252,202,14,18
577,1975,18,232,3,11,19
577,1975,18,288,67,15,20
577,1975,18,283,66,22,21
577,1975,18,222,25,8,22
577,1975,18,230,37,17,23
578,1975,30,222,25,3,1
578,1975,30,199,34,2,2
578,1975,30,221,25,5,3
578,1975,30,250,34,1,4
578,1975,30,182,6,4,5
578,1975,30,200,1,16,6
578,1975,30,243,75,14,7
578,1975,30,288,67,18,8
578,1975,30,252,202,19,9
578,1975,30,238,32,8,10
578,1975,30,291,32,25,11
578,1975,30,235,32,21,12
578,1975,30,292,32,22,13
578,1975,30,293,1,20,14
578,1975,30,276,66,24,15
578,1975,30,223,6,9,16
578,1975,30,207,73,6,17
578,1975,30,172,3,23,18
578,1975,30,224,1,11,19
578,1975,30,251,25,17,20
578,1975,30,231,64,12,21
578,1975,30,197,202,13,22
578,1975,30,275,37,26,23
578,1975,30,232,3,15,24
578,1975,30,187,63,10,25
578,1975,30,230,37,7,26
578,1975,30,290,56,0,27
578,1975,30,289,26,0,28
579,1975,49,200,1,11,1
579,1975,49,235,32,16,2
579,1975,49,199,34,15,3
579,1975,49,197,202,10,4
579,1975,49,230,37,5,5
579,1975,49,275,37,24,6
579,1975,49,294,3,18,7
579,1975,49,187,63,6,8
579,1975,49,223,6,2,9
579,1975,49,243,26,9,10
579,1975,49,250,34,14,11
579,1975,49,252,202,8,12
579,1975,49,238,32,12,13
579,1975,49,295,57,19,14
579,1975,49,296,26,22,15
579,1975,49,207,73,4,16
579,1975,49,276,66,23,17
579,1975,49,231,64,3,18
579,1975,49,222,25,13,19
579,1975,49,288,67,17,20
579,1975,49,178,64,20,21
579,1975,49,221,25,7,22
579,1975,49,290,56,21,23
579,1975,49,232,3,25,24
579,1975,49,182,6,1,25
579,1975,49,224,1,26,26
580,1975,6,182,6,1,1
580,1975,6,224,1,9,2
580,1975,6,250,34,8,3
580,1975,6,238,32,4,4
580,1975,6,221,25,12,5
580,1975,6,200,1,15,6
580,1975,6,222,25,7,7
580,1975,6,235,32,14,8
580,1975,6,199,34,10,9
580,1975,6,288,67,16,10
580,1975,6,231,64,11,11
580,1975,6,178,64,18,12
580,1975,6,230,37,5,13
580,1975,6,252,202,2,14
580,1975,6,223,6,17,15
580,1975,6,187,63,6,16
580,1975,6,207,73,13,17
580,1975,6,197,202,3,18
580,1975,6,172,3,0,19
580,1975,6,232,3,0,20
580,1975,6,289,75,0,21
580,1975,6,276,66,0,22
580,1975,6,295,57,0,23
580,1975,6,297,64,0,24
580,1975,6,275,37,0,25
580,1975,6,290,56,0,26
581,1975,40,182,6,1,1
581,1975,40,222,25,9,2
581,1975,40,199,34,6,3
581,1975,40,221,25,12,4
581,1975,40,223,6,4,5
581,1975,40,252,202,5,6
581,1975,40,224,1,8,7
581,1975,40,250,34,2,8
581,1975,40,276,66,20,9
581,1975,40,187,63,18,10
581,1975,40,288,67,21,11
581,1975,40,290,56,24,12
581,1975,40,296,75,22,13
581,1975,40,230,37,3,14
581,1975,40,235,32,16,15
581,1975,40,238,32,14,16
581,1975,40,172,3,23,17
581,1975,40,275,37,17,18
581,1975,40,294,75,7,19
581,1975,40,231,64,11,20
581,1975,40,197,202,10,21
581,1975,40,232,3,19,22
581,1975,40,178,64,13,23
581,1975,40,200,1,15,24
582,1975,47,182,6,5,1
582,1975,47,199,34,4,2
582,1975,47,223,6,12,3
582,1975,47,207,73,15,4
582,1975,47,288,67,16,5
582,1975,47,294,75,17,6
582,1975,47,222,25,8,7
582,1975,47,224,1,11,8
582,1975,47,238,32,9,9
582,1975,47,297,64,21,10
582,1975,47,178,64,19,11
582,1975,47,221,25,2,12
582,1975,47,276,66,23,13
582,1975,47,282,3,22,14
582,1975,47,235,32,18,15
582,1975,47,187,63,10,16
582,1975,47,290,56,25,17
582,1975,47,252,202,7,18
582,1975,47,251,3,20,19
582,1975,47,267,75,26,20
582,1975,47,250,34,6,21
582,1975,47,197,202,3,22
582,1975,47,230,37,1,23
582,1975,47,200,1,14,24
582,1975,47,231,64,13,25
582,1975,47,275,37,24,26
583,1975,39,231,64,3,1
583,1975,39,182,6,1,2
583,1975,39,223,6,2,3
583,1975,39,199,34,5,4
583,1975,39,250,34,9,5
583,1975,39,252,202,12,6
583,1975,39,294,75,7,7
583,1975,39,288,67,18,8
583,1975,39,221,25,13,9
583,1975,39,298,57,22,10
583,1975,39,290,56,24,11
583,1975,39,251,3,19,12
583,1975,39,178,75,17,13
583,1975,39,275,37,23,14
583,1975,39,238,32,16,15
583,1975,39,222,25,4,16
583,1975,39,172,3,15,17
583,1975,39,200,1,8,18
583,1975,39,197,202,10,19
583,1975,39,187,63,14,20
583,1975,39,224,1,6,21
583,1975,39,276,66,20,22
583,1975,39,235,32,21,23
583,1975,39,230,37,11,24
583,1975,39,299,74,0,25
584,1975,34,182,6,1,1
584,1975,34,231,64,3,2
584,1975,34,200,1,7,3
584,1975,34,224,1,10,4
584,1975,34,207,73,15,5
584,1975,34,221,25,13,6
584,1975,34,294,75,12,7
584,1975,34,197,202,4,8
584,1975,34,222,25,2,9
584,1975,34,238,32,17,10
584,1975,34,172,3,16,11
584,1975,34,219,25,21,12
584,1975,34,187,63,14,13
584,1975,34,199,34,11,14
584,1975,34,298,57,22,15
584,1975,34,178,75,20,16
584,1975,34,276,66,25,17
584,1975,34,275,37,26,18
584,1975,34,250,34,5,19
584,1975,34,235,32,19,20
584,1975,34,290,56,23,21
584,1975,34,230,37,8,22
584,1975,34,223,6,9,23
584,1975,34,288,67,18,24
584,1975,34,252,202,6,25
584,1975,34,296,3,24,26
585,1975,9,224,1,7,1
585,1975,9,250,34,2,2
585,1975,9,222,25,6,3
585,1975,9,231,64,9,4
585,1975,9,288,37,15,5
585,1975,9,230,37,5,6
585,1975,9,200,1,10,7
585,1975,9,182,6,3,8
585,1975,9,221,25,17,9
585,1975,9,178,75,28,10
585,1975,9,187,63,18,11
585,1975,9,207,73,12,12
585,1975,9,223,6,4,13
585,1975,9,197,202,11,14
585,1975,9,294,75,13,15
585,1975,9,205,32,21,16
585,1975,9,300,76,26,17
585,1975,9,301,63,23,18
585,1975,9,290,56,24,19
585,1975,9,233,37,14,20
585,1975,9,302,32,25,21
585,1975,9,252,202,1,22
585,1975,9,275,37,22,23
585,1975,9,238,32,16,24
585,1975,9,172,3,19,25
585,1975,9,199,34,8,26
585,1975,9,295,57,0,27
585,1975,9,299,74,0,28
586,1975,20,199,34,10,1
586,1975,20,172,3,15,2
586,1975,20,182,6,1,3
586,1975,20,252,202,16,4
586,1975,20,178,75,21,5
586,1975,20,298,57,24,6
586,1975,20,275,37,25,7
586,1975,20,229,64,23,8
586,1975,20,221,25,4,9
586,1975,20,207,73,13,10
586,1975,20,231,64,9,11
586,1975,20,223,6,5,12
586,1975,20,294,75,17,13
586,1975,20,222,25,3,14
586,1975,20,197,202,12,15
586,1975,20,250,34,2,16
586,1975,20,290,56,22,17
586,1975,20,233,37,7,18
586,1975,20,224,1,8,19
586,1975,20,230,37,11,20
586,1975,20,187,32,14,21
586,1975,20,238,32,18,22
586,1975,20,288,37,19,23
586,1975,20,200,1,6,24
586,1975,20,270,3,20,25
586,1975,20,245,74,0,26
587,1975,70,230,37,8,1
587,1975,70,231,64,2,2
587,1975,70,252,202,15,3
587,1975,70,200,1,9,4
587,1975,70,238,32,13,5
587,1975,70,182,6,1,6
587,1975,70,223,6,5,7
587,1975,70,222,25,10,8
587,1975,70,224,1,3,9
587,1975,70,187,63,18,10
587,1975,70,221,25,7,11
587,1975,70,278,57,23,12
587,1975,70,239,64,17,13
587,1975,70,199,34,11,14
587,1975,70,294,75,16,15
587,1975,70,243,75,25,16
587,1975,70,275,37,21,17
587,1975,70,295,57,27,18
587,1975,70,229,64,26,19
587,1975,70,172,3,12,20
587,1975,70,250,34,6,21
587,1975,70,303,3,28,22
587,1975,70,233,37,4,23
587,1975,70,197,203,14,24
587,1975,70,276,66,24,25
587,1975,70,207,73,19,26
587,1975,70,288,37,20,27
587,1975,70,205,32,22,28
587,1975,70,245,74,0,29
587,1975,70,290,56,0,30
588,1975,14,223,6,2,1
588,1975,14,224,1,3,2
588,1975,14,182,6,1,3
588,1975,14,199,34,7,4
588,1975,14,231,64,8,5
588,1975,14,252,202,14,6
588,1975,14,221,25,12,7
588,1975,14,222,25,4,8
588,1975,14,229,64,17,9
588,1975,14,239,64,21,10
588,1975,14,232,56,26,11
588,1975,14,278,57,19,12
588,1975,14,302,32,25,13
588,1975,14,254,3,22,14
588,1975,14,197,203,13,15
588,1975,14,275,37,24,16
588,1975,14,233,37,16,17
588,1975,14,172,3,18,18
588,1975,14,250,34,10,19
588,1975,14,243,75,23,20
588,1975,14,200,1,5,21
588,1975,14,238,32,11,22
588,1975,14,294,75,6,23
588,1975,14,207,73,15,24
588,1975,14,230,37,9,25
588,1975,14,276,66,20,26
588,1975,14,295,57,0,27
588,1975,14,245,74,0,28
589,1975,46,182,6,1,1
589,1975,46,224,1,2,2
589,1975,46,200,1,9,3
589,1975,46,231,64,15,4
589,1975,46,238,32,14,5
589,1975,46,222,25,10,6
589,1975,46,230,37,6,7
589,1975,46,233,37,13,8
589,1975,46,187,67,12,9
589,1975,46,290,56,23,10
589,1975,46,252,202,7,11
589,1975,46,205,32,19,12
589,1975,46,239,64,18,13
589,1975,46,295,57,22,14
589,1975,46,223,6,11,15
589,1975,46,197,202,4,16
589,1975,46,199,34,3,17
589,1975,46,207,73,5,18
589,1975,46,294,75,17,19
589,1975,46,277,25,20,20
589,1975,46,221,25,8,21
589,1975,46,250,34,16,22
589,1975,46,172,3,21,23
589,1975,46,275,3,24,24
590,1974,25,304,1,10,1
590,1974,25,182,6,8,2
590,1974,25,223,6,2,3
590,1974,25,305,1,9,4
590,1974,25,306,66,14,5
590,1974,25,221,25,15,6
590,1974,25,199,34,6,7
590,1974,25,307,37,19,8
590,1974,25,280,66,21,9
590,1974,25,224,1,3,10
590,1974,25,265,26,25,11
590,1974,25,187,34,20,12
590,1974,25,238,32,1,13
590,1974,25,289,26,17,14
590,1974,25,235,32,7,15
590,1974,25,308,34,22,16
590,1974,25,233,37,23,17
590,1974,25,296,66,24,18
590,1974,25,222,25,12,19
590,1974,25,250,63,11,20
590,1974,25,232,80,13,21
590,1974,25,231,37,5,22
590,1974,25,200,63,18,23
590,1974,25,309,58,4,24
590,1974,25,197,58,16,25
591,1974,18,224,1,1,1
591,1974,18,223,6,8,2
591,1974,18,235,32,5,3
591,1974,18,250,63,12,4
591,1974,18,305,1,7,5
591,1974,18,238,32,4,6
591,1974,18,199,34,2,7
591,1974,18,221,25,16,8
591,1974,18,231,37,18,9
591,1974,18,306,66,17,10
591,1974,18,289,26,21,11
591,1974,18,304,1,11,12
591,1974,18,222,25,14,13
591,1974,18,280,66,22,14
591,1974,18,308,34,24,15
591,1974,18,296,66,23,16
591,1974,18,200,63,10,17
591,1974,18,187,34,15,18
591,1974,18,233,37,13,19
591,1974,18,197,58,19,20
591,1974,18,232,80,9,21
591,1974,18,309,58,6,22
591,1974,18,307,37,20,23
591,1974,18,182,6,25,24
591,1974,18,265,26,3,25
592,1974,30,199,34,4,1
592,1974,30,306,66,11,2
592,1974,30,305,1,12,3
592,1974,30,221,25,15,4
592,1974,30,233,37,7,5
592,1974,30,232,80,3,6
592,1974,30,224,1,5,7
592,1974,30,222,25,8,8
592,1974,30,304,1,9,9
592,1974,30,230,37,19,10
592,1974,30,250,63,2,11
592,1974,30,289,26,18,12
592,1974,30,251,32,22,13
592,1974,30,292,25,24,14
592,1974,30,296,66,25,15
592,1974,30,182,6,1,16
592,1974,30,308,34,23,17
592,1974,30,280,66,21,18
592,1974,30,293,1,20,19
592,1974,30,223,6,6,20
592,1974,30,187,34,13,21
592,1974,30,235,32,10,22
592,1974,30,231,64,14,23
592,1974,30,200,63,17,24
592,1974,30,310,32,26,25
592,1974,30,238,32,16,26
592,1974,30,311,80,27,27
593,1974,45,182,6,1,1
593,1974,45,223,6,3,2
593,1974,45,224,1,4,3
593,1974,45,233,37,13,4
593,1974,45,222,25,9,5
593,1974,45,304,1,8,6
593,1974,45,312,58,21,7
593,1974,45,221,25,16,8
593,1974,45,305,1,17,9
593,1974,45,231,64,10,10
593,1974,45,187,34,15,11
593,1974,45,280,66,20,12
593,1974,45,250,63,14,13
593,1974,45,314,77,25,14
593,1974,45,197,58,12,15
593,1974,45,289,26,19,16
593,1974,45,232,80,7,17
593,1974,45,200,63,18,18
593,1974,45,296,66,22,19
593,1974,45,235,32,5,20
593,1974,45,238,32,2,21
593,1974,45,278,78,23,22
593,1974,45,313,34,24,23
593,1974,45,199,34,6,24
593,1974,45,306,66,11,25
593,1974,45,265,26,0,26
593,1974,45,311,80,0,27
594,1974,50,224,1,4,1
594,1974,50,182,6,3,2
594,1974,50,222,25,2,3
594,1974,50,223,6,1,4
594,1974,50,306,66,7,5
594,1974,50,304,1,12,6
594,1974,50,305,1,13,7
594,1974,50,289,26,29,8
594,1974,50,230,37,31,9
594,1974,50,314,77,23,10
594,1974,50,187,34,19,11
594,1974,50,265,26,21,12
594,1974,50,197,58,17,13
594,1974,50,298,80,30,14
594,1974,50,267,57,14,15
594,1974,50,296,66,25,16
594,1974,50,269,34,27,17
594,1974,50,312,58,18,18
594,1974,50,235,32,16,19
594,1974,50,252,79,20,20
594,1974,50,199,34,24,21
594,1974,50,238,32,5,22
594,1974,50,221,25,28,23
594,1974,50,200,63,26,24
594,1974,50,315,34,11,25
594,1974,50,250,63,8,26
594,1974,50,313,34,22,27
594,1974,50,231,64,9,28
594,1974,50,232,80,6,29
594,1974,50,280,66,15,30
594,1974,50,233,37,10,31
594,1974,50,316,63,0,32
595,1974,6,238,32,3,1
595,1974,6,222,25,5,2
595,1974,6,197,58,6,3
595,1974,6,223,6,2,4
595,1974,6,224,1,13,5
595,1974,6,187,34,23,6
595,1974,6,289,26,21,7
595,1974,6,265,26,26,8
595,1974,6,221,25,4,9
595,1974,6,280,66,27,10
595,1974,6,235,32,19,11
595,1974,6,182,6,1,12
595,1974,6,231,64,7,13
595,1974,6,305,1,10,14
595,1974,6,199,34,8,15
595,1974,6,296,66,22,16
595,1974,6,267,57,25,17
595,1974,6,233,37,9,18
595,1974,6,306,66,11,19
595,1974,6,304,1,12,20
595,1974,6,232,80,14,21
595,1974,6,230,37,15,22
595,1974,6,312,58,16,23
595,1974,6,250,63,18,24
595,1974,6,314,77,24,25
595,1974,6,200,63,17,26
595,1974,6,278,78,20,27
595,1974,6,313,34,0,28
596,1974,47,222,25,2,1
596,1974,47,221,25,1,2
596,1974,47,231,64,6,3
596,1974,47,224,1,9,4
596,1974,47,197,58,8,5
596,1974,47,289,26,15,6
596,1974,47,265,26,18,7
596,1974,47,311,80,21,8
596,1974,47,313,34,20,9
596,1974,47,230,37,17,10
596,1974,47,187,34,14,11
596,1974,47,267,57,26,12
596,1974,47,182,6,3,13
596,1974,47,317,37,16,14
596,1974,47,304,1,12,15
596,1974,47,200,63,22,16
596,1974,47,199,34,10,17
596,1974,47,235,32,7,18
596,1974,47,223,6,4,19
596,1974,47,250,63,24,20
596,1974,47,238,32,5,21
596,1974,47,316,63,25,22
596,1974,47,305,1,11,23
596,1974,47,306,66,13,24
596,1974,47,318,58,23,25
596,1974,47,280,66,19,26
596,1974,47,308,80,0,27
597,1974,39,182,6,1,1
597,1974,39,223,6,2,2
597,1974,39,224,1,3,3
597,1974,39,305,1,4,4
597,1974,39,222,25,5,5
597,1974,39,221,25,8,6
597,1974,39,187,34,13,7
597,1974,39,238,32,10,8
597,1974,39,313,34,23,9
597,1974,39,230,37,15,10
597,1974,39,235,32,18,11
597,1974,39,199,34,12,12
597,1974,39,267,57,17,13
597,1974,39,304,1,9,14
597,1974,39,296,66,25,15
597,1974,39,232,80,21,16
597,1974,39,265,26,14,17
597,1974,39,197,58,7,18
597,1974,39,306,66,16,19
597,1974,39,289,26,19,20
597,1974,39,280,66,24,21
597,1974,39,200,63,20,22
597,1974,39,231,64,6,23
597,1974,39,252,58,11,24
597,1974,39,233,37,22,25
597,1974,39,314,77,0,26
597,1974,39,298,80,0,27
598,1974,41,238,32,2,1
598,1974,41,182,6,1,2
598,1974,41,223,6,4,3
598,1974,41,222,25,7,4
598,1974,41,235,32,13,5
598,1974,41,304,1,11,6
598,1974,41,305,1,6,7
598,1974,41,221,25,9,8
598,1974,41,232,80,15,9
598,1974,41,306,66,17,10
598,1974,41,230,37,16,11
598,1974,41,197,58,12,12
598,1974,41,289,26,21,13
598,1974,41,296,66,22,14
598,1974,41,265,26,20,15
598,1974,41,187,34,14,16
598,1974,41,224,1,5,17
598,1974,41,199,34,8,18
598,1974,41,200,63,18,19
598,1974,41,252,58,3,20
598,1974,41,280,66,19,21
598,1974,41,231,64,10,22
598,1974,41,267,57,0,23
598,1974,41,313,34,0,24
598,1974,41,250,34,0,25
598,1974,41,219,80,0,26
598,1974,41,233,37,0,27
598,1974,41,319,63,0,28
598,1974,41,316,63,0,29
598,1974,41,315,34,0,30
599,1974,38,222,25,3,1
599,1974,38,224,1,8,2
599,1974,38,235,32,12,3
599,1974,38,223,6,7,4
599,1974,38,182,6,1,5
599,1974,38,199,34,4,6
599,1974,38,304,1,19,7
599,1974,38,252,58,5,8
599,1974,38,250,34,20,9
599,1974,38,238,32,2,10
599,1974,38,187,34,13,11
599,1974,38,306,66,23,12
599,1974,38,289,26,22,13
599,1974,38,200,63,17,14
599,1974,38,280,66,24,15
599,1974,38,296,66,14,16
599,1974,38,305,1,11,17
599,1974,38,197,58,16,18
599,1974,38,233,37,9,19
599,1974,38,221,25,10,20
599,1974,38,232,80,15,21
599,1974,38,230,37,16,22
599,1974,38,314,77,25,23
599,1974,38,231,64,6,24
599,1974,38,320,26,21,25
599,1974,38,259,79,0,26
599,1974,38,321,63,0,27
599,1974,38,311,80,0,28
599,1974,38,275,34,0,29
599,1974,38,267,57,0,30
599,1974,38,300,76,0,31
599,1974,38,307,74,0,32
599,1974,38,283,37,0,33
599,1974,38,316,63,0,34
600,1974,20,223,6,2,1
600,1974,20,222,25,4,2
600,1974,20,199,34,6,3
600,1974,20,238,32,8,4
600,1974,20,235,32,9,5
600,1974,20,252,58,11,6
600,1974,20,233,37,20,7
600,1974,20,197,58,18,8
600,1974,20,289,26,19,9
600,1974,20,280,66,24,10
600,1974,20,321,63,25,11
600,1974,20,250,34,17,12
600,1974,20,230,37,23,13
600,1974,20,270,79,20,14
600,1974,20,305,1,12,15
600,1974,20,200,63,13,16
600,1974,20,231,64,10,17
600,1974,20,221,25,5,18
600,1974,20,232,80,16,19
600,1974,20,306,66,15,20
600,1974,20,267,57,22,21
600,1974,20,224,1,3,22
600,1974,20,172,80,21,23
600,1974,20,187,34,14,24
600,1974,20,182,6,1,25
600,1974,20,304,1,7,26
600,1974,20,296,66,0,27
600,1974,20,314,77,0,28
600,1974,20,265,26,0,29
600,1974,20,256,78,0,30
600,1974,20,278,78,0,31
600,1974,20,307,74,0,32
601,1974,70,199,34,2,1
601,1974,70,304,1,10,2
601,1974,70,231,64,7,3
601,1974,70,187,34,11,4
601,1974,70,223,6,8,5
601,1974,70,230,37,20,6
601,1974,70,322,1,17,7
601,1974,70,197,58,23,8
601,1974,70,323,63,25,9
601,1974,70,314,77,19,10
601,1974,70,233,37,15,11
601,1974,70,289,26,21,12
601,1974,70,270,79,24,13
601,1974,70,238,32,6,14
601,1974,70,235,32,22,15
601,1974,70,221,25,14,16
601,1974,70,250,34,4,17
601,1974,70,224,1,3,18
601,1974,70,172,80,12,19
601,1974,70,232,80,9,20
601,1974,70,252,58,16,21
601,1974,70,306,66,18,22
601,1974,70,182,6,1,23
601,1974,70,243,26,13,24
601,1974,70,222,25,5,25
601,1974,70,251,64,0,26
601,1974,70,316,63,0,27
601,1974,70,321,63,0,28
601,1974,70,283,57,0,29
601,1974,70,219,63,0,30
601,1974,70,324,34,0,31
602,1974,14,238,32,7,1
602,1974,14,224,1,6,2
602,1974,14,222,25,12,3
602,1974,14,232,80,15,4
602,1974,14,250,34,3,5
602,1974,14,304,1,19,6
602,1974,14,187,34,4,7
602,1974,14,289,26,21,8
602,1974,14,322,1,23,9
602,1974,14,252,58,22,10
602,1974,14,221,25,10,11
602,1974,14,223,6,5,12
602,1974,14,182,6,1,13
602,1974,14,235,32,16,14
602,1974,14,243,26,14,15
602,1974,14,172,80,17,16
602,1974,14,197,58,9,17
602,1974,14,230,37,13,18
602,1974,14,314,77,20,19
602,1974,14,199,34,2,20
602,1974,14,233,37,18,21
602,1974,14,280,66,25,22
602,1974,14,231,64,8,23
602,1974,14,296,66,24,24
602,1974,14,306,66,11,25
602,1974,14,319,63,0,26
602,1974,14,325,34,0,27
602,1974,14,321,63,0,28
602,1974,14,283,57,0,29
602,1974,14,278,78,0,30
602,1974,14,316,63,0,31
603,1974,48,224,1,1,1
603,1974,48,223,6,6,2
603,1974,48,238,32,10,3
603,1974,48,231,64,8,4
603,1974,48,221,25,7,5
603,1974,48,304,1,14,6
603,1974,48,207,73,16,7
603,1974,48,250,34,9,8
603,1974,48,199,34,4,9
603,1974,48,324,63,22,10
603,1974,48,243,26,11,11
603,1974,48,288,67,24,12
603,1974,48,235,32,21,13
603,1974,48,289,26,20,14
603,1974,48,172,80,18,15
603,1974,48,200,1,12,16
603,1974,48,278,66,25,17
603,1974,48,182,6,2,18
603,1974,48,252,58,13,19
603,1974,48,187,34,15,20
603,1974,48,306,66,17,21
603,1974,48,222,25,3,22
603,1974,48,197,58,5,23
603,1974,48,232,80,19,24
603,1974,48,326,34,26,25
603,1974,48,233,37,23,26
603,1974,48,321,63,0,27
603,1974,48,283,57,0,28
603,1974,48,230,37,0,29
603,1974,48,270,34,0,30
604,1974,46,199,34,1,1
604,1974,46,250,34,4,2
604,1974,46,231,64,2,3
604,1974,46,224,1,8,4
604,1974,46,187,34,7,5
604,1974,46,221,25,13,6
604,1974,46,200,1,20,7
604,1974,46,289,26,24,8
604,1974,46,278,66,12,9
604,1974,46,197,58,10,10
604,1974,46,223,6,9,11
604,1974,46,243,26,21,12
604,1974,46,238,32,19,13
604,1974,46,283,57,22,14
604,1974,46,252,58,18,15
604,1974,46,222,25,6,16
604,1974,46,232,80,15,17
604,1974,46,182,6,5,18
604,1974,46,172,80,11,19
604,1974,46,288,67,14,20
604,1974,46,319,63,26,21
604,1974,46,230,37,25,22
604,1974,46,324,63,23,23
604,1974,46,235,32,16,24
604,1974,46,314,32,27,25
604,1974,46,207,73,3,26
604,1974,46,304,1,17,27
604,1974,46,233,37,0,28
604,1974,46,270,34,0,29
604,1974,46,306,66,0,30
605,1973,25,224,32,2,1
605,1973,25,327,25,6,2
605,1973,25,328,25,4,3
605,1973,25,235,6,3,4
605,1973,25,304,1,8,5
605,1973,25,290,34,13,6
605,1973,25,223,66,1,7
605,1973,25,309,1,11,8
605,1973,25,232,6,14,9
605,1973,25,329,37,18,10
605,1973,25,197,37,17,11
605,1973,25,306,66,7,12
605,1973,25,307,80,19,13
605,1973,25,238,32,5,14
605,1973,25,182,66,13,15
605,1973,25,199,34,9,16
605,1973,25,305,63,10,17
605,1973,25,250,63,15,18
605,1973,25,330,80,16,19
606,1973,18,224,32,2,1
606,1973,18,328,25,8,2
606,1973,18,304,1,5,3
606,1973,18,232,6,17,4
606,1973,18,235,6,3,5
606,1973,18,223,66,4,6
606,1973,18,307,80,14,7
606,1973,18,182,66,13,8
606,1973,18,330,80,18,9
606,1973,18,327,25,9,10
606,1973,18,199,34,7,11
606,1973,18,331,63,20,12
606,1973,18,306,66,10,13
606,1973,18,329,37,19,14
606,1973,18,250,63,6,15
606,1973,18,305,63,14,16
606,1973,18,197,37,15,17
606,1973,18,238,32,1,18
606,1973,18,290,34,11,19
606,1973,18,309,1,12,20
607,1973,30,328,25,16,1
607,1973,30,309,1,6,2
607,1973,30,224,32,2,3
607,1973,30,232,6,15,4
607,1973,30,304,1,1,5
607,1973,30,332,58,21,6
607,1973,30,199,34,8,7
607,1973,30,333,63,20,8
607,1973,30,222,1,3,9
607,1973,30,307,80,19,10
607,1973,30,238,32,4,11
607,1973,30,250,63,9,12
607,1973,30,292,25,22,13
607,1973,30,197,37,18,14
607,1973,30,327,25,25,15
607,1973,30,329,37,23,16
607,1973,30,290,34,17,17
607,1973,30,334,80,24,18
607,1973,30,182,66,10,19
607,1973,30,262,58,14,20
607,1973,30,306,66,7,21
607,1973,30,293,32,13,22
607,1973,30,223,66,5,23
607,1973,30,235,6,11,24
607,1973,30,305,63,12,25
608,1973,49,224,32,7,1
608,1973,49,327,25,3,2
608,1973,49,332,58,14,3
608,1973,49,309,1,5,4
608,1973,49,306,66,10,5
608,1973,49,304,1,2,6
608,1973,49,329,37,19,7
608,1973,49,280,37,18,8
608,1973,49,223,66,8,9
608,1973,49,290,34,12,10
608,1973,49,330,80,20,11
608,1973,49,235,6,6,12
608,1973,49,199,34,15,13
608,1973,49,307,80,21,14
608,1973,49,238,32,1,15
608,1973,49,328,25,4,16
608,1973,49,182,66,11,17
608,1973,49,289,58,22,18
608,1973,49,305,63,9,19
608,1973,49,262,58,13,20
608,1973,49,333,34,17,21
608,1973,49,250,63,16,22
609,1973,40,328,25,6,1
609,1973,40,327,25,4,2
609,1973,40,224,32,9,3
609,1973,40,333,34,18,4
609,1973,40,182,66,14,5
609,1973,40,278,81,15,6
609,1973,40,304,1,2,7
609,1973,40,250,63,8,8
609,1973,40,289,58,23,9
609,1973,40,223,66,12,10
609,1973,40,329,37,20,11
609,1973,40,197,37,16,12
609,1973,40,306,66,5,13
609,1973,40,290,34,19,14
609,1973,40,238,32,1,15
609,1973,40,309,1,10,16
609,1973,40,307,80,21,17
609,1973,40,199,34,7,18
609,1973,40,332,58,11,19
609,1973,40,262,58,22,20
609,1973,40,235,6,3,21
609,1973,40,330,80,17,22
609,1973,40,305,63,13,23
610,1973,6,328,25,1,1
610,1973,6,224,32,5,2
610,1973,6,238,32,2,3
610,1973,6,327,25,4,4
610,1973,6,309,1,15,5
610,1973,6,304,1,3,6
610,1973,6,333,34,25,7
610,1973,6,305,63,13,8
610,1973,6,231,37,18,9
610,1973,6,262,58,22,10
610,1973,6,290,34,9,11
610,1973,6,197,37,14,12
610,1973,6,289,58,24,13
610,1973,6,232,6,16,14
610,1973,6,199,34,19,15
610,1973,6,235,6,7,16
610,1973,6,307,80,10,17
610,1973,6,306,66,11,18
610,1973,6,250,63,17,19
610,1973,6,259,37,23,20
610,1973,6,330,80,21,21
610,1973,6,182,66,6,22
610,1973,6,278,81,12,23
610,1973,6,223,66,8,24
610,1973,6,329,37,20,25
611,1973,47,304,1,6,1
611,1973,47,238,32,1,2
611,1973,47,327,25,2,3
611,1973,47,199,34,5,4
611,1973,47,328,25,3,5
611,1973,47,235,6,8,6
611,1973,47,309,1,7,7
611,1973,47,329,37,21,8
611,1973,47,223,66,12,9
611,1973,47,250,63,16,10
611,1973,47,307,80,11,11
611,1973,47,224,32,4,12
611,1973,47,182,66,15,13
611,1973,47,332,58,19,14
611,1973,47,306,66,9,15
611,1973,47,262,58,17,16
611,1973,47,305,63,10,17
611,1973,47,197,37,20,18
611,1973,47,289,58,18,19
611,1973,47,290,34,12,20
611,1973,47,317,37,14,21
612,1973,34,238,32,5,1
612,1973,34,327,25,4,2
612,1973,34,199,34,8,3
612,1973,34,328,25,1,4
612,1973,34,235,6,12,5
612,1973,34,231,37,14,6
612,1973,34,232,6,10,7
612,1973,34,304,1,6,8
612,1973,34,182,66,17,9
612,1973,34,289,58,16,10
612,1973,34,306,66,15,11
612,1973,34,223,66,9,12
612,1973,34,250,63,18,13
612,1973,34,307,80,24,14
612,1973,34,313,57,25,15
612,1973,34,290,34,19,16
612,1973,34,222,1,2,17
612,1973,34,224,32,3,18
612,1973,34,305,63,11,19
612,1973,34,333,34,13,20
612,1973,34,317,37,22,21
612,1973,34,332,58,20,22
612,1973,34,280,80,23,23
612,1973,34,197,37,7,24
612,1973,34,262,58,21,25
613,1973,9,309,1,3,1
613,1973,9,238,32,1,2
613,1973,9,304,1,2,3
613,1973,9,231,37,11,4
613,1973,9,327,25,7,5
613,1973,9,199,34,8,6
613,1973,9,223,66,10,7
613,1973,9,235,6,19,8
613,1973,9,307,80,18,9
613,1973,9,328,25,4,10
613,1973,9,329,37,24,11
613,1973,9,182,66,9,12
613,1973,9,313,57,21,13
613,1973,9,290,34,13,14
613,1973,9,224,32,5,15
613,1973,9,187,34,23,16
613,1973,9,289,58,27,17
613,1973,9,278,81,29,18
613,1973,9,222,1,6,19
613,1973,9,305,63,12,20
613,1973,9,200,63,14,21
613,1973,9,250,63,15,22
613,1973,9,306,66,17,23
613,1973,9,333,34,20,24
613,1973,9,335,37,22,25
613,1973,9,332,58,25,26
613,1973,9,262,58,26,27
613,1973,9,336,80,28,28
613,1973,9,259,37,16,29
614,1973,39,328,25,2,1
614,1973,39,327,25,3,2
614,1973,39,231,37,7,3
614,1973,39,309,1,6,4
614,1973,39,306,66,9,5
614,1973,39,298,80,20,6
614,1973,39,250,63,8,7
614,1973,39,223,66,12,8
614,1973,39,307,80,15,9
614,1973,39,332,58,22,10
614,1973,39,238,32,1,11
614,1973,39,289,58,17,12
614,1973,39,182,66,11,13
614,1973,39,305,63,24,14
614,1973,39,304,1,4,15
614,1973,39,290,34,13,16
614,1973,39,278,81,19,17
614,1973,39,199,34,5,18
614,1973,39,259,37,21,19
614,1973,39,335,37,18,20
614,1973,39,224,32,16,21
614,1973,39,329,37,23,22
614,1973,39,262,58,10,23
614,1973,39,313,57,14,24
615,1973,20,328,25,1,1
615,1973,20,327,25,3,2
615,1973,20,235,1,4,3
615,1973,20,250,63,11,4
615,1973,20,290,34,13,5
615,1973,20,224,32,14,6
615,1973,20,200,63,15,7
615,1973,20,262,58,17,8
615,1973,20,309,1,7,9
615,1973,20,280,80,12,10
615,1973,20,243,34,16,11
615,1973,20,304,1,8,12
615,1973,20,289,58,20,13
615,1973,20,305,63,18,14
615,1973,20,259,37,22,15
615,1973,20,329,37,19,16
615,1973,20,199,34,6,17
615,1973,20,223,66,10,18
615,1973,20,332,58,21,19
615,1973,20,306,66,9,20
615,1973,20,182,66,5,21
615,1973,20,238,32,2,22
616,1973,70,238,32,2,1
616,1973,70,328,25,7,2
616,1973,70,250,63,8,3
616,1973,70,199,34,5,4
616,1973,70,306,66,13,5
616,1973,70,223,66,14,6
616,1973,70,232,6,6,7
616,1973,70,304,1,3,8
616,1973,70,298,80,23,9
616,1973,70,305,63,15,10
616,1973,70,224,32,1,11
616,1973,70,307,80,21,12
616,1973,70,197,37,12,13
616,1973,70,313,57,19,14
616,1973,70,290,34,16,15
616,1973,70,289,58,22,16
616,1973,70,332,58,20,17
616,1973,70,243,34,17,18
616,1973,70,262,58,18,19
616,1973,70,327,25,10,20
616,1973,70,231,37,9,21
616,1973,70,309,1,4,22
616,1973,70,329,37,11,23
617,1973,14,238,32,1,1
617,1973,14,224,32,4,2
617,1973,14,309,1,2,3
617,1973,14,328,25,6,4
617,1973,14,327,25,11,5
617,1973,14,199,34,10,6
617,1973,14,305,63,8,7
617,1973,14,235,6,14,8
617,1973,14,259,37,24,9
617,1973,14,332,58,21,10
617,1973,14,262,58,19,11
617,1973,14,243,34,9,12
617,1973,14,306,66,13,13
617,1973,14,289,58,22,14
617,1973,14,304,1,3,15
617,1973,14,307,80,20,16
617,1973,14,329,37,12,17
617,1973,14,182,66,15,18
617,1973,14,223,66,18,19
617,1973,14,250,63,5,20
617,1973,14,298,80,23,21
617,1973,14,313,57,17,22
617,1973,14,290,34,16,23
617,1973,14,232,6,7,24
617,1973,14,231,37,0,25
618,1973,48,309,1,2,1
618,1973,48,224,32,5,2
618,1973,48,262,58,14,3
618,1973,48,306,66,16,4
618,1973,48,328,25,9,5
618,1973,48,307,80,22,6
618,1973,48,231,37,15,7
618,1973,48,199,34,4,8
618,1973,48,305,63,12,9
618,1973,48,278,25,11,10
618,1973,48,290,34,10,11
618,1973,48,243,34,18,12
618,1973,48,304,1,7,13
618,1973,48,314,80,24,14
618,1973,48,232,6,20,15
618,1973,48,289,58,17,16
618,1973,48,332,58,13,17
618,1973,48,250,63,19,18
618,1973,48,197,37,23,19
618,1973,48,313,57,26,20
618,1973,48,182,66,8,21
618,1973,48,222,1,3,22
618,1973,48,327,25,6,23
618,1973,48,329,37,21,24
618,1973,48,238,32,1,25
618,1973,48,320,66,25,26
619,1973,46,238,32,1,1
619,1973,46,231,37,4,2
619,1973,46,199,34,2,3
619,1973,46,304,1,8,4
619,1973,46,309,1,7,5
619,1973,46,224,32,3,6
619,1973,46,235,80,23,7
619,1973,46,223,66,15,8
619,1973,46,306,66,14,9
619,1973,46,329,37,26,10
619,1973,46,197,37,17,11
619,1973,46,307,80,19,12
619,1973,46,289,58,18,13
619,1973,46,332,58,20,14
619,1973,46,262,58,22,15
619,1973,46,232,6,11,16
619,1973,46,290,34,25,17
619,1973,46,222,1,10,18
619,1973,46,200,63,16,19
619,1973,46,182,66,21,20
619,1973,46,305,63,6,21
619,1973,46,250,63,9,22
619,1973,46,187,34,24,23
619,1973,46,312,58,13,24
619,1973,46,313,57,27,25
619,1973,46,328,25,5,26
619,1973,46,278,25,12,27
619,1973,46,327,25,0,28
620,1972,25,328,25,2,1
620,1972,25,304,1,4,2
620,1972,25,235,6,8,3
620,1972,25,223,6,6,4
620,1972,25,314,63,11,5
620,1972,25,238,37,10,6
620,1972,25,199,34,1,7
620,1972,25,280,37,15,8
620,1972,25,307,66,13,9
620,1972,25,337,66,19,10
620,1972,25,182,37,22,11
620,1972,25,224,32,5,12
620,1972,25,327,25,17,13
620,1972,25,317,66,7,14
620,1972,25,309,1,3,15
620,1972,25,207,6,9,16
620,1972,25,333,63,14,17
620,1972,25,289,34,16,18
620,1972,25,338,32,20,19
620,1972,25,320,66,18,20
620,1972,25,339,66,21,21
620,1972,25,278,82,12,22
621,1972,30,304,1,5,1
621,1972,30,224,32,3,2
621,1972,30,309,1,12,3
621,1972,30,207,6,6,4
621,1972,30,238,37,9,5
621,1972,30,289,34,14,6
621,1972,30,182,37,21,7
621,1972,30,235,6,7,8
621,1972,30,327,25,8,9
621,1972,30,338,32,19,10
621,1972,30,280,37,22,11
621,1972,30,223,6,2,12
621,1972,30,243,37,25,13
621,1972,30,337,66,23,14
621,1972,30,278,82,13,15
621,1972,30,340,63,26,16
621,1972,30,250,37,24,17
621,1972,30,307,66,16,18
621,1972,30,333,63,20,19
621,1972,30,320,66,18,20
621,1972,30,306,66,11,21
621,1972,30,328,25,1,22
621,1972,30,305,63,4,23
621,1972,30,199,34,15,24
621,1972,30,314,63,10,25
621,1972,30,293,32,17,26
622,1972,45,224,32,3,1
622,1972,45,235,6,1,2
622,1972,45,223,6,8,3
622,1972,45,333,63,13,4
622,1972,45,309,1,11,5
622,1972,45,250,37,16,6
622,1972,45,290,34,14,7
622,1972,45,314,63,18,8
622,1972,45,338,32,24,9
622,1972,45,289,34,23,10
622,1972,45,280,37,19,11
622,1972,45,328,25,4,12
622,1972,45,278,82,6,13
622,1972,45,327,25,12,14
622,1972,45,320,66,21,15
622,1972,45,304,1,2,16
622,1972,45,307,66,20,17
622,1972,45,317,66,10,18
622,1972,45,207,6,5,19
622,1972,45,305,63,15,20
622,1972,45,238,37,9,21
622,1972,45,243,37,17,22
622,1972,45,306,66,7,23
622,1972,45,182,37,25,24
622,1972,45,339,66,22,25
622,1972,45,329,37,0,26
623,1972,6,306,66,4,1
623,1972,6,235,6,2,2
623,1972,6,224,32,1,3
623,1972,6,328,25,8,4
623,1972,6,312,1,10,5
623,1972,6,278,82,6,6
623,1972,6,333,63,18,7
623,1972,6,337,66,17,8
623,1972,6,290,34,21,9
623,1972,6,243,37,25,10
623,1972,6,238,37,15,11
623,1972,6,289,34,20,12
623,1972,6,329,37,23,13
623,1972,6,338,32,14,14
623,1972,6,304,1,7,15
623,1972,6,182,37,22,16
623,1972,6,250,37,24,17
623,1972,6,327,25,12,18
623,1972,6,280,37,9,19
623,1972,6,223,6,3,20
623,1972,6,305,63,11,21
623,1972,6,307,66,20,22
623,1972,6,314,63,13,23
623,1972,6,320,66,5,24
623,1972,6,317,66,16,25
624,1972,50,224,32,1,1
624,1972,50,327,25,5,2
624,1972,50,304,1,3,3
624,1972,50,305,63,8,4
624,1972,50,250,37,11,5
624,1972,50,278,82,13,6
624,1972,50,309,1,7,7
624,1972,50,307,66,15,8
624,1972,50,238,37,14,9
624,1972,50,337,66,23,10
624,1972,50,243,37,20,11
624,1972,50,182,37,25,12
624,1972,50,199,34,9,13
624,1972,50,338,32,12,14
624,1972,50,289,34,16,15
624,1972,50,280,37,19,16
624,1972,50,223,6,2,17
624,1972,50,333,63,10,18
624,1972,50,330,81,24,19
624,1972,50,235,6,4,20
624,1972,50,329,37,22,21
624,1972,50,290,34,18,22
624,1972,50,320,66,17,23
624,1972,50,306,66,6,24
624,1972,50,314,63,21,25
625,1972,51,328,25,3,1
625,1972,51,224,32,8,2
625,1972,51,278,82,1,3
625,1972,51,327,25,7,4
625,1972,51,238,37,9,5
625,1972,51,305,63,10,6
625,1972,51,304,1,2,7
625,1972,51,290,34,14,8
625,1972,51,312,1,13,9
625,1972,51,289,34,20,10
625,1972,51,235,6,4,11
625,1972,51,199,34,17,12
625,1972,51,330,6,19,13
625,1972,51,333,63,12,14
625,1972,51,306,66,24,15
625,1972,51,243,37,15,16
625,1972,51,314,63,5,17
625,1972,51,338,32,22,18
625,1972,51,329,37,23,19
625,1972,51,221,25,16,20
625,1972,51,317,66,18,21
625,1972,51,250,37,11,22
625,1972,51,337,66,6,23
625,1972,51,182,37,21,24
625,1972,51,293,32,0,25
626,1972,38,224,32,2,1
626,1972,38,328,25,4,2
626,1972,38,309,1,3,3
626,1972,38,278,82,17,4
626,1972,38,304,1,11,5
626,1972,38,232,6,9,6
626,1972,38,238,37,8,7
626,1972,38,199,34,10,8
626,1972,38,182,37,19,9
626,1972,38,243,37,25,10
626,1972,38,306,66,6,11
626,1972,38,290,34,22,12
626,1972,38,329,37,23,13
626,1972,38,314,63,5,14
626,1972,38,327,25,12,15
626,1972,38,338,32,15,16
626,1972,38,235,6,1,17
626,1972,38,289,34,21,18
626,1972,38,250,37,13,19
626,1972,38,262,66,14,20
626,1972,38,305,63,7,21
626,1972,38,293,32,24,22
626,1972,38,330,81,18,23
626,1972,38,280,83,26,24
626,1972,38,320,66,16,25
626,1972,38,333,63,20,26
627,1972,20,235,6,1,1
627,1972,20,223,6,7,2
627,1972,20,238,37,4,3
627,1972,20,307,66,18,4
627,1972,20,312,1,19,5
627,1972,20,289,34,15,6
627,1972,20,290,34,21,7
627,1972,20,329,37,27,8
627,1972,20,306,66,13,9
627,1972,20,327,25,5,10
627,1972,20,328,25,2,11
627,1972,20,232,6,22,12
627,1972,20,333,63,20,13
627,1972,20,314,63,12,14
627,1972,20,278,82,8,15
627,1972,20,250,37,11,16
627,1972,20,224,32,3,17
627,1972,20,280,37,9,18
627,1972,20,304,1,10,19
627,1972,20,305,63,16,20
627,1972,20,199,34,6,21
627,1972,20,243,37,14,22
627,1972,20,338,32,23,23
627,1972,20,182,37,24,24
627,1972,20,321,81,25,25
627,1972,20,293,32,26,26
627,1972,20,317,66,17,27
628,1972,70,224,32,1,1
628,1972,70,304,1,7,2
628,1972,70,309,1,4,3
628,1972,70,305,63,12,4
628,1972,70,278,82,6,5
628,1972,70,307,66,10,6
628,1972,70,328,25,3,7
628,1972,70,306,66,21,8
628,1972,70,327,25,20,9
628,1972,70,182,37,22,10
628,1972,70,314,63,8,11
628,1972,70,238,37,11,12
628,1972,70,320,66,16,13
628,1972,70,333,63,13,14
628,1972,70,243,37,17,15
628,1972,70,250,37,18,16
628,1972,70,330,81,23,17
628,1972,70,289,34,14,18
628,1972,70,290,34,15,19
628,1972,70,329,37,24,20
628,1972,70,296,84,25,21
628,1972,70,235,6,9,22
628,1972,70,199,34,5,23
628,1972,70,223,6,2,24
628,1972,70,338,32,19,25
629,1972,14,224,32,4,1
629,1972,14,305,63,9,2
629,1972,14,304,1,5,3
629,1972,14,309,1,8,4
629,1972,14,289,34,13,5
629,1972,14,320,66,12,6
629,1972,14,207,6,7,7
629,1972,14,306,66,16,8
629,1972,14,238,37,24,9
629,1972,14,329,37,25,10
629,1972,14,307,66,17,11
629,1972,14,317,66,10,12
629,1972,14,182,37,20,13
629,1972,14,235,6,1,14
629,1972,14,278,82,2,15
629,1972,14,333,63,21,16
629,1972,14,290,34,19,17
629,1972,14,341,63,22,18
629,1972,14,314,63,15,19
629,1972,14,223,6,4,20
629,1972,14,250,37,18,21
629,1972,14,199,34,11,22
629,1972,14,327,25,14,23
629,1972,14,330,81,23,24
629,1972,14,328,25,3,25
629,1972,14,280,37,0,26
629,1972,14,321,81,0,27
630,1972,48,328,25,5,1
630,1972,48,309,1,1,2
630,1972,48,304,1,2,3
630,1972,48,199,34,9,4
630,1972,48,223,6,7,5
630,1972,48,278,82,10,6
630,1972,48,314,63,13,7
630,1972,48,289,34,17,8
630,1972,48,250,37,18,9
630,1972,48,307,66,14,10
630,1972,48,224,32,4,11
630,1972,48,235,6,8,12
630,1972,48,280,37,21,13
630,1972,48,317,32,16,14
630,1972,48,182,37,19,15
630,1972,48,238,37,3,16
630,1972,48,329,37,24,17
630,1972,48,327,25,6,18
630,1972,48,320,66,12,19
630,1972,48,342,37,22,20
630,1972,48,306,66,20,21
630,1972,48,343,66,23,22
630,1972,48,290,34,11,23
630,1972,48,333,63,15,24
631,1972,46,328,25,1,1
631,1972,46,327,25,4,2
631,1972,46,304,1,3,3
631,1972,46,238,37,26,4
631,1972,46,235,6,12,5
631,1972,46,207,6,10,6
631,1972,46,221,25,11,7
631,1972,46,223,6,6,8
631,1972,46,222,1,8,9
631,1972,46,317,32,16,10
631,1972,46,289,34,27,11
631,1972,46,344,63,22,12
631,1972,46,329,37,20,13
631,1972,46,280,37,21,14
631,1972,46,278,82,7,15
631,1972,46,342,37,20,16
631,1972,46,305,63,14,17
631,1972,46,309,1,2,18
631,1972,46,182,37,25,19
631,1972,46,250,37,15,20
631,1972,46,320,66,28,21
631,1972,46,307,66,17,22
631,1972,46,338,32,30,23
631,1972,46,290,34,13,24
631,1972,46,306,66,18,25
631,1972,46,312,66,24,26
631,1972,46,199,34,5,27
631,1972,46,333,63,19,28
631,1972,46,314,63,31,29
631,1972,46,224,32,9,30
631,1972,46,321,81,29,31
632,1971,30,207,6,4,1
632,1971,30,328,25,1,2
632,1971,30,223,6,3,3
632,1971,30,317,180,14,4
632,1971,30,278,82,2,5
632,1971,30,304,1,7,6
632,1971,30,312,63,17,7
632,1971,30,235,6,8,8
632,1971,30,289,34,19,9
632,1971,30,238,200,13,10
632,1971,30,280,200,18,11
632,1971,30,243,63,15,12
632,1971,30,333,199,22,13
632,1971,30,224,180,5,14
632,1971,30,341,63,6,15
632,1971,30,327,25,9,16
632,1971,30,307,66,24,17
632,1971,30,345,66,10,18
632,1971,30,293,34,16,19
632,1971,30,346,66,12,20
632,1971,30,340,200,21,21
632,1971,30,334,34,20,22
632,1971,30,320,1,11,23
632,1971,30,347,1,23,24
632,1971,30,339,200,25,25
633,1971,49,328,25,4,1
633,1971,49,235,6,1,2
633,1971,49,278,82,3,3
633,1971,49,345,66,5,4
633,1971,49,304,1,9,5
633,1971,49,306,82,6,6
633,1971,49,327,25,12,7
633,1971,49,320,1,7,8
633,1971,49,314,34,21,9
633,1971,49,307,66,17,10
633,1971,49,341,63,22,11
633,1971,49,317,180,16,12
633,1971,49,224,180,14,13
633,1971,49,280,200,11,14
633,1971,49,207,6,8,15
633,1971,49,339,200,20,16
633,1971,49,238,200,13,18
633,1971,49,223,6,2,19
633,1971,49,243,63,19,20
633,1971,49,346,66,15,21
633,1971,49,289,34,10,22
634,1971,6,328,25,1,1
634,1971,6,238,200,6,2
634,1971,6,235,6,2,3
634,1971,6,304,1,6,4
634,1971,6,224,180,17,5
634,1971,6,243,63,16,6
634,1971,6,341,63,10,7
634,1971,6,280,200,13,8
634,1971,6,345,66,5,9
634,1971,6,314,34,18,10
634,1971,6,346,66,3,11
634,1971,6,306,82,7,12
634,1971,6,278,82,4,13
634,1971,6,223,6,11,14
634,1971,6,320,1,14,15
634,1971,6,317,180,12,16
634,1971,6,327,25,15,17
634,1971,6,289,34,9,18
634,1971,6,307,66,0,19
634,1971,6,207,6,0,20
634,1971,6,339,200,0,21
634,1971,6,342,200,0,22
635,1971,39,235,6,1,1
635,1971,39,345,66,2,2
635,1971,39,223,6,4,3
635,1971,39,238,200,13,4
635,1971,39,341,63,7,5
635,1971,39,346,66,8,6
635,1971,39,307,66,9,7
635,1971,39,298,63,21,8
635,1971,39,306,82,11,9
635,1971,39,289,34,16,10
635,1971,39,328,25,3,11
635,1971,39,304,1,14,12
635,1971,39,280,200,15,13
635,1971,39,342,200,24,14
635,1971,39,320,1,23,15
635,1971,39,339,200,17,16
635,1971,39,314,34,19,17
635,1971,39,327,25,12,18
635,1971,39,243,63,18,19
635,1971,39,317,180,4,20
635,1971,39,207,6,16,21
635,1971,39,338,201,22,22
635,1971,39,278,82,5,23
636,1971,34,328,25,1,1
636,1971,34,327,25,7,2
636,1971,34,224,180,17,3
636,1971,34,346,66,6,4
636,1971,34,278,82,9,5
636,1971,34,317,180,15,6
636,1971,34,306,82,8,7
636,1971,34,341,63,13,8
636,1971,34,320,1,19,9
636,1971,34,307,66,16,10
636,1971,34,243,63,10,11
636,1971,34,314,34,14,12
636,1971,34,348,200,23,13
636,1971,34,349,200,22,14
636,1971,34,280,200,18,15
636,1971,34,289,34,4,16
636,1971,34,333,199,20,17
636,1971,34,345,66,5,18
636,1971,34,223,6,2,19
636,1971,34,238,199,12,20
636,1971,34,304,1,11,21
636,1971,34,235,6,3,22
636,1971,34,339,200,21,23
637,1971,9,328,25,2,1
637,1971,9,238,200,5,2
637,1971,9,224,180,4,3
637,1971,9,280,200,17,4
637,1971,9,243,63,12,5
637,1971,9,341,63,11,6
637,1971,9,306,82,15,7
637,1971,9,307,66,11,8
637,1971,9,346,66,3,9
637,1971,9,327,25,10,10
637,1971,9,330,200,21,11
637,1971,9,314,34,7,12
637,1971,9,317,201,19,13
637,1971,9,333,199,24,14
637,1971,9,320,1,14,15
637,1971,9,235,6,6,16
637,1971,9,223,6,1,17
637,1971,9,278,82,9,18
637,1971,9,304,1,8,19
637,1971,9,321,63,23,20
637,1971,9,329,200,20,21
637,1971,9,293,180,13,22
637,1971,9,289,34,22,23
637,1971,9,262,1,16,24
638,1971,20,328,25,1,1
638,1971,20,327,25,5,2
638,1971,20,223,6,4,3
638,1971,20,207,6,11,4
638,1971,20,238,200,3,5
638,1971,20,314,34,9,6
638,1971,20,341,63,15,7
638,1971,20,317,180,17,8
638,1971,20,289,34,13,9
638,1971,20,243,63,12,10
638,1971,20,350,66,18,11
638,1971,20,330,199,21,12
638,1971,20,224,180,8,13
638,1971,20,346,66,3,14
638,1971,20,278,82,16,15
638,1971,20,280,200,10,16
638,1971,20,320,1,19,17
638,1971,20,304,1,6,18
638,1971,20,329,200,22,19
638,1971,20,307,66,14,20
638,1971,20,333,199,20,21
638,1971,20,235,6,2,22
638,1971,20,347,1,0,23
639,1971,70,346,66,1,1
639,1971,70,224,180,5,2
639,1971,70,314,34,7,3
639,1971,70,317,180,10,4
639,1971,70,289,34,8,5
639,1971,70,280,200,13,6
639,1971,70,243,63,12,7
639,1971,70,238,200,11,8
639,1971,70,262,1,22,9
639,1971,70,320,66,16,10
639,1971,70,337,66,17,11
639,1971,70,330,199,15,12
639,1971,70,329,200,19,13
639,1971,70,327,25,3,14
639,1971,70,328,25,2,15
639,1971,70,235,6,6,16
639,1971,70,182,200,21,17
639,1971,70,341,63,18,18
639,1971,70,223,6,4,19
639,1971,70,307,66,14,20
639,1971,70,304,1,9,21
639,1971,70,347,1,20,22
640,1971,14,320,66,11,1
640,1971,14,238,200,6,2
640,1971,14,327,25,5,3
640,1971,14,305,63,17,4
640,1971,14,307,66,4,5
640,1971,14,278,82,1,6
640,1971,14,262,1,13,7
640,1971,14,224,201,18,8
640,1971,14,346,66,3,9
640,1971,14,347,1,21,10
640,1971,14,289,34,14,11
640,1971,14,197,200,24,12
640,1971,14,329,200,16,13
640,1971,14,280,200,10,14
640,1971,14,333,199,20,15
640,1971,14,223,6,8,16
640,1971,14,235,6,2,17
640,1971,14,328,25,7,18
640,1971,14,330,200,19,19
640,1971,14,314,34,9,20
640,1971,14,351,85,22,21
640,1971,14,337,66,12,22
640,1971,14,341,63,15,23
640,1971,14,243,63,23,24
641,1971,48,328,25,1,1
641,1971,48,238,200,6,2
641,1971,48,288,1,8,3
641,1971,48,304,1,10,4
641,1971,48,317,180,7,5
641,1971,48,327,25,3,6
641,1971,48,224,180,4,7
641,1971,48,235,6,12,8
641,1971,48,346,66,2,9
641,1971,48,278,82,5,10
641,1971,48,341,63,14,11
641,1971,48,337,66,19,12
641,1971,48,207,6,13,13
641,1971,48,320,66,16,14
641,1971,48,352,66,21,15
641,1971,48,330,200,20,16
641,1971,48,329,200,22,17
641,1971,48,353,180,25,18
641,1971,48,243,63,23,19
641,1971,48,306,82,11,20
641,1971,48,342,200,24,21
641,1971,48,223,6,18,22
641,1971,48,289,34,15,23
641,1971,48,314,34,17,24
641,1971,48,307,66,9,25
641,1971,48,354,34,0,26
642,1971,46,327,25,5,1
642,1971,46,346,66,6,2
642,1971,46,238,200,11,3
642,1971,46,307,66,12,4
642,1971,46,328,25,1,5
642,1971,46,223,6,4,6
642,1971,46,289,34,18,7
642,1971,46,306,82,10,8
642,1971,46,320,66,21,9
642,1971,46,322,1,22,10
642,1971,46,333,199,26,11
642,1971,46,278,82,8,12
642,1971,46,337,66,16,13
642,1971,46,355,66,24,14
642,1971,46,305,63,14,15
642,1971,46,347,1,28,16
642,1971,46,341,63,13,17
642,1971,46,342,200,25,18
642,1971,46,235,6,7,19
642,1971,46,224,180,2,20
642,1971,46,353,180,29,21
642,1971,46,304,1,3,22
642,1971,46,314,34,15,23
642,1971,46,354,34,27,24
642,1971,46,344,63,17,25
642,1971,46,280,200,20,26
642,1971,46,330,200,23,27
642,1971,46,317,180,9,28
642,1971,46,309,25,19,29
643,1970,30,356,34,3,1
643,1970,30,304,187,6,2
643,1970,30,328,37,1,3
643,1970,30,306,82,8,4
643,1970,30,357,32,14,5
643,1970,30,289,32,19,6
643,1970,30,280,82,18,7
643,1970,30,340,32,22,8
643,1970,30,345,66,16,9
643,1970,30,346,37,9,10
643,1970,30,362,34,21,11
643,1970,30,293,32,13,12
643,1970,30,358,32,4,13
643,1970,30,235,6,5,14
643,1970,30,341,187,7,15
643,1970,30,352,66,23,16
643,1970,30,359,37,17,17
643,1970,30,360,187,10,18
643,1970,30,361,86,20,19
643,1970,30,207,37,11,20
643,1970,30,243,34,15,21
643,1970,30,262,66,12,22
643,1970,30,278,37,2,23
644,1970,45,328,37,3,1
644,1970,45,360,187,11,2
644,1970,45,207,37,16,3
644,1970,45,289,32,15,4
644,1970,45,359,37,14,5
644,1970,45,341,187,12,6
644,1970,45,356,34,1,7
644,1970,45,243,34,17,8
644,1970,45,280,82,9,9
644,1970,45,306,82,4,10
644,1970,45,304,187,2,11
644,1970,45,278,37,6,12
644,1970,45,358,32,8,13
644,1970,45,345,66,5,14
644,1970,45,235,6,7,15
644,1970,45,262,66,10,16
644,1970,45,361,86,13,17
644,1970,45,333,198,0,18
644,1970,45,357,32,0,19
644,1970,45,346,37,0,20
644,1970,45,352,66,0,21
644,1970,45,339,32,0,22
645,1970,6,358,32,8,1
645,1970,6,356,34,4,2
645,1970,6,280,82,7,3
645,1970,6,304,187,3,4
645,1970,6,289,32,16,5
645,1970,6,345,66,15,6
645,1970,6,238,37,12,7
645,1970,6,346,37,11,8
645,1970,6,278,37,2,9
645,1970,6,361,86,9,10
645,1970,6,328,37,1,11
645,1970,6,262,66,14,12
645,1970,6,306,82,6,13
645,1970,6,360,187,10,14
645,1970,6,341,187,13,15
645,1970,6,235,6,5,16
645,1970,6,333,198,0,17
645,1970,6,243,34,0,18
645,1970,6,352,66,0,19
645,1970,6,357,32,0,20
645,1970,6,359,37,0,21
646,1970,13,345,66,6,1
646,1970,13,278,37,3,2
646,1970,13,306,82,11,3
646,1970,13,363,6,8,4
646,1970,13,243,34,7,5
646,1970,13,280,82,17,6
646,1970,13,346,37,10,7
646,1970,13,235,6,4,8
646,1970,13,238,37,9,9
646,1970,13,356,34,5,10
646,1970,13,289,32,16,11
646,1970,13,328,37,1,12
646,1970,13,357,32,13,13
646,1970,13,358,32,2,14
646,1970,13,262,66,14,15
646,1970,13,361,86,12,16
646,1970,13,321,34,15,17
647,1970,39,358,32,1,1
647,1970,39,328,37,2,2
647,1970,39,235,6,3,3
647,1970,39,223,6,6,4
647,1970,39,306,82,10,5
647,1970,39,341,187,14,6
647,1970,39,357,32,8,7
647,1970,39,280,82,13,8
647,1970,39,238,37,16,9
647,1970,39,345,66,7,10
647,1970,39,356,34,12,11
647,1970,39,289,32,20,12
647,1970,39,327,37,15,13
647,1970,39,352,66,18,14
647,1970,39,262,66,5,15
647,1970,39,361,86,9,16
647,1970,39,346,37,17,17
647,1970,39,320,187,11,18
647,1970,39,364,187,19,19
647,1970,39,278,37,4,20
647,1970,39,333,198,0,21
647,1970,39,243,34,0,22
647,1970,39,353,32,0,23
647,1970,39,351,85,0,24
648,1970,51,358,32,6,1
648,1970,51,278,37,3,2
648,1970,51,356,34,5,3
648,1970,51,304,187,7,4
648,1970,51,280,82,8,5
648,1970,51,364,187,17,6
648,1970,51,243,34,14,7
648,1970,51,357,32,18,8
648,1970,51,328,37,4,9
648,1970,51,289,32,20,10
648,1970,51,327,37,13,11
648,1970,51,352,66,19,12
648,1970,51,306,82,2,13
648,1970,51,363,6,11,14
648,1970,51,333,198,15,15
648,1970,51,346,37,16,16
648,1970,51,238,37,9,17
648,1970,51,235,6,1,18
648,1970,51,345,66,10,19
648,1970,51,262,66,12,20
648,1970,51,351,85,0,21
648,1970,51,339,32,0,22
648,1970,51,353,32,0,23
649,1970,38,358,32,1,1
649,1970,38,356,34,2,2
649,1970,38,304,187,5,3
649,1970,38,223,6,6,4
649,1970,38,278,37,17,5
649,1970,38,289,32,22,6
649,1970,38,327,37,14,7
649,1970,38,224,32,21,8
649,1970,38,238,37,13,9
649,1970,38,353,32,23,10
649,1970,38,364,187,11,11
649,1970,38,345,66,15,12
649,1970,38,262,66,4,13
649,1970,38,328,37,8,14
649,1970,38,341,63,19,15
649,1970,38,280,82,12,16
649,1970,38,306,82,10,17
649,1970,38,207,37,9,18
649,1970,38,346,37,20,19
649,1970,38,357,32,7,20
649,1970,38,352,66,16,21
649,1970,38,235,6,3,22
649,1970,38,333,198,18,23
650,1970,10,358,32,2,1
650,1970,10,235,6,1,2
650,1970,10,304,187,16,3
650,1970,10,224,32,13,4
650,1970,10,243,34,11,5
650,1970,10,280,82,5,6
650,1970,10,327,37,14,7
650,1970,10,346,37,4,8
650,1970,10,341,63,15,9
650,1970,10,289,32,20,10
650,1970,10,278,37,6,11
650,1970,10,223,6,3,12
650,1970,10,357,32,10,13
650,1970,10,328,37,7,14
650,1970,10,207,37,9,15
650,1970,10,238,37,19,16
650,1970,10,345,66,8,17
650,1970,10,262,66,18,18
650,1970,10,356,34,12,19
650,1970,10,306,82,21,20
650,1970,10,320,187,17,21
650,1970,10,312,86,0,22
650,1970,10,333,198,0,23
650,1970,10,351,85,0,24
650,1970,10,365,37,0,25
17,2009,24,20,9,2,1
17,2009,24,17,9,3,2
17,2009,24,18,23,5,3
17,2009,24,22,23,4,4
17,2009,24,2,2,8,5
17,2009,24,155,7,12,6
17,2009,24,15,7,6,7
17,2009,24,67,5,10,8
17,2009,24,3,3,9,9
17,2009,24,9,2,7,10
17,2009,24,5,1,18,11
17,2009,24,8,6,11,12
17,2009,24,6,3,13,13
17,2009,24,4,4,15,14
17,2009,24,24,10,16,15
17,2009,24,21,6,20,16
17,2009,24,16,10,17,17
17,2009,24,154,4,19,18
17,2009,24,1,1,1,19
17,2009,24,153,5,14,20
651,1970,70,235,6,3,1
651,1970,70,223,6,2,2
651,1970,70,243,34,17,3
651,1970,70,345,66,22,4
651,1970,70,262,66,14,5
651,1970,70,306,82,7,6
651,1970,70,363,6,5,7
651,1970,70,278,37,5,8
651,1970,70,346,37,20,9
651,1970,70,320,187,21,10
651,1970,70,352,66,23,11
651,1970,70,333,198,15,12
651,1970,70,356,34,8,13
651,1970,70,280,82,13,14
651,1970,70,224,32,16,15
651,1970,70,304,187,11,16
651,1970,70,341,63,12,17
651,1970,70,314,86,19,18
651,1970,70,358,32,1,19
651,1970,70,207,37,18,20
651,1970,70,351,85,24,21
651,1970,70,328,37,4,22
651,1970,70,357,32,10,23
651,1970,70,327,37,9,24
652,1970,14,223,6,3,1
652,1970,14,328,37,4,2
652,1970,14,306,82,14,3
652,1970,14,304,187,9,4
652,1970,14,243,34,17,5
652,1970,14,327,37,11,6
652,1970,14,278,37,18,7
652,1970,14,333,198,12,8
652,1970,14,320,187,16,9
652,1970,14,262,66,6,10
652,1970,14,238,37,13,11
652,1970,14,356,34,8,12
652,1970,14,235,6,1,13
652,1970,14,352,66,20,14
652,1970,14,314,86,19,15
652,1970,14,363,6,15,16
652,1970,14,280,82,5,17
652,1970,14,345,66,2,18
652,1970,14,346,37,7,19
652,1970,14,341,63,10,20
652,1970,14,289,32,0,21
652,1970,14,357,32,0,22
652,1970,14,358,32,0,23
652,1970,14,347,187,0,24
652,1970,14,224,32,0,25
652,1970,14,330,198,0,26
652,1970,14,351,85,0,27
653,1970,52,235,6,2,1
653,1970,52,223,6,3,2
653,1970,52,278,37,6,3
653,1970,52,345,66,7,4
653,1970,52,341,63,5,5
653,1970,52,320,187,11,6
653,1970,52,280,82,8,7
653,1970,52,306,82,13,8
653,1970,52,327,37,4,9
653,1970,52,352,66,9,10
653,1970,52,314,86,17,11
653,1970,52,289,32,20,12
653,1970,52,333,198,12,13
653,1970,52,238,37,16,14
653,1970,52,304,187,15,15
653,1970,52,356,34,19,16
653,1970,52,262,66,10,17
653,1970,52,328,25,1,18
653,1970,52,243,34,18,19
653,1970,52,346,37,14,20
654,1970,46,224,32,3,1
654,1970,46,345,66,4,2
654,1970,46,317,32,9,3
654,1970,46,235,6,1,4
654,1970,46,278,37,5,5
654,1970,46,321,63,13,6
654,1970,46,304,187,11,7
654,1970,46,280,82,12,8
654,1970,46,346,37,23,9
654,1970,46,356,34,16,10
654,1970,46,238,37,15,11
654,1970,46,243,34,19,12
654,1970,46,223,6,6,13
654,1970,46,320,187,21,14
654,1970,46,328,25,2,15
654,1970,46,289,32,10,16
654,1970,46,327,37,17,17
654,1970,46,314,86,20,18
654,1970,46,347,187,24,19
654,1970,46,306,82,18,20
654,1970,46,366,34,22,21
654,1970,46,262,66,7,22
654,1970,46,352,66,14,23
654,1970,46,341,63,8,24
654,1970,46,367,66,0,25
654,1970,46,353,32,0,26
654,1970,46,333,198,0,27
655,1970,32,235,6,3,1
655,1970,32,223,6,1,2
655,1970,32,304,187,14,3
655,1970,32,278,37,5,4
655,1970,32,306,82,6,5
655,1970,32,345,66,7,6
655,1970,32,262,66,13,7
655,1970,32,341,63,15,8
655,1970,32,280,82,11,9
655,1970,32,317,32,12,10
655,1970,32,356,34,4,11
655,1970,32,328,25,2,12
655,1970,32,320,187,10,13
655,1970,32,243,34,17,14
655,1970,32,327,37,9,15
655,1970,32,289,32,8,16
655,1970,32,346,37,16,17
655,1970,32,224,32,18,18
656,1969,30,328,196,4,1
656,1969,30,289,180,7,2
656,1969,30,304,187,3,3
656,1969,30,346,180,12,4
656,1969,30,360,187,8,5
656,1969,30,306,196,11,6
656,1969,30,262,66,14,7
656,1969,30,368,191,17,8
656,1969,30,362,191,16,9
656,1969,30,358,180,2,10
656,1969,30,341,66,18,11
656,1969,30,345,66,15,12
656,1969,30,278,6,5,13
656,1969,30,356,182,1,14
656,1969,30,207,180,6,15
656,1969,30,340,180,10,16
656,1969,30,235,182,13,17
656,1969,30,369,187,9,18
657,1969,49,328,196,4,1
657,1969,49,360,187,13,2
657,1969,49,306,196,12,3
657,1969,49,304,187,8,4
657,1969,49,341,66,9,5
657,1969,49,235,182,7,6
657,1969,49,345,66,14,7
657,1969,49,278,6,2,8
657,1969,49,356,182,5,9
657,1969,49,346,180,6,10
657,1969,49,358,180,1,11
657,1969,49,361,182,11,12
657,1969,49,289,180,3,13
657,1969,49,262,66,10,14
658,1969,6,289,180,4,1
658,1969,6,361,182,9,2
658,1969,6,346,180,5,3
658,1969,6,370,180,10,4
658,1969,6,360,187,11,5
658,1969,6,304,187,12,6
658,1969,6,350,167,16,7
658,1969,6,235,182,7,8
658,1969,6,328,196,1,9
658,1969,6,306,196,3,10
658,1969,6,278,6,2,11
658,1969,6,345,66,14,12
658,1969,6,351,182,15,13
658,1969,6,341,66,6,14
658,1969,6,356,182,8,15
658,1969,6,262,66,13,16
659,1969,39,328,196,2,1
659,1969,39,346,180,10,2
659,1969,39,278,6,4,3
659,1969,39,304,187,7,4
659,1969,39,235,182,5,5
659,1969,39,356,182,8,6
659,1969,39,289,180,3,7
659,1969,39,306,187,11,8
659,1969,39,341,66,12,9
659,1969,39,350,187,15,10
659,1969,39,351,182,14,11
659,1969,39,360,187,6,12
659,1969,39,358,180,1,13
659,1969,39,361,182,9,14
659,1969,39,262,66,13,15
660,1969,51,328,196,1,1
660,1969,51,306,196,5,2
660,1969,51,235,182,4,3
660,1969,51,360,187,7,4
660,1969,51,350,187,10,5
660,1969,51,289,180,8,6
660,1969,51,351,182,13,7
660,1969,51,304,187,2,8
660,1969,51,346,180,9,9
660,1969,51,278,6,6,10
660,1969,51,358,180,3,11
660,1969,51,361,182,11,12
660,1969,51,357,180,12,13
661,1969,9,328,196,2,1
661,1969,9,235,182,4,2
661,1969,9,360,187,7,3
661,1969,9,358,180,1,4
661,1969,9,361,182,10,5
661,1969,9,350,187,11,6
661,1969,9,289,180,12,7
661,1969,9,346,180,9,8
661,1969,9,306,196,17,9
661,1969,9,357,180,14,10
661,1969,9,345,6,8,11
661,1969,9,278,6,5,12
661,1969,9,304,187,3,13
661,1969,9,262,66,13,14
661,1969,9,347,180,16,15
661,1969,9,321,187,15,16
661,1969,9,341,66,6,17
662,1969,20,235,182,1,1
662,1969,20,328,196,2,2
662,1969,20,360,187,8,3
662,1969,20,289,180,9,4
662,1969,20,346,180,4,5
662,1969,20,306,196,10,6
662,1969,20,304,187,5,7
662,1969,20,262,197,16,8
662,1969,20,358,180,3,9
662,1969,20,347,180,23,10
662,1969,20,361,182,7,11
662,1969,20,350,187,6,12
662,1969,20,207,180,15,13
662,1969,20,341,66,11,14
663,1969,14,328,196,3,1
663,1969,14,358,180,1,2
663,1969,14,306,196,6,3
663,1969,14,360,187,5,4
663,1969,14,361,182,4,5
663,1969,14,345,6,12,6
663,1969,14,304,187,2,7
663,1969,14,346,180,8,8
663,1969,14,289,180,9,9
663,1969,14,235,182,15,10
663,1969,14,341,66,10,11
663,1969,14,262,66,11,12
663,1969,14,351,182,13,13
663,1969,14,356,182,7,14
663,1969,14,357,180,14,15
664,1969,48,235,182,1,1
664,1969,48,356,182,6,2
664,1969,48,358,180,3,3
664,1969,48,306,196,2,4
664,1969,48,360,187,9,5
664,1969,48,359,196,15,6
664,1969,48,353,180,16,7
664,1969,48,343,66,18,8
664,1969,48,289,180,7,9
664,1969,48,346,180,8,10
664,1969,48,357,180,11,11
664,1969,48,345,6,13,12
664,1969,48,328,196,4,13
664,1969,48,371,189,17,14
664,1969,48,341,66,14,15
664,1969,48,361,182,10,16
664,1969,48,372,183,19,17
664,1969,48,304,187,5,18
664,1969,48,262,66,12,19
664,1969,48,351,182,20,20
665,1969,46,358,180,1,1
665,1969,46,361,182,9,2
665,1969,46,341,66,11,3
665,1969,46,356,182,18,4
665,1969,46,345,6,12,5
665,1969,46,351,182,17,6
665,1969,46,359,196,15,7
665,1969,46,289,180,4,8
665,1969,46,235,182,8,9
665,1969,46,352,66,9,10
665,1969,46,306,196,7,11
665,1969,46,304,187,2,12
665,1969,46,328,196,3,13
665,1969,46,353,180,16,14
665,1969,46,262,66,14,15
665,1969,46,346,180,13,16
665,1969,46,207,180,5,17
665,1969,46,360,187,6,18
666,1969,32,304,187,4,1
666,1969,32,235,182,2,2
666,1969,32,356,182,1,3
666,1969,32,328,196,3,4
666,1969,32,306,196,8,5
666,1969,32,262,66,12,6
666,1969,32,345,6,15,7
666,1969,32,359,196,14,8
666,1969,32,353,180,16,9
666,1969,32,361,182,9,10
666,1969,32,351,182,13,11
666,1969,32,341,66,10,12
666,1969,32,358,180,6,13
666,1969,32,352,66,17,14
666,1969,32,346,180,5,15
666,1969,32,357,180,11,16
666,1969,32,360,187,7,17
667,1968,30,373,180,1,1
667,1968,30,289,180,2,2
667,1968,30,358,191,4,3
667,1968,30,278,6,8,4
667,1968,30,304,194,9,5
667,1968,30,306,196,18,6
667,1968,30,346,167,16,7
667,1968,30,341,11,6,8
667,1968,30,340,191,17,9
667,1968,30,334,183,23,10
667,1968,30,364,190,12,11
667,1968,30,235,6,11,12
667,1968,30,347,167,19,13
667,1968,30,328,196,3,14
667,1968,30,368,89,22,15
667,1968,30,369,170,20,16
667,1968,30,345,66,10,17
667,1968,30,356,191,5,18
667,1968,30,333,6,7,19
667,1968,30,374,66,14,20
667,1968,30,312,167,21,21
667,1968,30,293,191,14,22
667,1968,30,375,195,15,23
668,1968,45,289,180,6,1
668,1968,45,304,187,3,2
668,1968,45,312,195,13,3
668,1968,45,375,195,12,4
668,1968,45,306,196,5,5
668,1968,45,360,187,4,6
668,1968,45,341,11,7,7
668,1968,45,346,180,10,8
668,1968,45,278,6,1,9
668,1968,45,361,66,11,10
668,1968,45,345,66,2,11
668,1968,45,235,6,8,12
668,1968,45,358,191,9,13
668,1968,45,356,191,0,14
669,1968,6,289,180,1,1
669,1968,6,370,66,6,2
669,1968,6,376,195,14,3
669,1968,6,375,195,15,4
669,1968,6,304,187,10,5
669,1968,6,341,11,4,6
669,1968,6,345,66,9,7
669,1968,6,346,180,3,8
669,1968,6,306,82,8,9
669,1968,6,361,66,11,10
669,1968,6,364,190,16,11
669,1968,6,358,191,5,12
669,1968,6,356,191,12,13
669,1968,6,359,196,2,14
669,1968,6,360,187,7,15
669,1968,6,262,180,13,16
669,1968,6,347,194,0,17
669,1968,6,351,191,0,18
670,1968,13,360,187,6,1
670,1968,13,345,66,8,2
670,1968,13,235,6,3,3
670,1968,13,328,196,2,4
670,1968,13,262,180,15,5
670,1968,13,376,195,12,6
670,1968,13,346,180,9,7
670,1968,13,306,82,13,8
670,1968,13,361,66,7,9
670,1968,13,304,187,5,10
670,1968,13,341,11,4,11
670,1968,13,278,6,1,12
670,1968,13,312,195,11,13
670,1968,13,370,66,18,14
670,1968,13,356,191,10,15
670,1968,13,289,180,14,16
670,1968,13,358,191,17,17
670,1968,13,347,194,16,18
671,1968,39,328,196,5,1
671,1968,39,306,82,16,2
671,1968,39,345,66,11,3
671,1968,39,235,6,6,4
671,1968,39,351,191,7,5
671,1968,39,278,6,1,6
671,1968,39,370,66,15,7
671,1968,39,347,194,19,8
671,1968,39,289,180,3,9
671,1968,39,262,180,10,10
671,1968,39,364,191,12,11
671,1968,39,346,180,13,12
671,1968,39,341,11,9,13
671,1968,39,361,66,14,14
671,1968,39,358,191,2,15
671,1968,39,356,191,4,16
671,1968,39,360,187,8,17
671,1968,39,304,187,7,18
671,1968,39,376,195,18,19
672,1968,53,235,6,3,1
672,1968,53,341,11,7,2
672,1968,53,328,196,2,3
672,1968,53,350,195,17,4
672,1968,53,304,187,4,5
672,1968,53,361,66,14,6
672,1968,53,370,66,12,7
672,1968,53,360,187,6,8
672,1968,53,306,82,8,9
672,1968,53,278,6,5,10
672,1968,53,346,180,11,11
672,1968,53,345,66,10,12
672,1968,53,358,191,1,13
672,1968,53,356,191,13,14
672,1968,53,289,180,9,15
672,1968,53,359,195,15,16
672,1968,53,377,11,16,17
673,1968,38,346,180,4,1
673,1968,38,278,6,3,2
673,1968,38,235,6,12,3
673,1968,38,304,187,11,4
673,1968,38,341,11,9,5
673,1968,38,328,196,7,6
673,1968,38,360,187,10,7
673,1968,38,361,66,16,8
673,1968,38,358,191,5,9
673,1968,38,345,66,13,10
673,1968,38,351,191,19,11
673,1968,38,262,180,2,12
673,1968,38,378,195,18,13
673,1968,38,289,180,1,14
673,1968,38,350,195,7,15
673,1968,38,306,82,14,16
673,1968,38,370,66,15,17
673,1968,38,364,190,6,18
673,1968,38,347,194,20,19
673,1968,38,356,191,8,20
674,1968,20,328,196,6,1
674,1968,20,289,180,4,2
674,1968,20,358,191,3,3
674,1968,20,235,6,1,4
674,1968,20,356,191,15,5
674,1968,20,345,66,14,6
674,1968,20,304,187,11,7
674,1968,20,361,66,8,8
674,1968,20,364,190,10,9
674,1968,20,365,26,18,10
674,1968,20,262,180,13,11
674,1968,20,379,191,17,12
674,1968,20,360,1,16,13
674,1968,20,370,66,20,14
674,1968,20,278,6,2,15
674,1968,20,306,82,12,16
674,1968,20,346,180,9,17
674,1968,20,376,195,19,18
674,1968,20,341,11,7,19
674,1968,20,350,195,5,20
675,1968,14,304,187,7,1
675,1968,14,359,196,13,2
675,1968,14,235,6,4,3
675,1968,14,361,66,17,4
675,1968,14,306,82,18,5
675,1968,14,347,194,19,6
675,1968,14,346,180,9,7
675,1968,14,356,191,16,8
675,1968,14,328,196,6,9
675,1968,14,322,11,14,10
675,1968,14,262,180,11,11
675,1968,14,360,187,2,12
675,1968,14,358,191,10,13
675,1968,14,345,66,15,14
675,1968,14,364,190,12,15
675,1968,14,289,180,5,16
675,1968,14,341,11,1,17
675,1968,14,278,6,3,18
675,1968,14,321,6,8,19
675,1968,14,350,195,20,20
675,1968,14,380,66,0,21
675,1968,14,351,191,0,22
676,1968,52,304,187,6,1
676,1968,52,360,187,8,2
676,1968,52,345,66,12,3
676,1968,52,289,180,5,4
676,1968,52,350,195,16,5
676,1968,52,328,196,11,6
676,1968,52,306,82,15,7
676,1968,52,278,6,2,8
676,1968,52,359,196,13,9
676,1968,52,376,195,18,10
676,1968,52,280,82,19,11
676,1968,52,358,191,1,12
676,1968,52,262,180,19,13
676,1968,52,356,191,10,14
676,1968,52,346,180,3,15
676,1968,52,364,187,4,16
676,1968,52,361,66,14,17
676,1968,52,343,180,20,18
676,1968,52,341,11,7,19
676,1968,52,347,194,17,20
676,1968,52,235,6,0,21
677,1968,46,328,196,2,1
677,1968,46,289,180,3,2
677,1968,46,341,11,9,3
677,1968,46,364,187,7,4
677,1968,46,346,180,12,5
677,1968,46,360,187,10,6
677,1968,46,361,66,14,7
677,1968,46,304,1,5,8
677,1968,46,376,195,20,9
677,1968,46,356,191,8,10
677,1968,46,358,191,6,11
677,1968,46,350,195,17,12
677,1968,46,345,66,11,13
677,1968,46,347,194,18,14
677,1968,46,278,6,4,15
677,1968,46,306,82,13,16
677,1968,46,381,66,19,17
677,1968,46,207,180,1,18
677,1968,46,321,6,15,19
677,1968,46,262,180,0,20
678,1968,32,289,180,3,1
678,1968,32,360,187,9,2
678,1968,32,262,180,14,3
678,1968,32,345,66,12,4
678,1968,32,347,11,18,5
678,1968,32,346,180,1,6
678,1968,32,328,196,7,7
678,1968,32,350,195,17,8
678,1968,32,280,82,20,9
678,1968,32,356,191,8,10
678,1968,32,359,196,16,11
678,1968,32,364,187,5,12
678,1968,32,361,66,19,13
678,1968,32,376,195,21,14
678,1968,32,341,11,6,15
678,1968,32,278,6,2,16
678,1968,32,382,180,11,17
678,1968,32,304,187,4,18
678,1968,32,306,82,13,19
678,1968,32,235,6,15,20
678,1968,32,358,191,10,21
679,1967,30,345,167,4,1
679,1967,30,340,170,5,2
679,1967,30,341,11,6,3
679,1967,30,304,191,2,4
679,1967,30,383,183,10,5
679,1967,30,356,191,1,6
679,1967,30,293,183,8,7
679,1967,30,384,183,17,8
679,1967,30,368,184,14,9
679,1967,30,361,176,18,10
679,1967,30,364,189,11,11
679,1967,30,346,167,16,12
679,1967,30,358,167,7,13
679,1967,30,374,66,13,14
679,1967,30,347,167,12,15
679,1967,30,373,176,3,16
679,1967,30,289,176,15,17
679,1967,30,328,66,9,18
680,1967,6,304,191,4,1
680,1967,6,289,176,8,2
680,1967,6,278,6,14,3
680,1967,6,360,194,10,4
680,1967,6,345,167,16,5
680,1967,6,374,66,12,6
680,1967,6,385,6,2,7
680,1967,6,361,66,13,8
680,1967,6,373,172,5,9
680,1967,6,341,11,3,10
680,1967,6,346,167,9,11
680,1967,6,328,66,6,12
680,1967,6,358,167,15,13
680,1967,6,364,190,7,14
680,1967,6,359,82,11,15
680,1967,6,356,191,1,16
680,1967,6,383,183,0,17
680,1967,6,306,82,0,18
680,1967,6,386,189,0,19
681,1967,39,373,180,8,1
681,1967,39,356,191,3,2
681,1967,39,304,191,7,3
681,1967,39,278,6,9,4
681,1967,39,387,6,10,5
681,1967,39,375,6,15,6
681,1967,39,388,176,13,7
681,1967,39,374,66,12,8
681,1967,39,383,183,17,9
681,1967,39,346,167,16,10
681,1967,39,341,11,6,11
681,1967,39,328,66,11,12
681,1967,39,358,167,4,13
681,1967,39,345,167,5,14
681,1967,39,289,180,1,15
681,1967,39,364,190,2,16
681,1967,39,360,194,14,17
682,1967,13,364,190,2,1
682,1967,13,328,66,6,2
682,1967,13,278,6,5,3
682,1967,13,358,167,4,4
682,1967,13,374,66,11,5
682,1967,13,373,180,1,6
682,1967,13,346,167,16,7
682,1967,13,383,183,17,8
682,1967,13,345,167,13,9
682,1967,13,389,167,18,10
682,1967,13,375,6,9,11
682,1967,13,356,191,7,12
682,1967,13,304,191,14,13
682,1967,13,347,167,12,14
682,1967,13,289,180,3,15
682,1967,13,341,11,10,16
682,1967,13,388,66,15,17
682,1967,13,387,6,8,18
683,1967,54,356,191,2,1
683,1967,54,304,191,6,2
683,1967,54,328,66,10,3
683,1967,54,346,167,11,4
683,1967,54,388,66,9,5
683,1967,54,345,167,13,6
683,1967,54,389,167,15,7
683,1967,54,278,6,7,8
683,1967,54,364,190,3,9
683,1967,54,358,167,8,10
683,1967,54,360,190,5,11
683,1967,54,373,180,4,12
683,1967,54,383,183,14,13
683,1967,54,289,180,1,14
683,1967,54,374,66,12,15
684,1967,9,373,180,1,1
684,1967,9,304,191,4,2
684,1967,9,278,6,6,3
684,1967,9,356,191,3,4
684,1967,9,345,167,9,5
684,1967,9,341,11,7,6
684,1967,9,388,66,13,7
684,1967,9,322,66,14,8
684,1967,9,390,167,15,9
684,1967,9,389,191,21,10
684,1967,9,383,183,17,11
684,1967,9,289,180,2,12
684,1967,9,374,66,11,13
684,1967,9,364,190,5,14
684,1967,9,351,193,20,15
684,1967,9,358,167,8,16
684,1967,9,328,66,12,17
684,1967,9,360,190,10,18
684,1967,9,346,167,18,19
684,1967,9,347,167,9,20
684,1967,9,361,66,0,21
685,1967,20,304,191,2,1
685,1967,20,356,191,7,2
685,1967,20,278,6,8,3
685,1967,20,341,11,6,4
685,1967,20,262,180,19,5
685,1967,20,347,167,16,6
685,1967,20,390,182,20,7
685,1967,20,389,191,17,8
685,1967,20,388,66,15,9
685,1967,20,322,26,22,10
685,1967,20,345,167,10,11
685,1967,20,364,190,4,12
685,1967,20,235,82,18,13
685,1967,20,391,90,25,14
685,1967,20,346,167,12,15
685,1967,20,289,180,13,16
685,1967,20,365,26,14,17
685,1967,20,328,66,3,18
685,1967,20,373,180,1,19
685,1967,20,358,167,9,20
685,1967,20,379,90,23,21
685,1967,20,360,190,5,22
685,1967,20,374,66,11,23
685,1967,20,377,82,21,24
686,1967,48,356,191,7,1
686,1967,48,304,191,3,2
686,1967,48,364,190,5,3
686,1967,48,289,180,2,4
686,1967,48,374,66,10,5
686,1967,48,278,6,4,6
686,1967,48,360,194,6,7
686,1967,48,347,167,14,8
686,1967,48,322,66,12,9
686,1967,48,370,167,13,10
686,1967,48,392,176,17,11
686,1967,48,373,180,1,12
686,1967,48,326,180,16,13
686,1967,48,328,66,9,14
686,1967,48,371,189,15,15
686,1967,48,388,66,11,16
686,1967,48,358,167,8,17
686,1967,48,393,170,0,18
687,1967,14,341,11,9,1
687,1967,14,356,191,2,2
687,1967,14,373,180,1,3
687,1967,14,358,167,11,4
687,1967,14,374,66,12,5
687,1967,14,235,167,15,6
687,1967,14,278,6,4,7
687,1967,14,289,180,8,8
687,1967,14,346,167,13,9
687,1967,14,394,180,17,10
687,1967,14,360,194,3,11
687,1967,14,347,167,14,12
687,1967,14,328,66,7,13
687,1967,14,304,191,6,14
687,1967,14,389,191,18,15
687,1967,14,388,66,16,16
687,1967,14,375,190,10,17
687,1967,14,364,190,5,18
688,1967,46,373,180,2,1
688,1967,46,289,180,1,2
688,1967,46,304,191,6,3
688,1967,46,346,167,12,4
688,1967,46,356,191,5,5
688,1967,46,347,167,15,6
688,1967,46,306,187,18,7
688,1967,46,341,11,11,8
688,1967,46,278,6,4,9
688,1967,46,328,66,10,10
688,1967,46,235,167,16,11
688,1967,46,389,191,17,12
688,1967,46,388,66,14,13
688,1967,46,374,66,13,14
688,1967,46,358,167,8,15
688,1967,46,364,190,3,16
688,1967,46,360,194,9,17
688,1967,46,382,180,7,18
689,1967,32,373,180,1,1
689,1967,32,356,191,5,2
689,1967,32,304,191,6,3
689,1967,32,341,11,7,4
689,1967,32,374,66,11,5
689,1967,32,345,167,13,6
689,1967,32,306,187,14,7
689,1967,32,395,6,16,8
689,1967,32,278,6,2,9
689,1967,32,347,167,17,10
689,1967,32,389,191,19,11
689,1967,32,346,167,10,12
689,1967,32,360,194,8,13
689,1967,32,388,66,15,14
689,1967,32,328,66,12,15
689,1967,32,289,180,4,16
689,1967,32,382,176,9,17
689,1967,32,364,189,3,18
689,1967,32,392,176,10,19
690,1966,6,328,66,3,1
690,1966,6,385,6,5,2
690,1966,6,289,66,4,3
690,1966,6,396,66,16,4
690,1966,6,386,167,9,5
690,1966,6,389,167,15,6
690,1966,6,347,167,16,7
690,1966,6,373,172,1,8
690,1966,6,358,167,7,9
690,1966,6,346,181,13,10
690,1966,6,374,176,12,11
690,1966,6,356,191,11,12
690,1966,6,341,6,2,13
690,1966,6,304,183,6,14
690,1966,6,360,187,10,15
690,1966,6,383,183,8,16
691,1966,13,341,6,1,1
691,1966,13,358,167,2,2
691,1966,13,385,6,5,3
691,1966,13,356,191,4,4
691,1966,13,386,167,8,5
691,1966,13,389,167,12,6
691,1966,13,364,189,15,7
691,1966,13,328,66,3,8
691,1966,13,347,167,6,9
691,1966,13,374,176,7,10
691,1966,13,289,66,9,11
691,1966,13,373,172,10,12
691,1966,13,396,66,11,13
691,1966,13,304,183,13,14
691,1966,13,346,167,14,15
691,1966,13,360,188,0,16
691,1966,13,397,176,0,17
691,1966,13,398,66,0,18
692,1966,55,356,191,4,1
692,1966,55,387,6,3,2
692,1966,55,304,191,9,3
692,1966,55,358,167,5,4
692,1966,55,364,189,14,5
692,1966,55,399,181,15,6
692,1966,55,383,183,12,7
692,1966,55,278,167,7,8
692,1966,55,389,167,11,9
692,1966,55,345,172,13,10
692,1966,55,385,6,1,11
692,1966,55,347,183,17,12
692,1966,55,289,66,8,13
692,1966,55,346,167,6,14
692,1966,55,374,176,10,15
692,1966,55,341,167,2,16
692,1966,55,397,176,16,17
693,1966,38,356,191,1,1
693,1966,38,304,191,2,2
693,1966,38,289,66,4,3
693,1966,38,373,172,5,4
693,1966,38,358,167,7,5
693,1966,38,360,188,13,6
693,1966,38,388,183,12,7
693,1966,38,399,181,16,8
693,1966,38,396,66,14,9
693,1966,38,389,167,17,10
693,1966,38,400,192,19,11
693,1966,38,383,183,10,12
693,1966,38,346,167,11,13
693,1966,38,341,167,6,14
693,1966,38,347,183,15,15
693,1966,38,397,176,20,16
693,1966,38,328,66,8,17
693,1966,38,374,176,9,18
693,1966,38,364,189,3,19
693,1966,38,401,91,18,20
694,1966,39,356,191,1,1
694,1966,39,289,66,7,2
694,1966,39,373,172,3,3
694,1966,39,328,66,8,4
694,1966,39,374,176,12,5
694,1966,39,385,6,9,6
694,1966,39,347,167,13,7
694,1966,39,399,181,17,8
694,1966,39,389,167,16,9
694,1966,39,346,167,11,10
694,1966,39,383,183,14,11
694,1966,39,341,167,10,12
694,1966,39,304,191,2,13
694,1966,39,397,176,15,14
694,1966,39,364,189,4,15
694,1966,39,387,6,5,16
694,1966,39,358,167,6,17
695,1966,20,356,191,5,1
695,1966,20,341,167,2,2
695,1966,20,358,167,9,3
695,1966,20,289,66,10,4
695,1966,20,328,66,3,5
695,1966,20,385,6,6,6
695,1966,20,364,189,8,7
695,1966,20,397,176,17,8
695,1966,20,374,176,13,9
695,1966,20,373,172,1,10
695,1966,20,400,192,26,11
695,1966,20,375,6,4,12
695,1966,20,387,6,7,13
695,1966,20,304,191,15,14
695,1966,20,347,167,12,15
695,1966,20,396,66,11,16
695,1966,20,383,183,14,17
695,1966,20,399,181,25,18
695,1966,20,389,167,0,19
696,1966,14,375,6,2,1
696,1966,14,387,6,1,2
696,1966,14,304,191,10,3
696,1966,14,358,167,8,4
696,1966,14,374,176,14,5
696,1966,14,383,183,15,6
696,1966,14,396,66,18,7
696,1966,14,397,176,13,8
696,1966,14,402,172,20,9
696,1966,14,394,6,16,10
696,1966,14,373,176,3,11
696,1966,14,346,167,17,12
696,1966,14,385,6,5,13
696,1966,14,341,167,4,14
696,1966,14,386,11,7,15
696,1966,14,356,191,6,16
696,1966,14,364,190,19,17
696,1966,14,328,66,9,18
696,1966,14,347,167,12,19
696,1966,14,289,66,11,20
696,1966,14,403,189,0,21
696,1966,14,278,181,0,22
697,1966,46,373,176,2,1
697,1966,46,358,167,9,2
697,1966,46,341,167,4,3
697,1966,46,346,167,13,4
697,1966,46,360,187,11,5
697,1966,46,397,172,19,6
697,1966,46,404,66,17,7
697,1966,46,386,11,8,8
697,1966,46,374,176,12,9
697,1966,46,405,11,18,10
697,1966,46,347,167,15,11
697,1966,46,356,191,1,12
697,1966,46,328,66,6,13
697,1966,46,289,66,5,14
697,1966,46,385,6,3,15
697,1966,46,304,191,7,16
697,1966,46,345,176,10,17
697,1966,46,364,190,14,18
697,1966,46,396,189,16,19
698,1966,32,341,167,1,1
698,1966,32,356,191,4,2
698,1966,32,304,191,6,3
698,1966,32,386,11,3,4
698,1966,32,364,189,9,5
698,1966,32,347,167,12,6
698,1966,32,397,176,17,7
698,1966,32,405,11,13,8
698,1966,32,345,176,8,9
698,1966,32,360,187,14,10
698,1966,32,346,167,11,11
698,1966,32,358,167,5,12
698,1966,32,404,66,16,13
698,1966,32,328,66,10,14
698,1966,32,396,190,18,15
698,1966,32,289,66,7,16
698,1966,32,373,176,2,17
698,1966,32,382,167,15,18
699,1965,56,373,172,1,1
699,1965,56,341,6,2,2
699,1965,56,289,66,5,3
699,1965,56,374,172,4,4
699,1965,56,360,170,8,5
699,1965,56,328,66,11,6
699,1965,56,346,181,14,7
699,1965,56,356,183,3,8
699,1965,56,406,182,16,9
699,1965,56,362,51,17,10
699,1965,56,408,176,13,11
699,1965,56,380,181,15,12
699,1965,56,368,185,20,13
699,1965,56,407,182,19,14
699,1965,56,385,6,6,15
699,1965,56,383,183,12,16
699,1965,56,347,183,7,17
699,1965,56,358,170,10,18
699,1965,56,340,170,18,19
699,1965,56,364,183,9,20
699,1965,56,409,186,0,21
699,1965,56,410,172,0,22
699,1965,56,411,184,0,23
699,1965,56,412,180,0,24
699,1965,56,413,172,0,25
699,1965,56,414,172,0,26
699,1965,56,334,185,0,27
699,1965,56,293,180,0,28
699,1965,56,415,93,0,29
699,1965,56,416,167,0,30
699,1965,56,417,170,0,31
700,1965,6,289,66,1,1
700,1965,6,385,6,4,2
700,1965,6,328,66,3,3
700,1965,6,341,6,5,4
700,1965,6,360,170,7,5
700,1965,6,346,181,10,6
700,1965,6,347,183,13,7
700,1965,6,304,183,8,8
700,1965,6,383,183,9,9
700,1965,6,406,172,14,10
700,1965,6,356,183,2,11
700,1965,6,370,176,6,12
700,1965,6,405,11,15,13
700,1965,6,380,181,11,14
700,1965,6,305,176,12,15
700,1965,6,386,11,17,16
700,1965,6,358,170,0,17
701,1965,13,373,172,2,1
701,1965,13,328,66,3,2
701,1965,13,360,170,9,3
701,1965,13,356,183,10,4
701,1965,13,289,66,1,5
701,1965,13,386,11,4,6
701,1965,13,374,172,12,7
701,1965,13,346,181,8,8
701,1965,13,385,6,15,9
701,1965,13,364,183,5,10
701,1965,13,358,170,14,11
701,1965,13,376,66,17,12
701,1965,13,404,176,16,13
701,1965,13,370,176,13,14
701,1965,13,418,66,20,15
701,1965,13,347,183,7,16
701,1965,13,405,11,11,17
701,1965,13,341,6,6,18
701,1965,13,380,181,19,19
702,1965,51,373,172,1,1
702,1965,51,328,66,2,2
702,1965,51,341,6,4,3
702,1965,51,304,183,6,4
702,1965,51,289,66,13,5
702,1965,51,346,181,14,6
702,1965,51,374,172,10,7
702,1965,51,385,6,3,8
702,1965,51,383,183,15,9
702,1965,51,360,170,9,10
702,1965,51,347,183,11,11
702,1965,51,278,176,8,12
702,1965,51,404,176,17,13
702,1965,51,364,183,5,14
702,1965,51,386,11,7,15
702,1965,51,405,11,16,16
702,1965,51,358,170,12,17
703,1965,9,373,172,1,1
703,1965,9,289,66,2,2
703,1965,9,341,6,5,3
703,1965,9,374,172,6,4
703,1965,9,328,66,4,5
703,1965,9,364,183,7,6
703,1965,9,347,183,14,7
703,1965,9,380,181,13,8
703,1965,9,346,181,18,9
703,1965,9,360,170,11,10
703,1965,9,420,181,20,11
703,1965,9,418,66,19,12
703,1965,9,370,176,16,13
703,1965,9,358,170,12,14
703,1965,9,404,176,15,15
703,1965,9,419,170,21,16
703,1965,9,383,183,17,17
703,1965,9,304,183,10,18
703,1965,9,386,11,3,19
703,1965,9,385,6,9,20
703,1965,9,356,183,8,21
703,1965,9,421,186,0,22
703,1965,9,422,172,0,23
704,1965,39,373,172,2,1
704,1965,39,328,66,6,2
704,1965,39,364,183,5,3
704,1965,39,289,66,1,4
704,1965,39,304,183,7,5
704,1965,39,386,11,3,6
704,1965,39,341,6,4,7
704,1965,39,374,172,8,8
704,1965,39,385,6,12,9
704,1965,39,404,176,13,10
704,1965,39,380,181,11,11
704,1965,39,370,176,17,12
704,1965,39,346,181,10,13
704,1965,39,358,170,14,14
704,1965,39,360,170,9,15
704,1965,39,347,183,15,16
704,1965,39,383,183,16,17
705,1965,20,373,172,1,1
705,1965,20,289,66,3,2
705,1965,20,364,183,5,3
705,1965,20,358,170,8,4
705,1965,20,356,183,14,5
705,1965,20,385,6,7,6
705,1965,20,347,183,9,7
705,1965,20,418,66,19,8
705,1965,20,341,6,4,9
705,1965,20,346,181,11,10
705,1965,20,374,172,6,11
705,1965,20,423,172,12,12
705,1965,20,370,176,17,13
705,1965,20,360,170,10,14
705,1965,20,304,183,13,15
705,1965,20,278,176,16,16
705,1965,20,406,172,20,17
705,1965,20,328,66,2,18
705,1965,20,380,181,18,19
705,1965,20,424,66,0,20
705,1965,20,420,183,0,21
706,1965,14,328,66,3,1
706,1965,14,289,66,4,2
706,1965,14,364,183,9,3
706,1965,14,385,6,5,4
706,1965,14,360,170,11,5
706,1965,14,370,176,13,6
706,1965,14,347,183,14,7
706,1965,14,358,170,7,8
706,1965,14,404,176,18,9
706,1965,14,373,172,1,10
706,1965,14,374,172,8,11
706,1965,14,425,6,15,12
706,1965,14,424,66,21,13
706,1965,14,386,11,17,14
706,1965,14,304,183,12,15
706,1965,14,380,181,16,16
706,1965,14,346,181,10,17
706,1965,14,402,172,20,18
706,1965,14,341,6,2,19
706,1965,14,405,11,6,20
706,1965,14,418,66,23,21
706,1965,14,394,183,19,22
706,1965,14,426,66,22,23
707,1965,46,289,66,1,1
707,1965,46,364,183,8,2
707,1965,46,356,183,7,3
707,1965,46,385,6,5,4
707,1965,46,345,6,15,5
707,1965,46,358,170,13,6
707,1965,46,386,11,3,7
707,1965,46,347,183,10,8
707,1965,46,396,6,14,9
707,1965,46,370,176,16,10
707,1965,46,346,181,11,11
707,1965,46,382,172,17,12
707,1965,46,405,11,12,13
707,1965,46,328,66,6,14
707,1965,46,373,172,9,15
707,1965,46,360,170,2,16
707,1965,46,374,172,4,17
707,1965,46,404,176,18,18
708,1965,32,386,11,3,1
708,1965,32,364,183,2,2
708,1965,32,374,172,6,3
708,1965,32,346,181,11,4
708,1965,32,405,11,10,5
708,1965,32,370,176,17,6
708,1965,32,345,6,14,7
708,1965,32,385,6,7,8
708,1965,32,289,66,5,9
708,1965,32,382,172,9,10
708,1965,32,347,183,12,11
708,1965,32,358,170,16,12
708,1965,32,356,183,14,13
708,1965,32,328,66,8,14
708,1965,32,396,176,18,15
708,1965,32,360,170,15,16
708,1965,32,373,172,1,17
708,1965,32,404,176,0,18
708,1965,32,375,6,0,19
709,1964,6,289,66,3,1
709,1964,6,386,66,8,2
709,1964,6,397,172,6,3
709,1964,6,373,172,1,4
709,1964,6,347,170,11,5
709,1964,6,305,176,15,6
709,1964,6,383,183,12,7
709,1964,6,346,176,16,8
709,1964,6,403,170,9,9
709,1964,6,385,6,7,10
709,1964,6,364,183,5,11
709,1964,6,427,66,13,12
709,1964,6,356,183,2,13
709,1964,6,360,170,10,14
709,1964,6,341,6,4,15
709,1964,6,401,94,14,16
709,1964,6,278,176,0,17
709,1964,6,309,176,0,18
709,1964,6,428,176,0,19
709,1964,6,404,176,0,20
709,1964,6,429,92,0,21
709,1964,6,394,66,0,22
709,1964,6,408,66,0,23
710,1964,39,373,172,2,1
710,1964,39,341,6,4,2
710,1964,39,397,172,6,3
710,1964,39,289,66,3,4
710,1964,39,278,176,13,5
710,1964,39,383,183,11,6
710,1964,39,360,170,5,7
710,1964,39,403,170,9,8
710,1964,39,347,181,12,9
710,1964,39,394,66,16,10
710,1964,39,386,66,8,11
710,1964,39,305,176,14,12
710,1964,39,346,181,18,13
710,1964,39,356,183,7,14
710,1964,39,364,183,1,15
710,1964,39,385,6,10,16
710,1964,39,430,95,17,17
710,1964,39,408,66,0,18
711,1964,13,373,172,6,1
711,1964,13,360,170,7,2
711,1964,13,356,183,3,3
711,1964,13,386,66,8,4
711,1964,13,289,66,2,5
711,1964,13,364,183,1,6
711,1964,13,401,94,12,7
711,1964,13,394,66,17,8
711,1964,13,397,172,4,9
711,1964,13,404,94,16,10
711,1964,13,309,172,10,11
711,1964,13,346,183,13,12
711,1964,13,403,170,15,13
711,1964,13,385,6,9,14
711,1964,13,429,92,20,15
711,1964,13,347,183,14,16
711,1964,13,341,6,5,17
711,1964,13,278,176,11,18
712,1964,53,364,183,2,1
712,1964,53,289,66,6,2
712,1964,53,356,183,5,3
712,1964,53,397,172,4,4
712,1964,53,386,66,9,5
712,1964,53,360,170,7,6
712,1964,53,403,170,10,7
712,1964,53,305,176,13,8
712,1964,53,385,6,8,9
712,1964,53,278,176,14,10
712,1964,53,427,66,16,11
712,1964,53,383,183,15,12
712,1964,53,404,94,11,13
712,1964,53,373,172,1,14
712,1964,53,341,6,3,15
712,1964,53,401,94,12,16
712,1964,53,346,181,17,17
713,1964,38,373,172,1,1
713,1964,38,289,66,2,2
713,1964,38,341,6,5,3
713,1964,38,356,183,4,4
713,1964,38,385,6,8,5
713,1964,38,403,170,15,6
713,1964,38,383,183,7,7
713,1964,38,386,66,14,8
713,1964,38,374,172,13,9
713,1964,38,404,94,10,10
713,1964,38,346,181,16,11
713,1964,38,394,66,21,12
713,1964,38,364,183,3,13
713,1964,38,399,170,20,14
713,1964,38,347,181,9,15
713,1964,38,309,176,22,16
713,1964,38,408,66,17,17
713,1964,38,420,181,23,18
713,1964,38,401,176,18,19
713,1964,38,305,176,12,20
713,1964,38,278,176,11,21
713,1964,38,360,170,6,22
713,1964,38,380,182,19,23
713,1964,38,427,66,25,24
713,1964,38,370,66,24,25
714,1964,20,341,6,1,1
714,1964,20,289,66,5,2
714,1964,20,385,6,4,3
714,1964,20,346,181,10,4
714,1964,20,427,66,14,5
714,1964,20,408,66,16,6
714,1964,20,386,66,11,7
714,1964,20,374,172,17,8
714,1964,20,423,172,19,9
714,1964,20,364,183,3,10
714,1964,20,278,176,9,11
714,1964,20,356,183,6,12
714,1964,20,405,11,22,13
714,1964,20,309,176,18,14
714,1964,20,373,172,2,15
714,1964,20,360,170,7,16
714,1964,20,383,183,15,17
714,1964,20,431,170,20,18
714,1964,20,394,66,21,19
714,1964,20,403,170,8,20
714,1964,20,347,181,12,21
714,1964,20,305,176,13,22
714,1964,20,429,92,0,23
715,1964,57,385,6,7,1
715,1964,57,386,66,5,2
715,1964,57,383,183,14,3
715,1964,57,408,66,19,4
715,1964,57,404,94,11,5
715,1964,57,347,183,10,6
715,1964,57,394,66,15,7
715,1964,57,305,176,18,8
715,1964,57,356,183,6,9
715,1964,57,358,181,13,10
715,1964,57,403,170,20,11
715,1964,57,364,183,4,12
715,1964,57,360,170,9,13
715,1964,57,374,172,8,14
715,1964,57,373,172,3,15
715,1964,57,401,94,16,16
715,1964,57,346,181,12,17
715,1964,57,341,6,2,18
715,1964,57,278,172,17,19
715,1964,57,289,66,1,20
716,1964,14,341,6,1,1
716,1964,14,360,170,5,2
716,1964,14,385,6,7,3
716,1964,14,386,66,9,4
716,1964,14,404,94,13,5
716,1964,14,374,172,8,6
716,1964,14,346,181,6,7
716,1964,14,394,66,15,8
716,1964,14,375,6,16,9
716,1964,14,364,183,2,10
716,1964,14,383,183,14,11
716,1964,14,347,183,12,12
716,1964,14,309,176,18,13
716,1964,14,356,183,11,14
716,1964,14,373,172,4,15
716,1964,14,432,96,19,16
716,1964,14,427,66,21,17
716,1964,14,405,11,10,18
716,1964,14,305,176,17,19
716,1964,14,289,66,3,20
716,1964,14,401,94,0,21
716,1964,14,402,181,0,22
716,1964,14,340,170,0,23
716,1964,14,420,181,0,24
717,1964,46,289,66,4,1
717,1964,46,341,6,2,2
717,1964,46,346,181,12,3
717,1964,46,386,66,13,4
717,1964,46,433,172,17,5
717,1964,46,401,94,15,6
717,1964,46,373,172,1,7
717,1964,46,305,176,15,8
717,1964,46,364,183,3,9
717,1964,46,434,181,18,10
717,1964,46,385,6,8,11
717,1964,46,374,172,1,12
717,1964,46,405,11,14,13
717,1964,46,278,176,11,14
717,1964,46,347,183,9,15
717,1964,46,360,170,5,16
717,1964,46,356,183,7,17
717,1964,46,403,170,19,18
717,1964,46,404,94,10,19
718,1964,32,364,183,2,1
718,1964,32,341,6,4,2
718,1964,32,385,6,3,3
718,1964,32,374,172,5,4
718,1964,32,373,172,1,5
718,1964,32,345,6,9,6
718,1964,32,360,170,10,7
718,1964,32,386,66,11,8
718,1964,32,403,170,15,9
718,1964,32,382,172,14,10
718,1964,32,289,66,6,11
718,1964,32,404,94,16,12
718,1964,32,434,181,19,13
718,1964,32,278,176,12,14
718,1964,32,356,183,7,15
718,1964,32,305,176,17,16
718,1964,32,346,181,13,17
718,1964,32,347,183,8,18
718,1964,32,401,94,18,19
719,1963,6,289,66,2,1
719,1963,6,386,66,4,2
719,1963,6,360,170,8,3
719,1963,6,341,6,3,4
719,1963,6,408,170,10,5
719,1963,6,401,172,9,6
719,1963,6,347,170,11,7
719,1963,6,373,172,1,8
719,1963,6,356,172,16,9
719,1963,6,404,176,5,10
719,1963,6,435,6,7,11
719,1963,6,427,26,14,12
719,1963,6,364,34,6,13
719,1963,6,440,176,13,14
719,1963,6,346,176,12,15
719,1963,6,278,26,0,16
719,1963,6,428,172,0,17
719,1963,6,403,54,0,18
719,1963,6,394,54,0,19
719,1963,6,436,176,0,20
719,1963,6,437,92,0,21
719,1963,6,438,92,0,22
719,1963,6,439,86,0,23
719,1963,6,385,66,0,24
719,1963,6,430,95,0,25
720,1963,13,373,172,8,1
720,1963,13,360,170,5,2
720,1963,13,364,34,2,3
720,1963,13,386,66,9,4
720,1963,13,347,170,13,5
720,1963,13,430,95,18,6
720,1963,13,408,170,4,7
720,1963,13,438,92,19,8
720,1963,13,341,6,10,9
720,1963,13,289,66,1,10
720,1963,13,376,26,16,11
720,1963,13,440,176,12,12
720,1963,13,346,176,14,13
720,1963,13,403,54,17,14
720,1963,13,356,34,6,15
720,1963,13,278,26,15,16
720,1963,13,404,94,7,17
720,1963,13,435,6,3,18
720,1963,13,394,54,20,19
720,1963,13,401,172,11,20
720,1963,13,397,172,0,21
720,1963,13,375,6,0,22
720,1963,13,385,66,0,23
720,1963,13,437,92,0,24
721,1963,39,373,172,1,1
721,1963,39,364,34,14,2
721,1963,39,341,6,5,3
721,1963,39,404,94,7,4
721,1963,39,386,66,6,5
721,1963,39,375,6,11,6
721,1963,39,346,176,17,7
721,1963,39,440,176,18,8
721,1963,39,430,95,19,9
721,1963,39,401,172,10,10
721,1963,39,347,170,8,11
721,1963,39,289,66,2,12
721,1963,39,356,34,4,13
721,1963,39,278,26,12,14
721,1963,39,394,54,15,15
721,1963,39,403,54,13,16
721,1963,39,408,170,9,17
721,1963,39,360,170,3,18
721,1963,39,423,95,16,19
721,1963,39,438,92,0,20
721,1963,39,437,92,0,21
722,1963,55,373,172,1,1
722,1963,55,408,170,8,2
722,1963,55,289,66,2,3
722,1963,55,356,34,5,4
722,1963,55,364,34,3,5
722,1963,55,346,176,10,6
722,1963,55,278,26,17,7
722,1963,55,427,172,15,8
722,1963,55,404,94,9,9
722,1963,55,385,66,21,10
722,1963,55,440,176,18,11
722,1963,55,360,170,6,12
722,1963,55,401,172,7,13
722,1963,55,403,176,13,14
722,1963,55,347,170,11,15
722,1963,55,418,176,19,16
722,1963,55,341,6,4,17
722,1963,55,438,92,20,18
722,1963,55,386,66,12,19
722,1963,55,375,6,0,20
722,1963,55,397,172,0,21
722,1963,55,394,54,0,22
722,1963,55,437,92,0,23
722,1963,55,439,86,0,24
723,1963,9,373,172,1,1
723,1963,9,341,6,5,2
723,1963,9,289,66,3,3
723,1963,9,386,66,9,4
723,1963,9,385,66,8,5
723,1963,9,440,176,13,6
723,1963,9,278,26,14,7
723,1963,9,305,172,17,8
723,1963,9,408,170,7,9
723,1963,9,430,95,21,10
723,1963,9,418,176,22,11
723,1963,9,383,26,16,12
723,1963,9,436,26,23,13
723,1963,9,346,176,15,14
723,1963,9,347,170,12,15
723,1963,9,364,34,2,16
723,1963,9,420,97,19,17
723,1963,9,437,92,20,18
723,1963,9,356,34,4,19
723,1963,9,404,94,11,20
723,1963,9,401,172,10,21
723,1963,9,438,92,18,22
723,1963,9,360,170,6,23
723,1963,9,439,86,0,24
723,1963,9,394,54,0,25
723,1963,9,403,54,0,26
724,1963,20,341,6,2,1
724,1963,20,373,172,1,2
724,1963,20,386,66,6,3
724,1963,20,423,95,15,4
724,1963,20,440,176,16,5
724,1963,20,347,170,12,6
724,1963,20,356,34,8,7
724,1963,20,401,172,18,8
724,1963,20,346,176,9,9
724,1963,20,428,172,21,10
724,1963,20,430,95,17,11
724,1963,20,408,170,10,12
724,1963,20,364,34,13,13
724,1963,20,432,170,20,14
724,1963,20,437,92,19,15
724,1963,20,438,92,22,16
724,1963,20,360,170,5,17
724,1963,20,289,66,4,18
724,1963,20,278,26,14,19
724,1963,20,435,6,7,20
724,1963,20,404,176,11,21
724,1963,20,385,66,3,22
724,1963,20,429,172,0,23
724,1963,20,420,97,0,24
724,1963,20,441,172,0,25
724,1963,20,442,177,0,26
724,1963,20,403,54,0,27
724,1963,20,394,54,0,28
724,1963,20,418,176,0,29
725,1963,14,373,172,3,1
725,1963,14,386,66,4,2
725,1963,14,360,170,8,3
725,1963,14,404,94,10,4
725,1963,14,356,34,7,5
725,1963,14,408,170,13,6
725,1963,14,347,170,11,7
725,1963,14,440,176,17,8
725,1963,14,427,66,20,9
725,1963,14,305,26,18,10
725,1963,14,403,54,14,11
725,1963,14,383,26,19,12
725,1963,14,374,172,9,13
725,1963,14,364,34,5,14
725,1963,14,394,54,25,15
725,1963,14,289,66,2,16
725,1963,14,346,176,16,17
725,1963,14,385,6,6,18
725,1963,14,418,176,12,19
725,1963,14,341,6,1,20
725,1963,14,278,26,0,21
725,1963,14,432,170,0,22
725,1963,14,420,97,0,23
725,1963,14,438,92,0,24
725,1963,14,430,95,0,25
725,1963,14,443,167,0,26
725,1963,14,429,172,0,27
725,1963,14,444,179,0,28
725,1963,14,423,95,0,29
725,1963,14,437,92,0,30
725,1963,14,445,176,0,31
725,1963,14,446,95,0,32
725,1963,14,447,173,0,33
726,1963,46,289,66,1,1
726,1963,46,386,66,4,2
726,1963,46,373,172,2,3
726,1963,46,356,34,5,4
726,1963,46,385,6,9,5
726,1963,46,430,95,19,6
726,1963,46,448,98,21,7
726,1963,46,347,170,12,8
726,1963,46,341,6,3,9
726,1963,46,440,176,16,10
726,1963,46,360,170,11,11
726,1963,46,346,176,14,12
726,1963,46,408,170,10,13
726,1963,46,449,176,17,14
726,1963,46,364,34,6,15
726,1963,46,345,172,13,16
726,1963,46,401,172,7,17
726,1963,46,418,26,8,18
726,1963,46,434,176,18,19
726,1963,46,403,54,15,20
726,1963,46,394,54,20,21
726,1963,46,433,172,0,22
726,1963,46,404,176,0,23
726,1963,46,450,98,0,24
727,1963,32,373,172,1,1
727,1963,32,356,34,10,2
727,1963,32,386,66,5,3
727,1963,32,289,66,3,4
727,1963,32,347,170,8,5
727,1963,32,364,34,4,6
727,1963,32,434,176,16,7
727,1963,32,440,176,15,8
727,1963,32,346,176,9,9
727,1963,32,430,95,18,10
727,1963,32,382,66,11,11
727,1963,32,403,54,17,12
727,1963,32,385,6,7,13
727,1963,32,360,170,6,14
727,1963,32,345,172,20,15
727,1963,32,418,26,14,16
727,1963,32,341,6,2,17
727,1963,32,401,172,12,18
727,1963,32,394,54,21,19
727,1963,32,278,176,19,20
727,1963,32,408,170,13,21
727,1963,32,451,170,0,22
727,1963,32,433,32,0,23
727,1963,32,404,176,0,24
727,1963,32,452,172,0,25
729,1962,39,289,66,2,1
729,1962,39,401,172,10,2
729,1962,39,403,6,9,3
729,1962,39,394,6,12,4
729,1962,39,408,170,15,5
729,1962,39,430,95,14,6
729,1962,39,347,95,13,7
729,1962,39,453,170,7,8
729,1962,39,373,172,3,9
729,1962,39,454,6,11,10
729,1962,39,386,66,7,11
729,1962,39,404,172,6,12
729,1962,39,418,172,16,13
729,1962,39,455,99,20,14
729,1962,39,364,95,8,15
729,1962,39,360,170,5,16
729,1962,39,456,26,17,17
729,1962,39,341,26,1,18
729,1962,39,356,172,4,19
729,1962,39,457,95,10,20
729,1962,39,458,95,0,21
729,1962,39,427,172,0,22
730,1962,6,360,170,3,1
730,1962,6,403,6,9,2
730,1962,6,385,6,10,3
730,1962,6,341,26,11,4
730,1962,6,347,95,18,5
730,1962,6,289,66,2,6
730,1962,6,435,6,4,7
730,1962,6,356,172,6,8
730,1962,6,404,172,8,9
730,1962,6,373,172,1,10
730,1962,6,456,26,12,11
730,1962,6,408,170,19,12
730,1962,6,401,172,17,13
730,1962,6,364,95,5,14
730,1962,6,427,172,7,15
730,1962,6,386,66,14,16
730,1962,6,346,172,0,17
730,1962,6,453,66,0,18
730,1962,6,418,176,0,19
730,1962,6,430,95,0,20
730,1962,6,425,172,0,21
730,1962,6,454,6,0,22
730,1962,6,424,175,0,23
730,1962,6,459,66,0,24
731,1962,13,373,172,13,1
731,1962,13,289,66,1,2
731,1962,13,403,6,4,3
731,1962,13,454,6,7,4
731,1962,13,341,26,11,5
731,1962,13,356,172,15,6
731,1962,13,430,95,13,7
731,1962,13,427,172,16,8
731,1962,13,376,172,18,9
731,1962,13,346,172,17,10
731,1962,13,436,172,19,11
731,1962,13,401,172,3,12
731,1962,13,435,6,6,13
731,1962,13,386,66,9,14
731,1962,13,408,170,10,15
731,1962,13,360,170,2,16
731,1962,13,418,176,8,17
731,1962,13,404,172,5,18
731,1962,13,394,6,14,19
731,1962,13,364,176,0,20
731,1962,13,459,66,0,21
731,1962,13,453,66,0,22
731,1962,13,460,66,0,23
731,1962,13,456,26,0,24
731,1962,13,461,95,0,25
731,1962,13,347,95,0,26
732,1962,53,364,95,6,1
732,1962,53,408,170,11,2
732,1962,53,386,66,10,3
732,1962,53,360,170,3,4
732,1962,53,341,26,5,5
732,1962,53,430,95,17,6
732,1962,53,427,172,13,7
732,1962,53,401,172,12,8
732,1962,53,289,66,2,9
732,1962,53,347,95,9,10
732,1962,53,373,172,1,11
732,1962,53,453,87,16,12
732,1962,53,456,26,14,13
732,1962,53,418,176,7,14
732,1962,53,356,172,4,15
732,1962,53,346,176,15,16
732,1962,53,404,172,8,17
732,1962,53,397,32,0,18
732,1962,53,459,66,0,19
732,1962,53,462,95,0,20
732,1962,53,446,172,0,21
732,1962,53,437,170,0,22
733,1962,58,373,172,1,1
733,1962,58,341,26,2,2
733,1962,58,360,170,4,3
733,1962,58,289,66,5,4
733,1962,58,356,172,9,5
733,1962,58,408,170,13,6
733,1962,58,418,172,14,7
733,1962,58,401,172,10,8
733,1962,58,364,95,6,9
733,1962,58,453,170,15,10
733,1962,58,438,99,19,11
733,1962,58,437,170,16,12
733,1962,58,386,66,8,13
733,1962,58,430,95,17,14
733,1962,58,463,172,20,15
733,1962,58,404,172,3,16
733,1962,58,403,6,12,17
733,1962,58,456,26,11,18
733,1962,58,347,95,7,19
733,1962,58,455,176,21,20
733,1962,58,464,172,18,21
733,1962,58,465,172,0,22
733,1962,58,427,172,0,23
733,1962,58,436,99,0,24
733,1962,58,465,97,0,25
733,1962,58,346,176,0,26
734,1962,20,289,66,2,1
734,1962,20,341,26,4,2
734,1962,20,364,95,1,3
734,1962,20,373,172,3,4
734,1962,20,360,170,5,5
734,1962,20,454,6,10,6
734,1962,20,347,95,6,7
734,1962,20,386,66,7,8
734,1962,20,408,170,23,9
734,1962,20,394,6,13,10
734,1962,20,437,170,16,11
734,1962,20,346,172,17,12
734,1962,20,430,95,8,13
734,1962,20,466,95,14,14
734,1962,20,425,95,15,15
734,1962,20,376,100,25,16
734,1962,20,453,170,21,17
734,1962,20,403,6,12,18
734,1962,20,356,34,24,19
734,1962,20,465,97,19,20
734,1962,20,456,26,9,21
734,1962,20,427,172,11,22
734,1962,20,385,6,18,23
734,1962,20,461,176,20,24
734,1962,20,428,170,22,25
734,1962,20,401,172,26,26
734,1962,20,464,172,0,27
734,1962,20,455,176,0,28
734,1962,20,463,172,0,29
734,1962,20,445,176,0,30
734,1962,20,459,66,0,31
735,1962,14,289,66,2,1
735,1962,14,386,66,3,2
735,1962,14,360,170,4,3
735,1962,14,435,6,10,4
735,1962,14,394,6,18,5
735,1962,14,347,95,9,6
735,1962,14,408,170,12,7
735,1962,14,385,6,17,8
735,1962,14,425,172,14,9
735,1962,14,430,95,20,10
735,1962,14,403,6,15,11
735,1962,14,418,176,6,12
735,1962,14,364,95,7,13
735,1962,14,454,6,11,14
735,1962,14,404,172,5,15
735,1962,14,341,26,8,16
735,1962,14,456,26,13,17
735,1962,14,401,172,16,18
735,1962,14,438,99,21,19
735,1962,14,427,172,19,20
735,1962,14,373,172,1,21
735,1962,14,464,176,0,22
735,1962,14,465,97,0,23
735,1962,14,460,172,0,24
735,1962,14,437,170,0,25
735,1962,14,346,176,0,26
735,1962,14,467,172,0,27
735,1962,14,444,174,0,28
735,1962,14,463,172,0,29
735,1962,14,439,86,0,30
735,1962,14,442,177,0,31
736,1962,46,373,172,1,1
736,1962,46,289,66,3,2
736,1962,46,360,170,6,3
736,1962,46,356,34,5,4
736,1962,46,364,95,4,5
736,1962,46,418,176,7,6
736,1962,46,408,170,10,7
736,1962,46,404,172,16,8
736,1962,46,468,172,13,9
736,1962,46,469,172,17,10
736,1962,46,434,170,15,11
736,1962,46,401,172,8,12
736,1962,46,347,95,9,13
736,1962,46,386,66,2,14
736,1962,46,427,172,19,15
736,1962,46,470,170,12,16
736,1962,46,341,26,20,17
736,1962,46,430,95,14,18
736,1962,46,456,26,0,19
736,1962,46,440,172,0,20
737,1962,56,289,66,2,1
737,1962,56,360,170,8,2
737,1962,56,408,170,6,3
737,1962,56,356,34,3,4
737,1962,56,404,172,4,5
737,1962,56,410,172,10,6
737,1962,56,386,66,7,7
737,1962,56,340,170,12,8
737,1962,56,471,66,17,9
737,1962,56,413,172,13,10
737,1962,56,430,95,16,11
737,1962,56,373,172,1,12
737,1962,56,411,89,14,13
737,1962,56,456,26,11,14
737,1962,56,472,178,15,15
737,1962,56,341,26,5,16
737,1962,56,401,172,9,17
737,1962,56,473,172,0,18
737,1962,56,474,172,0,19
737,1962,56,438,99,0,20
737,1962,56,368,172,0,21
738,1961,6,475,172,1,1
738,1961,6,386,6,2,2
738,1961,6,403,6,5,3
738,1961,6,476,6,6,4
738,1961,6,364,95,11,5
738,1961,6,360,170,7,6
738,1961,6,427,167,16,7
738,1961,6,477,172,15,8
738,1961,6,478,95,13,9
738,1961,6,373,172,3,10
738,1961,6,341,170,12,11
738,1961,6,347,95,9,12
738,1961,6,479,66,8,13
738,1961,6,480,172,14,14
738,1961,6,356,170,21,15
738,1961,6,289,66,4,16
738,1961,6,404,172,0,17
738,1961,6,481,172,0,18
738,1961,6,418,170,0,19
738,1961,6,376,99,0,20
738,1961,6,482,99,0,21
739,1961,39,476,6,2,1
739,1961,39,403,6,1,2
739,1961,39,373,172,11,3
739,1961,39,475,172,4,4
739,1961,39,386,6,3,5
739,1961,39,356,170,7,6
739,1961,39,341,170,9,7
739,1961,39,289,66,5,8
739,1961,39,479,66,8,9
739,1961,39,364,95,6,10
739,1961,39,347,95,12,11
739,1961,39,360,170,14,12
739,1961,39,401,172,16,13
739,1961,39,430,95,17,14
739,1961,39,478,95,13,15
739,1961,39,418,170,0,16
739,1961,39,437,172,0,17
740,1961,13,403,6,1,1
740,1961,13,476,6,2,2
740,1961,13,386,6,5,3
740,1961,13,482,6,3,4
740,1961,13,341,170,4,5
740,1961,13,364,95,10,6
740,1961,13,347,95,9,7
740,1961,13,475,172,8,8
740,1961,13,453,170,13,9
740,1961,13,418,170,12,10
740,1961,13,430,95,14,11
740,1961,13,373,172,16,12
740,1961,13,479,66,7,13
740,1961,13,289,66,6,14
740,1961,13,427,167,20,15
740,1961,13,385,167,17,16
740,1961,13,356,170,11,17
740,1961,13,360,170,15,18
740,1961,13,404,172,18,19
740,1961,13,376,172,23,20
740,1961,13,435,172,19,21
740,1961,13,459,172,0,22
740,1961,13,455,172,0,23
740,1961,13,437,172,0,24
740,1961,13,477,172,0,25
740,1961,13,481,172,0,26
741,1961,55,394,6,12,1
741,1961,55,364,95,5,2
741,1961,55,373,172,9,3
741,1961,55,404,172,10,4
741,1961,55,360,170,8,5
741,1961,55,289,66,6,6
741,1961,55,347,95,13,7
741,1961,55,456,170,15,8
741,1961,55,403,6,1,9
741,1961,55,481,172,25,10
741,1961,55,480,172,22,11
741,1961,55,418,170,16,12
741,1961,55,427,167,23,13
741,1961,55,437,172,24,14
741,1961,55,386,6,3,15
741,1961,55,475,172,4,16
741,1961,55,435,172,20,17
741,1961,55,430,95,17,18
741,1961,55,376,172,19,19
741,1961,55,476,6,2,20
741,1961,55,483,174,26,21
741,1961,55,356,170,14,22
741,1961,55,428,170,21,23
741,1961,55,341,170,7,24
741,1961,55,479,66,11,25
741,1961,55,453,170,18,26
741,1961,55,455,172,0,27
741,1961,55,485,172,0,28
741,1961,55,478,95,0,29
741,1961,55,482,99,0,30
741,1961,55,484,101,0,31
742,1961,58,476,6,4,1
742,1961,58,403,6,1,2
742,1961,58,386,6,2,3
742,1961,58,356,170,9,4
742,1961,58,347,95,3,5
742,1961,58,456,170,13,6
742,1961,58,364,95,12,7
742,1961,58,360,170,14,8
742,1961,58,479,66,6,9
742,1961,58,404,172,7,10
742,1961,58,418,170,16,11
742,1961,58,385,167,21,12
742,1961,58,408,172,24,13
742,1961,58,437,172,25,14
742,1961,58,465,97,26,15
742,1961,58,430,95,18,16
742,1961,58,455,172,22,17
742,1961,58,373,172,8,18
742,1961,58,475,102,20,19
742,1961,58,376,172,30,20
742,1961,58,475,172,5,21
742,1961,58,289,66,11,22
742,1961,58,394,6,19,23
742,1961,58,459,172,27,24
742,1961,58,341,170,10,25
742,1961,58,441,172,29,26
742,1961,58,453,170,15,27
742,1961,58,460,172,26,28
742,1961,58,481,172,17,29
742,1961,58,487,167,28,30
742,1961,58,482,99,0,31
743,1961,20,475,172,3,1
743,1961,20,476,6,5,2
743,1961,20,403,6,1,3
743,1961,20,373,172,8,4
743,1961,20,341,170,10,5
743,1961,20,360,170,12,6
743,1961,20,364,95,7,7
743,1961,20,386,6,14,8
743,1961,20,453,170,18,9
743,1961,20,456,170,15,10
743,1961,20,408,172,22,11
743,1961,20,437,170,24,12
743,1961,20,478,95,11,13
743,1961,20,430,95,17,14
743,1961,20,459,172,20,15
743,1961,20,460,172,25,16
743,1961,20,435,6,13,17
743,1961,20,427,167,21,18
743,1961,20,428,170,26,19
743,1961,20,385,167,19,20
743,1961,20,479,66,9,21
743,1961,20,347,95,4,22
743,1961,20,455,172,23,23
743,1961,20,289,66,16,24
743,1961,20,404,172,6,25
743,1961,20,356,170,2,26
743,1961,20,431,95,0,27
743,1961,20,418,170,0,28
743,1961,20,480,172,0,29
743,1961,20,488,103,0,30
743,1961,20,489,170,0,31
743,1961,20,490,170,0,32
743,1961,20,436,170,0,33
744,1961,14,403,6,4,1
744,1961,14,364,95,12,2
744,1961,14,360,170,14,3
744,1961,14,453,170,16,4
744,1961,14,479,66,13,5
744,1961,14,456,170,18,6
744,1961,14,430,95,15,7
744,1961,14,385,167,21,8
744,1961,14,427,167,22,9
744,1961,14,441,172,27,10
744,1961,14,481,172,23,11
744,1961,14,489,167,29,12
744,1961,14,475,172,11,13
744,1961,14,386,6,3,14
744,1961,14,447,173,30,15
744,1961,14,347,95,8,16
744,1961,14,454,6,2,17
744,1961,14,394,6,6,18
744,1961,14,425,175,20,19
744,1961,14,418,172,17,20
744,1961,14,289,66,5,21
744,1961,14,356,170,10,22
744,1961,14,484,101,31,23
744,1961,14,404,172,9,24
744,1961,14,486,170,26,25
744,1961,14,341,170,19,26
744,1961,14,476,6,1,27
744,1961,14,373,172,7,28
744,1961,14,424,175,24,29
744,1961,14,455,172,28,30
744,1961,14,444,174,32,31
744,1961,14,460,172,25,32
744,1961,14,429,99,0,33
744,1961,14,431,95,0,34
744,1961,14,487,167,0,35
744,1961,14,491,170,0,36
744,1961,14,467,172,0,37
744,1961,14,492,170,0,38
744,1961,14,480,172,0,39
745,1961,46,404,172,8,1
745,1961,46,364,95,7,2
745,1961,46,479,66,5,3
745,1961,46,360,170,4,4
745,1961,46,289,66,2,5
745,1961,46,347,95,10,6
745,1961,46,373,172,6,7
745,1961,46,468,170,16,8
745,1961,46,493,172,13,9
745,1961,46,434,170,17,10
745,1961,46,482,172,15,11
745,1961,46,456,170,12,12
745,1961,46,440,172,18,13
745,1961,46,494,172,19,14
745,1961,46,475,172,3,15
745,1961,46,356,170,1,16
745,1961,46,418,172,11,17
745,1961,46,433,170,14,18
745,1961,46,341,170,9,19
745,1961,46,495,172,0,20
746,1960,25,360,170,13,1
746,1960,25,477,6,7,2
746,1960,25,427,170,8,3
746,1960,25,496,167,12,4
746,1960,25,476,6,5,5
746,1960,25,404,32,2,6
746,1960,25,347,66,4,7
746,1960,25,403,6,6,8
746,1960,25,497,32,15,9
746,1960,25,498,6,11,10
746,1960,25,499,167,17,11
746,1960,25,418,104,16,12
746,1960,25,500,105,19,13
746,1960,25,439,105,20,14
746,1960,25,501,170,9,15
746,1960,25,356,170,10,16
746,1960,25,475,170,1,17
746,1960,25,289,66,3,18
746,1960,25,502,32,14,19
746,1960,25,503,105,21,20
746,1960,25,504,105,22,21
746,1960,25,483,105,18,22
747,1960,6,475,32,1,1
747,1960,6,360,170,11,2
747,1960,6,403,6,10,3
747,1960,6,479,170,3,4
747,1960,6,347,66,5,5
747,1960,6,386,6,9,6
747,1960,6,289,66,6,7
747,1960,6,476,6,8,8
747,1960,6,404,32,7,9
747,1960,6,364,66,14,10
747,1960,6,356,170,2,11
747,1960,6,456,170,12,12
747,1960,6,502,32,13,13
747,1960,6,505,170,4,14
747,1960,6,341,32,15,15
747,1960,6,427,167,16,16
747,1960,6,506,170,0,17
747,1960,6,477,6,0,18
747,1960,6,484,101,0,19
747,1960,6,418,167,0,20
747,1960,6,507,106,0,21
747,1960,6,483,171,0,22
747,1960,6,508,106,0,23
747,1960,6,437,167,0,24
748,1960,19,509,107,2,1
748,1960,19,449,107,3,2
748,1960,19,510,108,26,3
748,1960,19,511,109,8,4
748,1960,19,512,110,17,5
748,1960,19,513,111,7,6
748,1960,19,494,107,12,7
748,1960,19,514,112,25,8
748,1960,19,515,111,28,9
748,1960,19,516,113,14,10
748,1960,19,517,108,22,11
748,1960,19,518,114,27,12
748,1960,19,519,114,31,13
748,1960,19,520,113,24,14
748,1960,19,521,107,9,15
748,1960,19,522,112,21,16
748,1960,19,523,113,19,17
748,1960,19,524,115,23,18
748,1960,19,525,108,10,19
748,1960,19,526,107,6,20
748,1960,19,527,116,1,21
748,1960,19,528,113,11,22
748,1960,19,529,107,18,23
748,1960,19,530,108,15,24
748,1960,19,531,113,16,25
748,1960,19,532,113,29,26
748,1960,19,533,108,13,27
748,1960,19,534,113,20,28
748,1960,19,535,108,32,29
748,1960,19,536,107,5,30
748,1960,19,537,107,4,31
748,1960,19,538,116,30,32
748,1960,19,539,113,33,33
749,1960,39,356,170,2,1
749,1960,39,404,32,3,2
749,1960,39,289,66,5,3
749,1960,39,475,32,1,4
749,1960,39,476,6,15,5
749,1960,39,386,6,12,6
749,1960,39,481,170,14,7
749,1960,39,430,170,18,8
749,1960,39,502,32,8,9
749,1960,39,347,66,4,10
749,1960,39,403,6,13,11
749,1960,39,373,32,11,12
749,1960,39,427,167,17,13
749,1960,39,364,66,6,14
749,1960,39,505,170,7,15
749,1960,39,360,170,9,16
749,1960,39,479,170,10,17
749,1960,39,456,117,0,18
749,1960,39,418,167,0,19
749,1960,39,508,106,0,20
749,1960,39,507,106,0,21
750,1960,13,356,170,1,1
750,1960,13,360,170,14,2
750,1960,13,482,170,5,3
750,1960,13,403,6,4,4
750,1960,13,373,32,10,5
750,1960,13,376,170,15,6
750,1960,13,289,66,6,7
750,1960,13,502,32,17,8
750,1960,13,435,6,13,9
750,1960,13,476,6,11,10
750,1960,13,505,170,9,11
750,1960,13,507,106,18,12
750,1960,13,347,66,7,13
750,1960,13,404,32,8,14
750,1960,13,364,66,12,15
750,1960,13,479,170,2,16
750,1960,13,508,106,16,17
750,1960,13,475,32,3,18
750,1960,13,540,32,19,19
751,1960,55,356,170,1,1
751,1960,55,482,170,9,2
751,1960,55,360,170,7,3
751,1960,55,481,170,12,4
751,1960,55,373,32,10,5
751,1960,55,541,32,14,6
751,1960,55,404,32,4,7
751,1960,55,506,170,15,8
751,1960,55,418,167,17,9
751,1960,55,437,167,22,10
751,1960,55,476,6,5,11
751,1960,55,403,6,2,12
751,1960,55,347,66,8,13
751,1960,55,376,170,15,14
751,1960,55,364,66,6,15
751,1960,55,500,171,19,16
751,1960,55,435,6,11,17
751,1960,55,479,118,13,18
751,1960,55,289,66,3,19
751,1960,55,427,167,18,20
751,1960,55,386,106,20,21
751,1960,55,542,32,21,22
751,1960,55,507,106,23,23
752,1960,9,356,170,1,1
752,1960,9,341,32,11,2
752,1960,9,404,32,5,3
752,1960,9,360,170,3,4
752,1960,9,479,170,9,5
752,1960,9,476,6,7,6
752,1960,9,403,6,10,7
752,1960,9,481,170,16,8
752,1960,9,482,170,12,9
752,1960,9,364,66,6,10
752,1960,9,427,117,21,11
752,1960,9,542,32,24,12
752,1960,9,484,101,18,13
752,1960,9,418,167,14,14
752,1960,9,500,171,25,15
752,1960,9,373,32,8,16
752,1960,9,289,66,2,17
752,1960,9,376,170,17,18
752,1960,9,347,66,4,19
752,1960,9,507,170,19,20
752,1960,9,437,167,20,21
752,1960,9,456,117,13,22
752,1960,9,486,170,15,23
752,1960,9,465,167,22,24
752,1960,9,508,170,0,25
753,1960,59,356,170,3,1
753,1960,59,360,170,6,2
753,1960,59,373,32,8,3
753,1960,59,476,6,9,4
753,1960,59,479,170,12,5
753,1960,59,404,32,7,6
753,1960,59,482,170,14,7
753,1960,59,475,32,4,8
753,1960,59,432,167,15,9
753,1960,59,341,32,1,10
753,1960,59,403,6,10,11
753,1960,59,364,66,2,12
753,1960,59,418,167,11,13
753,1960,59,289,66,5,14
753,1960,59,347,66,13,15
754,1960,14,403,6,1,1
754,1960,14,386,6,2,2
754,1960,14,435,6,3,3
754,1960,14,543,171,4,4
754,1960,14,476,6,6,5
754,1960,14,478,95,10,6
754,1960,14,431,95,12,7
754,1960,14,544,170,15,8
754,1960,14,455,170,13,9
754,1960,14,545,104,14,10
754,1960,14,484,101,7,11
754,1960,14,491,167,9,12
754,1960,14,500,171,8,13
754,1960,14,483,167,5,14
754,1960,14,398,170,16,15
754,1960,14,546,170,11,16
754,1960,14,547,105,0,17
755,1960,60,475,32,1,1
755,1960,60,404,32,7,2
755,1960,60,360,170,10,3
755,1960,60,356,170,2,4
755,1960,60,347,66,4,5
755,1960,60,403,170,13,6
755,1960,60,440,32,12,7
755,1960,60,456,170,15,8
755,1960,60,476,167,16,9
755,1960,60,507,106,18,10
755,1960,60,353,171,20,11
755,1960,60,482,170,8,12
755,1960,60,548,105,22,13
755,1960,60,481,170,14,14
755,1960,60,427,167,19,15
755,1960,60,373,32,5,16
755,1960,60,289,66,11,17
755,1960,60,437,167,23,18
755,1960,60,484,167,17,19
755,1960,60,364,66,3,20
755,1960,60,541,170,21,21
755,1960,60,479,170,9,22
755,1960,60,341,32,6,23
756,1959,6,356,170,3,1
756,1959,6,479,6,4,2
756,1959,6,427,170,6,3
756,1959,6,403,6,5,4
756,1959,6,360,170,13,5
756,1959,6,456,167,8,6
756,1959,6,475,170,1,7
756,1959,6,541,66,10,8
756,1959,6,501,66,9,9
756,1959,6,347,66,7,10
756,1959,6,554,6,2,11
756,1959,6,289,32,14,12
756,1959,6,418,170,11,13
756,1959,6,476,95,12,14
756,1959,6,477,6,15,15
756,1959,6,506,32,16,16
756,1959,6,549,170,0,17
756,1959,6,483,105,0,18
756,1959,6,550,170,0,19
756,1959,6,376,170,0,20
756,1959,6,551,95,0,21
756,1959,6,353,32,0,22
756,1959,6,552,170,0,23
756,1959,6,553,105,0,24
757,1959,19,449,107,6,1
757,1959,19,509,107,3,2
757,1959,19,512,110,1,3
757,1959,19,529,108,15,4
757,1959,19,510,108,16,5
757,1959,19,533,108,11,6
757,1959,19,518,113,12,7
757,1959,19,513,113,8,8
757,1959,19,555,113,27,9
757,1959,19,531,114,17,10
757,1959,19,520,114,9,11
757,1959,19,514,119,7,12
757,1959,19,538,120,23,13
757,1959,19,556,113,13,14
757,1959,19,557,113,21,15
757,1959,19,535,113,33,16
757,1959,19,527,114,2,17
757,1959,19,558,114,28,18
757,1959,19,559,107,18,19
757,1959,19,537,107,4,20
757,1959,19,560,114,30,21
757,1959,19,528,113,25,22
757,1959,19,561,121,32,23
757,1959,19,511,109,10,24
757,1959,19,516,113,24,25
757,1959,19,522,113,5,26
757,1959,19,562,115,14,27
757,1959,19,563,113,29,28
757,1959,19,564,113,19,29
757,1959,19,565,122,31,30
757,1959,19,517,113,26,31
757,1959,19,536,110,22,32
757,1959,19,525,108,20,33
758,1959,39,347,66,1,1
758,1959,39,356,170,2,2
758,1959,39,418,170,7,3
758,1959,39,404,32,9,4
758,1959,39,554,6,4,5
758,1959,39,403,6,12,6
758,1959,39,289,32,5,7
758,1959,39,427,170,11,8
758,1959,39,477,6,15,9
758,1959,39,430,95,14,10
758,1959,39,475,170,3,11
758,1959,39,501,66,6,12
758,1959,39,479,6,8,13
758,1959,39,566,117,10,14
758,1959,39,456,117,13,15
759,1959,55,479,6,1,1
759,1959,55,403,6,3,2
759,1959,55,356,170,2,3
759,1959,55,482,6,11,4
759,1959,55,360,170,10,5
759,1959,55,541,66,13,6
759,1959,55,501,66,9,7
759,1959,55,483,105,21,8
759,1959,55,430,105,20,9
759,1959,55,567,105,18,10
759,1959,55,427,170,8,11
759,1959,55,475,66,4,12
759,1959,55,554,6,5,13
759,1959,55,456,167,16,14
759,1959,55,364,6,12,15
759,1959,55,404,32,15,16
759,1959,55,437,167,19,17
759,1959,55,418,170,7,18
759,1959,55,289,32,14,19
759,1959,55,462,167,17,20
759,1959,55,347,66,6,21
759,1959,55,568,105,0,22
760,1959,58,356,170,1,1
760,1959,58,475,66,7,2
760,1959,58,360,170,8,3
760,1959,58,501,66,3,4
760,1959,58,427,170,4,5
760,1959,58,456,117,2,6
760,1959,58,418,170,5,7
760,1959,58,502,32,12,8
760,1959,58,289,32,9,9
760,1959,58,505,169,16,10
760,1959,58,481,170,21,11
760,1959,58,569,170,23,12
760,1959,58,549,169,18,13
760,1959,58,566,117,6,14
760,1959,58,567,105,20,15
760,1959,58,541,66,11,16
760,1959,58,486,170,15,17
760,1959,58,347,66,10,18
760,1959,58,437,167,13,19
760,1959,58,478,167,19,20
760,1959,58,542,32,22,21
760,1959,58,484,101,14,22
760,1959,58,540,170,24,23
760,1959,58,479,118,17,24
760,1959,58,465,170,0,25
760,1959,58,570,170,0,26
760,1959,58,387,123,0,27
760,1959,58,571,32,0,28
760,1959,58,401,170,0,29
760,1959,58,441,170,0,30
761,1959,61,479,6,1,1
761,1959,61,364,6,3,2
761,1959,61,403,6,6,3
761,1959,61,427,170,12,4
761,1959,61,347,66,7,5
761,1959,61,437,167,15,6
761,1959,61,501,66,8,7
761,1959,61,360,170,9,8
761,1959,61,478,66,11,9
761,1959,61,418,170,5,10
761,1959,61,356,170,4,11
761,1959,61,289,32,10,12
761,1959,61,404,32,13,13
761,1959,61,477,6,14,14
761,1959,61,475,170,2,15
762,1959,62,475,170,1,1
762,1959,62,418,170,3,2
762,1959,62,364,6,6,3
762,1959,62,427,170,4,4
762,1959,62,501,66,9,5
762,1959,62,456,117,12,6
762,1959,62,541,66,11,7
762,1959,62,566,117,13,8
762,1959,62,479,6,10,9
762,1959,62,432,167,14,10
762,1959,62,360,170,8,11
762,1959,62,356,170,2,12
762,1959,62,347,66,5,13
762,1959,62,403,6,7,14
762,1959,62,289,32,15,15
762,1959,62,404,32,16,16
763,1959,14,475,170,1,1
763,1959,14,403,6,5,2
763,1959,14,356,170,3,3
763,1959,14,364,6,4,4
763,1959,14,477,6,8,5
763,1959,14,482,6,6,6
763,1959,14,501,66,7,7
763,1959,14,347,66,11,8
763,1959,14,427,170,13,9
763,1959,14,566,117,19,10
763,1959,14,462,167,18,11
763,1959,14,483,170,12,12
763,1959,14,541,66,15,13
763,1959,14,437,167,16,14
763,1959,14,543,105,21,15
763,1959,14,456,117,17,16
763,1959,14,360,170,9,17
763,1959,14,486,167,12,18
763,1959,14,404,32,14,19
763,1959,14,289,32,10,20
763,1959,14,479,6,2,21
764,1959,63,360,170,10,1
764,1959,63,427,170,5,2
764,1959,63,479,6,4,3
764,1959,63,356,170,2,4
764,1959,63,404,32,9,5
764,1959,63,476,6,6,6
764,1959,63,572,95,16,7
764,1959,63,477,6,11,8
764,1959,63,456,167,11,9
764,1959,63,449,113,19,10
764,1959,63,573,168,14,11
764,1959,63,403,6,8,12
764,1959,63,567,124,17,13
764,1959,63,475,170,1,14
764,1959,63,501,170,3,15
764,1959,63,574,169,15,16
764,1959,63,502,32,12,17
764,1959,63,575,125,13,18
764,1959,63,576,105,0,19
765,1958,25,475,87,7,1
765,1958,25,577,6,5,2
765,1958,25,578,6,2,3
765,1958,25,579,105,1,4
765,1958,25,554,105,4,5
765,1958,25,501,105,8,6
765,1958,25,496,105,6,7
765,1958,25,580,105,9,8
765,1958,25,547,105,10,9
765,1958,25,581,6,3,10
766,1958,6,427,87,5,1
766,1958,6,577,6,10,2
766,1958,6,581,6,9,3
766,1958,6,356,87,3,4
766,1958,6,501,66,12,5
766,1958,6,477,32,13,6
766,1958,6,476,6,11,7
766,1958,6,347,105,16,8
766,1958,6,289,32,15,9
766,1958,6,456,87,4,10
766,1958,6,578,6,6,11
766,1958,6,475,118,8,12
766,1958,6,554,66,2,13
766,1958,6,483,105,14,14
766,1958,6,479,118,1,15
766,1958,6,590,118,7,16
766,1958,6,541,87,0,17
766,1958,6,582,105,0,18
766,1958,6,583,105,0,19
766,1958,6,584,125,0,20
766,1958,6,585,125,0,21
766,1958,6,551,105,0,22
766,1958,6,553,105,0,23
766,1958,6,543,127,0,24
766,1958,6,586,127,0,25
766,1958,6,547,105,0,26
766,1958,6,541,66,0,27
766,1958,6,587,125,0,28
766,1958,6,588,105,0,29
766,1958,6,589,105,0,30
766,1958,6,580,105,0,31
767,1958,39,475,118,2,1
767,1958,39,501,66,7,2
767,1958,39,554,66,4,3
767,1958,39,456,87,9,4
767,1958,39,578,6,6,5
767,1958,39,477,32,11,6
767,1958,39,577,6,12,7
767,1958,39,356,87,5,8
767,1958,39,427,87,8,9
767,1958,39,347,105,15,10
767,1958,39,430,95,17,11
767,1958,39,483,105,16,12
767,1958,39,590,118,1,13
767,1958,39,289,32,13,14
767,1958,39,581,6,10,15
767,1958,39,418,105,14,16
767,1958,39,479,118,3,17
767,1958,39,547,105,0,18
768,1958,19,525,108,7,1
768,1958,19,591,108,25,2
768,1958,19,533,113,8,3
768,1958,19,529,108,9,4
768,1958,19,509,108,20,5
768,1958,19,592,107,3,6
768,1958,19,528,109,13,7
768,1958,19,564,107,19,8
768,1958,19,513,113,26,9
768,1958,19,560,113,33,10
768,1958,19,558,113,21,11
768,1958,19,593,113,6,12
768,1958,19,594,114,30,13
768,1958,19,516,113,17,14
768,1958,19,539,114,32,15
768,1958,19,531,114,12,16
768,1958,19,565,113,31,17
768,1958,19,555,113,14,18
768,1958,19,523,113,23,19
768,1958,19,449,110,11,20
768,1958,19,595,113,15,21
768,1958,19,527,114,18,22
768,1958,19,512,113,22,23
768,1958,19,563,120,29,24
768,1958,19,562,110,10,25
768,1958,19,514,113,4,26
768,1958,19,537,107,1,27
768,1958,19,596,107,2,28
768,1958,19,597,113,5,29
768,1958,19,510,113,16,30
768,1958,19,598,113,24,31
768,1958,19,536,113,27,32
768,1958,19,599,114,28,33
769,1958,13,479,118,5,1
769,1958,13,578,6,1,2
769,1958,13,590,118,11,3
769,1958,13,477,32,12,4
769,1958,13,501,66,7,5
769,1958,13,482,6,6,6
769,1958,13,427,105,16,7
769,1958,13,456,87,13,8
769,1958,13,347,105,14,9
769,1958,13,551,105,19,10
769,1958,13,580,105,18,11
769,1958,13,356,87,8,12
769,1958,13,289,32,15,13
769,1958,13,577,6,2,14
769,1958,13,581,6,4,15
769,1958,13,554,66,10,16
769,1958,13,455,105,17,17
769,1958,13,475,118,9,18
769,1958,13,418,105,3,19
770,1958,55,578,6,1,1
770,1958,55,475,118,6,2
770,1958,55,476,6,21,3
770,1958,55,579,105,8,4
770,1958,55,581,6,4,5
770,1958,55,356,87,12,6
770,1958,55,403,105,13,7
770,1958,55,347,105,16,8
770,1958,55,583,105,15,9
770,1958,55,526,105,18,10
770,1958,55,456,87,14,11
770,1958,55,501,66,3,12
770,1958,55,554,66,9,13
770,1958,55,590,118,10,14
770,1958,55,289,32,19,15
770,1958,55,580,105,11,16
770,1958,55,427,66,7,17
770,1958,55,479,118,5,18
770,1958,55,577,6,2,19
770,1958,55,566,105,17,20
770,1958,55,477,32,20,21
771,1958,9,581,6,6,1
771,1958,9,578,6,4,2
771,1958,9,456,87,3,3
771,1958,9,590,118,7,4
771,1958,9,501,66,2,5
771,1958,9,356,87,10,6
771,1958,9,479,118,9,7
771,1958,9,427,87,12,8
771,1958,9,566,105,15,9
771,1958,9,476,6,11,10
771,1958,9,347,105,13,11
771,1958,9,583,105,18,12
771,1958,9,437,87,16,13
771,1958,9,475,118,1,14
771,1958,9,477,32,5,15
771,1958,9,554,66,8,16
771,1958,9,549,125,17,17
771,1958,9,502,32,20,18
771,1958,9,289,32,14,19
771,1958,9,486,125,19,20
772,1958,20,479,118,2,1
772,1958,20,456,87,6,2
772,1958,20,427,87,7,3
772,1958,20,476,6,5,4
772,1958,20,360,87,12,5
772,1958,20,431,95,13,6
772,1958,20,437,87,11,7
772,1958,20,459,87,14,8
772,1958,20,403,6,10,9
772,1958,20,477,32,24,10
772,1958,20,549,32,16,11
772,1958,20,578,6,1,12
772,1958,20,581,6,4,13
772,1958,20,455,87,17,14
772,1958,20,501,66,8,15
772,1958,20,600,87,23,16
772,1958,20,289,32,22,17
772,1958,20,554,66,9,18
772,1958,20,430,95,15,19
772,1958,20,478,105,20,20
772,1958,20,475,118,3,21
772,1958,20,601,87,18,22
772,1958,20,484,87,25,23
772,1958,20,356,87,19,24
772,1958,20,347,105,21,25
772,1958,20,526,105,0,26
773,1958,59,475,118,1,1
773,1958,59,578,6,2,2
773,1958,59,590,118,3,3
773,1958,59,554,66,4,4
773,1958,59,476,6,6,5
773,1958,59,501,66,7,6
773,1958,59,356,87,8,7
773,1958,59,427,87,9,8
773,1958,59,456,87,11,9
773,1958,59,566,105,10,10
773,1958,59,479,118,5,11
773,1958,59,289,32,12,12
773,1958,59,477,105,13,13
773,1958,59,347,105,14,14
773,1958,59,551,105,15,15
774,1958,14,479,118,2,1
774,1958,14,578,6,3,2
774,1958,14,403,6,7,3
774,1958,14,418,105,11,4
774,1958,14,456,87,14,5
774,1958,14,289,32,12,6
774,1958,14,477,32,16,7
774,1958,14,551,105,21,8
774,1958,14,543,105,20,9
774,1958,14,554,66,8,10
774,1958,14,478,105,18,11
774,1958,14,590,118,4,12
774,1958,14,427,87,13,13
774,1958,14,475,118,1,14
774,1958,14,347,66,10,15
774,1958,14,482,6,5,16
774,1958,14,583,105,19,17
774,1958,14,566,105,17,18
774,1958,14,476,6,6,19
774,1958,14,501,66,9,20
774,1958,14,356,87,15,21
775,1958,64,475,118,2,1
775,1958,64,578,6,1,2
775,1958,64,403,6,5,3
775,1958,64,347,66,8,4
775,1958,64,501,66,10,5
775,1958,64,418,105,13,6
775,1958,64,456,87,14,7
775,1958,64,486,87,11,8
775,1958,64,478,105,18,9
775,1958,64,477,32,16,10
775,1958,64,356,87,19,11
775,1958,64,583,105,17,12
775,1958,64,360,87,21,13
775,1958,64,602,87,23,14
775,1958,64,603,87,25,15
775,1958,64,289,32,12,16
775,1958,64,590,118,3,17
775,1958,64,604,87,24,18
775,1958,64,605,87,22,19
775,1958,64,479,118,7,20
775,1958,64,482,6,6,21
775,1958,64,554,66,4,22
775,1958,64,455,87,20,23
775,1958,64,541,66,15,24
775,1958,64,427,87,9,25
776,1957,25,579,105,2,1
776,1957,25,554,105,3,2
776,1957,25,496,105,8,3
776,1957,25,501,105,9,4
776,1957,25,606,6,10,5
776,1957,25,607,6,11,6
776,1957,25,347,105,13,7
776,1957,25,475,105,1,8
776,1957,25,573,6,12,9
776,1957,25,586,105,14,10
776,1957,25,608,6,4,11
776,1957,25,578,6,7,12
776,1957,25,577,6,6,13
776,1957,25,581,6,5,14
777,1957,6,579,105,1,1
777,1957,6,479,118,4,2
777,1957,6,418,105,10,3
777,1957,6,590,125,13,4
777,1957,6,427,6,6,5
777,1957,6,356,87,15,6
777,1957,6,476,6,9,7
777,1957,6,483,105,14,8
777,1957,6,541,66,11,9
777,1957,6,496,105,7,10
777,1957,6,549,125,16,11
777,1957,6,501,105,8,12
777,1957,6,547,105,12,13
777,1957,6,581,6,2,14
777,1957,6,475,118,3,15
777,1957,6,578,6,5,16
777,1957,6,456,66,0,17
777,1957,6,478,105,0,18
777,1957,6,609,105,0,19
777,1957,6,586,105,0,20
777,1957,6,610,87,0,21
778,1957,19,611,108,13,1
778,1957,19,509,108,32,2
778,1957,19,525,114,15,3
778,1957,19,555,113,10,4
778,1957,19,612,113,12,5
778,1957,19,533,113,5,6
778,1957,19,613,113,28,7
778,1957,19,597,113,1,8
778,1957,19,514,109,16,9
778,1957,19,520,110,14,10
778,1957,19,562,113,19,11
778,1957,19,512,114,11,12
778,1957,19,516,113,33,13
778,1957,19,563,114,25,14
778,1957,19,529,113,22,15
778,1957,19,593,113,17,16
778,1957,19,528,113,21,17
778,1957,19,592,113,6,18
778,1957,19,614,113,27,19
778,1957,19,594,113,31,20
778,1957,19,538,120,30,21
778,1957,19,615,113,4,22
778,1957,19,527,114,2,23
778,1957,19,565,113,18,24
778,1957,19,513,113,20,25
778,1957,19,560,113,23,26
778,1957,19,558,113,8,27
778,1957,19,556,113,29,28
778,1957,19,596,113,7,29
778,1957,19,449,110,24,30
778,1957,19,526,107,3,31
778,1957,19,532,113,26,32
778,1957,19,616,113,9,33
779,1957,53,579,105,1,1
779,1957,53,577,6,3,2
779,1957,53,581,6,5,3
779,1957,53,578,6,7,4
779,1957,53,501,105,4,5
779,1957,53,554,105,2,6
779,1957,53,617,87,15,7
779,1957,53,496,105,9,8
779,1957,53,590,118,10,9
779,1957,53,456,118,6,10
779,1957,53,618,66,12,11
779,1957,53,427,6,8,12
779,1957,53,356,87,13,13
779,1957,53,547,105,14,14
779,1957,53,541,66,11,15
780,1957,58,479,118,3,1
780,1957,58,577,6,10,2
780,1957,58,578,6,5,3
780,1957,58,427,6,9,4
780,1957,58,456,87,15,5
780,1957,58,619,87,18,6
780,1957,58,590,118,6,7
780,1957,58,549,105,19,8
780,1957,58,356,87,13,9
780,1957,58,554,105,2,10
780,1957,58,581,6,8,11
780,1957,58,475,118,1,12
780,1957,58,579,105,4,13
780,1957,58,486,66,16,14
780,1957,58,610,66,12,15
780,1957,58,501,105,7,16
780,1957,58,496,105,11,17
780,1957,58,347,105,17,18
780,1957,58,547,105,14,19
781,1957,20,579,105,1,1
781,1957,20,578,6,2,2
781,1957,20,581,6,4,3
781,1957,20,577,6,8,4
781,1957,20,475,118,7,5
781,1957,20,554,105,3,6
781,1957,20,501,105,6,7
781,1957,20,418,105,10,8
781,1957,20,479,118,5,9
781,1957,20,483,105,13,10
781,1957,20,506,105,16,11
781,1957,20,431,95,12,12
781,1957,20,484,87,17,13
781,1957,20,430,95,20,14
781,1957,20,459,87,22,15
781,1957,20,478,105,11,16
781,1957,20,620,95,15,17
781,1957,20,456,87,14,18
781,1957,20,580,105,21,19
781,1957,20,590,118,9,20
781,1957,20,356,87,18,21
781,1957,20,621,87,23,22
781,1957,20,601,87,24,23
781,1957,20,547,105,19,24
782,1957,65,475,118,2,1
782,1957,65,579,105,1,2
782,1957,65,501,105,5,3
782,1957,65,418,105,7,4
782,1957,65,590,118,8,5
782,1957,65,483,105,10,6
782,1957,65,356,87,16,7
782,1957,65,577,6,3,8
782,1957,65,580,105,12,9
782,1957,65,506,105,14,10
782,1957,65,347,105,9,11
782,1957,65,554,105,4,12
782,1957,65,456,87,15,13
782,1957,65,479,118,6,14
782,1957,65,547,105,11,15
782,1957,65,586,105,13,16
783,1957,14,475,118,2,1
783,1957,14,579,105,4,2
783,1957,14,476,6,8,3
783,1957,14,418,105,11,4
783,1957,14,483,105,12,5
783,1957,14,578,6,10,6
783,1957,14,479,118,3,7
783,1957,14,577,6,9,8
783,1957,14,580,105,15,9
783,1957,14,547,105,18,10
783,1957,14,609,105,16,11
783,1957,14,581,6,7,12
783,1957,14,590,118,1,13
783,1957,14,554,105,5,14
783,1957,14,506,105,14,15
783,1957,14,501,105,6,16
783,1957,14,347,105,13,17
783,1957,14,586,105,17,18
784,1956,25,577,6,3,1
784,1956,25,554,105,4,2
784,1956,25,578,105,8,3
784,1956,25,622,105,11,4
784,1956,25,482,6,10,5
784,1956,25,623,105,13,6
784,1956,25,475,105,7,7
784,1956,25,581,6,9,8
784,1956,25,586,105,12,9
784,1956,25,496,105,6,10
784,1956,25,608,6,2,11
784,1956,25,498,105,5,12
784,1956,25,579,6,1,13
785,1956,6,475,105,2,1
785,1956,6,581,6,9,2
785,1956,6,554,105,4,3
785,1956,6,579,6,1,4
785,1956,6,624,128,14,5
785,1956,6,625,128,11,6
785,1956,6,607,105,7,7
785,1956,6,547,105,16,8
785,1956,6,626,128,12,9
785,1956,6,627,105,15,10
785,1956,6,608,6,3,11
785,1956,6,427,118,6,12
785,1956,6,501,118,5,13
785,1956,6,577,6,8,14
785,1956,6,483,6,0,15
785,1956,6,578,66,0,16
785,1956,6,479,66,0,17
785,1956,6,589,105,0,18
786,1956,19,559,107,1,1
786,1956,19,611,113,13,2
786,1956,19,528,109,26,3
786,1956,19,593,113,6,4
786,1956,19,537,113,4,5
786,1956,19,628,114,10,6
786,1956,19,514,113,23,7
786,1956,19,449,113,15,8
786,1956,19,592,110,21,9
786,1956,19,629,129,30,10
786,1956,19,520,114,22,11
786,1956,19,615,113,7,12
786,1956,19,516,113,25,13
786,1956,19,558,113,28,14
786,1956,19,513,114,32,15
786,1956,19,595,114,29,16
786,1956,19,630,113,33,17
786,1956,19,597,113,3,18
786,1956,19,525,114,19,19
786,1956,19,509,113,2,20
786,1956,19,594,113,31,21
786,1956,19,529,113,5,22
786,1956,19,596,113,14,23
786,1956,19,556,113,16,24
786,1956,19,562,113,24,25
786,1956,19,631,113,20,26
786,1956,19,612,113,9,27
786,1956,19,538,113,27,28
786,1956,19,561,113,17,29
786,1956,19,533,113,12,30
786,1956,19,526,113,11,31
786,1956,19,512,114,18,32
786,1956,19,555,113,8,33
787,1956,13,581,6,3,1
787,1956,13,632,6,8,2
787,1956,13,607,105,9,3
787,1956,13,501,118,6,4
787,1956,13,633,105,11,5
787,1956,13,429,6,16,6
787,1956,13,554,105,4,7
787,1956,13,627,105,10,8
787,1956,13,579,6,1,9
787,1956,13,427,118,7,10
787,1956,13,475,105,2,11
787,1956,13,608,6,5,12
787,1956,13,634,125,12,13
787,1956,13,547,105,15,14
787,1956,13,580,105,13,15
788,1956,55,581,6,3,1
788,1956,55,608,6,2,2
788,1956,55,554,105,7,3
788,1956,55,579,6,1,4
788,1956,55,607,105,13,5
788,1956,55,627,105,12,6
788,1956,55,580,105,17,7
788,1956,55,624,128,14,8
788,1956,55,626,128,15,9
788,1956,55,578,118,6,10
788,1956,55,429,128,19,11
788,1956,55,609,105,20,12
788,1956,55,624,105,16,13
788,1956,55,482,6,11,14
788,1956,55,633,105,10,15
788,1956,55,606,6,9,16
788,1956,55,427,130,18,17
788,1956,55,475,105,8,18
788,1956,55,501,118,4,19
788,1956,55,635,118,5,20
789,1956,9,579,6,2,1
789,1956,9,606,6,12,2
789,1956,9,554,105,13,3
789,1956,9,486,125,21,4
789,1956,9,547,105,14,5
789,1956,9,633,105,19,6
789,1956,9,607,105,15,7
789,1956,9,580,105,25,8
789,1956,9,626,128,18,9
789,1956,9,608,6,8,10
789,1956,9,619,87,22,11
789,1956,9,475,105,1,12
789,1956,9,501,118,5,13
789,1956,9,636,125,11,14
789,1956,9,427,118,16,15
789,1956,9,624,128,26,16
789,1956,9,581,6,4,17
789,1956,9,456,105,7,18
789,1956,9,479,66,9,19
789,1956,9,578,66,3,20
789,1956,9,627,105,27,21
789,1956,9,506,105,20,22
789,1956,9,620,105,24,23
789,1956,9,637,125,10,24
789,1956,9,585,99,23,25
789,1956,9,356,105,28,26
789,1956,9,541,66,17,27
789,1956,9,498,118,6,28
790,1956,20,579,6,1,1
790,1956,20,475,105,4,2
790,1956,20,554,105,8,3
790,1956,20,580,105,16,4
790,1956,20,627,105,14,5
790,1956,20,506,105,11,6
790,1956,20,638,105,19,7
790,1956,20,639,128,21,8
790,1956,20,606,6,10,9
790,1956,20,501,105,12,10
790,1956,20,633,105,20,11
790,1956,20,577,6,5,12
790,1956,20,581,6,2,13
790,1956,20,608,6,3,14
790,1956,20,620,105,7,15
790,1956,20,547,105,13,16
790,1956,20,456,105,9,17
790,1956,20,626,128,15,18
790,1956,20,483,6,17,19
790,1956,20,607,105,0,20
790,1956,20,429,128,0,21
790,1956,20,586,105,0,22
791,1956,14,475,105,6,1
791,1956,14,581,6,7,2
791,1956,14,541,125,26,3
791,1956,14,580,105,18,4
791,1956,14,486,125,16,5
791,1956,14,586,105,15,6
791,1956,14,640,105,19,7
791,1956,14,579,6,1,8
791,1956,14,609,128,25,9
791,1956,14,583,105,17,10
791,1956,14,456,105,14,11
791,1956,14,577,6,3,12
791,1956,14,620,105,13,13
791,1956,14,501,118,10,14
791,1956,14,554,105,5,15
791,1956,14,506,105,22,16
791,1956,14,427,118,11,17
791,1956,14,641,118,4,18
791,1956,14,608,6,2,19
791,1956,14,633,105,8,20
791,1956,14,626,128,23,21
791,1956,14,606,6,9,22
791,1956,14,610,125,20,23
791,1956,14,624,128,21,24
791,1956,14,476,6,0,25
792,1955,25,579,131,3,1
792,1955,25,498,6,1,2
792,1955,25,642,6,5,3
792,1955,25,478,131,10,4
792,1955,25,643,105,16,5
792,1955,25,501,105,7,6
792,1955,25,577,105,18,7
792,1955,25,644,105,19,8
792,1955,25,645,105,20,9
792,1955,25,646,128,17,10
792,1955,25,427,6,14,11
792,1955,25,608,132,12,12
792,1955,25,475,131,8,13
792,1955,25,623,105,21,14
792,1955,25,647,132,2,15
792,1955,25,625,128,15,16
792,1955,25,554,105,4,17
792,1955,25,648,131,6,18
792,1955,25,633,132,11,19
792,1955,25,649,128,9,20
792,1955,25,496,105,13,21
793,1955,6,427,6,9,1
793,1955,6,608,132,4,2
793,1955,6,554,105,5,3
793,1955,6,642,6,14,4
793,1955,6,633,132,7,5
793,1955,6,589,132,19,6
793,1955,6,650,128,20,7
793,1955,6,641,6,15,8
793,1955,6,475,131,3,9
793,1955,6,607,105,11,10
793,1955,6,647,132,2,11
793,1955,6,501,6,18,12
793,1955,6,643,105,6,13
793,1955,6,625,128,16,14
793,1955,6,579,131,1,15
793,1955,6,626,128,13,16
793,1955,6,609,131,10,17
793,1955,6,578,118,12,18
793,1955,6,627,105,17,19
793,1955,6,577,105,8,20
793,1955,6,651,105,0,21
793,1955,6,652,133,0,22
793,1955,6,478,131,0,23
794,1955,19,628,113,14,1
794,1955,19,529,113,2,2
794,1955,19,653,113,10,3
794,1955,19,512,114,33,4
794,1955,19,654,113,7,5
794,1955,19,612,113,8,6
794,1955,19,538,113,16,7
794,1955,19,597,113,19,8
794,1955,19,556,113,17,9
794,1955,19,559,113,12,10
794,1955,19,518,114,18,11
794,1955,19,563,113,25,12
794,1955,19,513,111,32,13
794,1955,19,509,108,20,14
794,1955,19,528,109,21,15
794,1955,19,655,113,9,16
794,1955,19,656,113,24,17
794,1955,19,523,111,31,18
794,1955,19,611,113,6,19
794,1955,19,631,134,28,20
794,1955,19,593,113,27,21
794,1955,19,532,135,13,22
794,1955,19,561,113,23,23
794,1955,19,525,114,11,24
794,1955,19,657,113,5,25
794,1955,19,658,113,3,26
794,1955,19,558,113,22,27
794,1955,19,449,114,30,28
794,1955,19,533,113,26,29
794,1955,19,596,113,29,30
794,1955,19,659,129,1,31
794,1955,19,615,113,4,32
794,1955,19,592,136,15,33
795,1955,13,579,131,2,1
795,1955,13,475,131,3,2
795,1955,13,642,6,4,3
795,1955,13,632,6,8,4
795,1955,13,643,105,13,5
795,1955,13,427,6,10,6
795,1955,13,577,105,7,7
795,1955,13,607,105,11,8
795,1955,13,627,105,12,9
795,1955,13,648,131,6,10
795,1955,13,608,132,1,11
795,1955,13,578,118,9,12
795,1955,13,554,105,5,13
795,1955,13,660,105,0,14
795,1955,13,641,6,0,15
795,1955,13,501,6,0,16
796,1955,39,579,131,1,1
796,1955,39,475,131,2,2
796,1955,39,577,105,4,3
796,1955,39,643,105,7,4
796,1955,39,608,6,9,5
796,1955,39,554,105,6,6
796,1955,39,578,6,5,7
796,1955,39,624,128,14,8
796,1955,39,627,105,13,9
796,1955,39,650,128,12,10
796,1955,39,660,6,16,11
796,1955,39,427,6,8,12
796,1955,39,626,128,11,13
796,1955,39,547,105,15,14
796,1955,39,648,131,3,15
796,1955,39,661,105,10,16
797,1955,58,475,131,1,1
797,1955,58,579,131,2,2
797,1955,58,648,131,4,3
797,1955,58,641,131,5,4
797,1955,58,577,105,9,5
797,1955,58,578,6,12,6
797,1955,58,662,128,23,7
797,1955,58,651,105,16,8
797,1955,58,663,118,15,9
797,1955,58,427,6,13,10
797,1955,58,643,105,6,11
797,1955,58,356,87,25,12
797,1955,58,664,125,17,13
797,1955,58,581,105,24,14
797,1955,58,624,128,18,15
797,1955,58,456,105,20,16
797,1955,58,547,105,22,17
797,1955,58,501,118,7,18
797,1955,58,666,125,14,19
797,1955,58,665,125,19,20
797,1955,58,608,6,10,21
797,1955,58,609,105,8,22
797,1955,58,554,105,3,23
797,1955,58,626,128,11,24
797,1955,58,486,125,21,25
798,1955,14,579,131,1,1
798,1955,14,641,131,9,2
798,1955,14,608,6,4,3
798,1955,14,554,105,6,4
798,1955,14,496,105,16,5
798,1955,14,620,6,12,6
798,1955,14,643,105,7,7
798,1955,14,427,6,15,8
798,1955,14,667,105,20,9
798,1955,14,578,6,14,10
798,1955,14,648,131,3,11
798,1955,14,577,105,10,12
798,1955,14,547,105,21,13
798,1955,14,475,131,2,14
798,1955,14,650,128,19,15
798,1955,14,624,128,18,16
798,1955,14,581,105,11,17
798,1955,14,501,118,13,18
798,1955,14,668,128,22,19
798,1955,14,663,118,17,20
798,1955,14,642,6,5,21
798,1955,14,633,6,8,22
798,1955,14,586,137,0,23
799,1954,25,579,105,3,1
799,1954,25,642,6,1,2
799,1954,25,498,6,2,3
799,1954,25,427,6,5,4
799,1954,25,625,128,15,5
799,1954,25,501,105,11,6
799,1954,25,669,105,10,7
799,1954,25,640,105,13,8
799,1954,25,620,6,12,9
799,1954,25,554,128,17,10
799,1954,25,578,6,4,11
799,1954,25,670,105,6,12
799,1954,25,643,105,8,13
799,1954,25,671,128,16,14
799,1954,25,672,105,18,15
799,1954,25,627,6,14,16
799,1954,25,577,105,7,17
799,1954,25,496,105,9,18
800,1954,19,657,113,19,1
800,1954,19,525,114,3,2
800,1954,19,658,113,1,3
800,1954,19,526,113,11,4
800,1954,19,673,113,14,5
800,1954,19,615,113,24,6
800,1954,19,528,109,6,7
800,1954,19,555,113,32,8
800,1954,19,674,113,25,9
800,1954,19,655,129,13,10
800,1954,19,656,113,27,11
800,1954,19,521,114,5,12
800,1954,19,675,114,22,13
800,1954,19,628,113,9,14
800,1954,19,518,113,8,15
800,1954,19,679,113,20,16
800,1954,19,592,136,7,17
800,1954,19,596,129,31,18
800,1954,19,676,113,33,19
800,1954,19,611,113,10,20
800,1954,19,597,113,12,21
800,1954,19,449,135,16,22
800,1954,19,520,113,17,23
800,1954,19,512,138,4,24
800,1954,19,612,134,23,25
800,1954,19,659,113,30,26
800,1954,19,556,113,2,27
800,1954,19,509,113,28,28
800,1954,19,529,113,21,29
800,1954,19,677,139,29,30
800,1954,19,678,134,26,31
800,1954,19,593,113,15,32
800,1954,19,519,113,18,33
801,1954,13,579,105,1,1
801,1954,13,427,6,6,2
801,1954,13,475,105,9,3
801,1954,13,498,6,5,4
801,1954,13,429,128,8,5
801,1954,13,669,105,13,6
801,1954,13,644,105,11,7
801,1954,13,642,6,3,8
801,1954,13,632,128,10,9
801,1954,13,554,128,7,10
801,1954,13,670,105,4,11
801,1954,13,498,6,2,12
801,1954,13,680,6,14,13
801,1954,13,643,105,12,14
802,1954,55,579,131,1,1
802,1954,55,648,131,2,2
802,1954,55,626,6,12,3
802,1954,55,669,105,6,4
802,1954,55,633,105,14,5
802,1954,55,554,128,17,6
802,1954,55,632,128,19,7
802,1954,55,427,6,9,8
802,1954,55,627,6,13,9
802,1954,55,670,105,5,10
802,1954,55,643,105,11,11
802,1954,55,663,105,16,12
802,1954,55,501,105,21,13
802,1954,55,478,131,7,14
802,1954,55,456,105,10,15
802,1954,55,498,6,4,16
802,1954,55,651,133,15,17
802,1954,55,681,128,20,18
802,1954,55,578,6,8,19
802,1954,55,650,128,18,20
802,1954,55,647,105,3,21
802,1954,55,644,105,0,22
803,1954,9,498,6,2,1
803,1954,9,578,6,3,2
803,1954,9,670,105,28,3
803,1954,9,579,131,1,4
803,1954,9,427,6,8,5
803,1954,9,643,105,32,6
803,1954,9,648,131,6,7
803,1954,9,663,105,9,8
803,1954,9,429,128,12,9
803,1954,9,619,87,18,10
803,1954,9,682,125,17,11
803,1954,9,501,105,16,12
803,1954,9,665,125,22,13
803,1954,9,683,125,23,14
803,1954,9,547,87,20,15
803,1954,9,475,105,4,16
803,1954,9,684,125,19,17
803,1954,9,554,128,5,18
803,1954,9,456,105,7,19
803,1954,9,669,105,10,20
803,1954,9,633,105,27,21
803,1954,9,685,125,21,22
803,1954,9,686,6,14,23
803,1954,9,647,105,30,24
803,1954,9,645,128,13,25
803,1954,9,581,118,11,26
803,1954,9,626,6,15,27
803,1954,9,687,87,24,28
803,1954,9,688,87,25,29
803,1954,9,627,6,31,30
803,1954,9,689,87,26,31
803,1954,9,690,87,29,32
804,1954,20,579,131,1,1
804,1954,20,498,6,5,2
804,1954,20,427,6,7,3
804,1954,20,648,131,23,4
804,1954,20,644,105,15,5
804,1954,20,641,6,13,6
804,1954,20,501,105,14,7
804,1954,20,627,6,11,8
804,1954,20,626,6,12,9
804,1954,20,554,128,9,10
804,1954,20,669,105,19,11
804,1954,20,691,131,13,12
804,1954,20,645,128,16,13
804,1954,20,692,140,21,14
804,1954,20,478,131,4,15
804,1954,20,632,128,4,16
804,1954,20,578,6,3,17
804,1954,20,643,105,17,18
804,1954,20,475,105,3,19
804,1954,20,429,128,20,20
804,1954,20,670,105,8,21
804,1954,20,633,105,10,22
804,1954,20,663,105,22,23
805,1954,66,579,131,2,1
805,1954,66,498,6,1,2
805,1954,66,478,131,7,3
805,1954,66,643,105,12,4
805,1954,66,644,105,9,5
805,1954,66,663,105,8,6
805,1954,66,620,6,11,7
805,1954,66,680,6,16,8
805,1954,66,648,131,5,9
805,1954,66,427,6,4,10
805,1954,66,578,6,6,11
805,1954,66,501,105,13,12
805,1954,66,475,105,3,13
805,1954,66,693,128,15,14
805,1954,66,554,128,14,15
805,1954,66,645,128,10,16
805,1954,66,626,6,0,17
806,1954,14,579,131,1,1
806,1954,14,578,6,7,2
806,1954,14,620,6,13,3
806,1954,14,478,131,8,4
806,1954,14,427,6,11,5
806,1954,14,693,128,18,6
806,1954,14,581,118,16,7
806,1954,14,627,105,20,8
806,1954,14,644,105,9,9
806,1954,14,475,105,3,10
806,1954,14,672,105,19,11
806,1954,14,647,6,2,12
806,1954,14,633,105,6,13
806,1954,14,648,131,4,14
806,1954,14,643,105,10,15
806,1954,14,577,105,14,16
806,1954,14,498,6,5,17
806,1954,14,626,6,15,18
806,1954,14,645,128,17,19
806,1954,14,554,128,12,20
806,1954,14,694,105,21,21
807,1954,67,578,6,3,1
807,1954,67,577,105,7,2
807,1954,67,579,131,2,3
807,1954,67,643,105,11,4
807,1954,67,648,131,12,5
807,1954,67,580,105,13,6
807,1954,67,627,105,20,7
807,1954,67,663,105,14,8
807,1954,67,669,105,15,9
807,1954,67,644,105,10,10
807,1954,67,640,105,21,11
807,1954,67,478,131,9,12
807,1954,67,427,6,8,13
807,1954,67,650,128,16,14
807,1954,67,501,105,4,15
807,1954,67,475,105,6,16
807,1954,67,554,128,18,17
807,1954,67,680,6,19,18
807,1954,67,647,132,1,19
807,1954,67,633,132,5,20
807,1954,67,626,6,17,21
807,1954,67,581,118,0,22
808,1953,25,647,6,1,1
808,1953,25,633,6,3,2
808,1953,25,498,105,5,3
808,1953,25,578,6,6,4
808,1953,25,695,105,9,5
808,1953,25,554,128,11,6
808,1953,25,427,128,7,7
808,1953,25,696,87,16,8
808,1953,25,689,87,12,9
808,1953,25,626,128,8,10
808,1953,25,579,105,2,11
808,1953,25,697,105,15,12
808,1953,25,642,6,4,13
808,1953,25,496,128,10,14
808,1953,25,649,141,14,15
808,1953,25,698,87,13,16
809,1953,19,657,113,1,1
809,1953,19,656,113,12,2
809,1953,19,611,113,9,3
809,1953,19,615,113,2,4
809,1953,19,658,113,3,5
809,1953,19,556,113,21,6
809,1953,19,509,113,25,7
809,1953,19,679,129,20,8
809,1953,19,529,114,6,9
809,1953,19,653,113,32,10
809,1953,19,699,113,26,11
809,1953,19,700,113,19,12
809,1953,19,675,114,4,13
809,1953,19,525,134,31,14
809,1953,19,701,113,28,15
809,1953,19,449,113,10,16
809,1953,19,654,113,14,17
809,1953,19,613,113,22,18
809,1953,19,677,113,18,19
809,1953,19,628,114,29,20
809,1953,19,673,142,23,21
809,1953,19,559,114,24,22
809,1953,19,659,113,7,23
809,1953,19,518,110,27,24
809,1953,19,555,113,17,25
809,1953,19,593,113,8,26
809,1953,19,528,107,15,27
809,1953,19,520,113,13,28
809,1953,19,521,114,16,29
809,1953,19,655,113,30,30
809,1953,19,702,139,11,31
809,1953,19,512,143,33,32
809,1953,19,612,129,5,33
810,1953,39,647,6,1,1
810,1953,39,642,6,3,2
810,1953,39,697,105,13,3
810,1953,39,578,6,6,4
810,1953,39,640,105,7,5
810,1953,39,427,128,12,6
810,1953,39,627,6,8,7
810,1953,39,581,133,16,8
810,1953,39,475,125,9,9
810,1953,39,633,6,4,10
810,1953,39,664,125,14,11
810,1953,39,501,128,10,12
810,1953,39,660,125,17,13
810,1953,39,579,105,2,14
810,1953,39,643,128,19,15
810,1953,39,498,105,5,16
810,1953,39,663,87,18,17
810,1953,39,456,125,11,18
810,1953,39,651,133,15,19
811,1953,13,647,6,2,1
811,1953,13,633,6,5,2
811,1953,13,670,105,16,3
811,1953,13,640,105,9,4
811,1953,13,427,128,8,5
811,1953,13,578,6,7,6
811,1953,13,501,128,12,7
811,1953,13,627,6,13,8
811,1953,13,693,128,15,9
811,1953,13,632,133,11,10
811,1953,13,429,125,18,11
811,1953,13,660,105,10,12
811,1953,13,651,133,17,13
811,1953,13,642,6,4,14
811,1953,13,579,105,1,15
811,1953,13,498,105,3,16
811,1953,13,554,128,14,17
811,1953,13,581,133,16,18
811,1953,13,681,141,20,19
811,1953,13,703,144,19,20
812,1953,55,578,6,7,1
812,1953,55,579,105,4,2
812,1953,55,498,105,5,3
812,1953,55,647,6,1,4
812,1953,55,642,6,6,5
812,1953,55,633,6,3,6
812,1953,55,640,105,9,7
812,1953,55,627,6,10,8
812,1953,55,670,105,8,9
812,1953,55,554,128,22,10
812,1953,55,619,87,12,11
812,1953,55,660,125,21,12
812,1953,55,581,133,17,13
812,1953,55,704,133,18,14
812,1953,55,589,127,25,15
812,1953,55,697,105,2,16
812,1953,55,475,87,13,17
812,1953,55,669,125,11,18
812,1953,55,625,127,15,19
812,1953,55,663,87,14,20
812,1953,55,427,128,23,21
812,1953,55,651,133,16,22
812,1953,55,501,128,20,23
812,1953,55,643,128,24,24
812,1953,55,456,125,19,25
813,1953,9,647,6,1,1
813,1953,9,579,105,4,2
813,1953,9,642,6,5,3
813,1953,9,498,105,2,4
813,1953,9,578,6,3,5
813,1953,9,697,105,16,6
813,1953,9,669,125,19,7
813,1953,9,663,87,11,8
813,1953,9,687,87,14,9
813,1953,9,627,6,24,10
813,1953,9,706,87,15,11
813,1953,9,666,125,10,12
813,1953,9,633,6,6,13
813,1953,9,670,105,7,14
813,1953,9,689,87,21,15
813,1953,9,581,133,23,16
813,1953,9,486,133,27,17
813,1953,9,456,125,28,18
813,1953,9,640,105,26,19
813,1953,9,651,133,12,20
813,1953,9,554,128,22,21
813,1953,9,707,125,20,22
813,1953,9,427,128,8,23
813,1953,9,708,133,17,24
813,1953,9,501,128,9,25
813,1953,9,664,125,13,26
813,1953,9,705,87,25,27
814,1953,20,642,6,3,1
814,1953,20,579,105,2,2
814,1953,20,578,6,4,3
814,1953,20,697,105,7,4
814,1953,20,640,105,11,5
814,1953,20,475,87,12,6
814,1953,20,680,6,19,7
814,1953,20,647,6,1,8
814,1953,20,478,144,14,9
814,1953,20,627,6,22,10
814,1953,20,690,87,20,11
814,1953,20,692,144,28,12
814,1953,20,664,125,16,13
814,1953,20,710,145,26,14
814,1953,20,709,145,32,15
814,1953,20,455,144,29,16
814,1953,20,633,6,6,17
814,1953,20,689,87,17,18
814,1953,20,670,105,8,19
814,1953,20,431,146,24,20
814,1953,20,660,125,25,21
814,1953,20,711,144,34,22
814,1953,20,712,144,18,23
814,1953,20,554,128,9,24
814,1953,20,501,128,10,25
814,1953,20,669,125,15,26
814,1953,20,713,147,21,27
814,1953,20,714,6,27,28
814,1953,20,715,147,30,29
814,1953,20,427,128,5,30
814,1953,20,456,125,13,31
814,1953,20,716,144,33,32
814,1953,20,717,147,23,33
814,1953,20,718,144,31,34
815,1953,66,647,6,2,1
815,1953,66,642,6,3,2
815,1953,66,578,6,7,3
815,1953,66,579,105,1,4
815,1953,66,691,105,11,5
815,1953,66,633,6,6,6
815,1953,66,663,87,9,7
815,1953,66,720,6,19,8
815,1953,66,719,133,18,9
815,1953,66,622,105,20,10
815,1953,66,640,105,8,11
815,1953,66,670,105,5,12
815,1953,66,427,128,4,13
815,1953,66,554,128,12,14
815,1953,66,697,105,10,15
815,1953,66,651,133,15,16
815,1953,66,721,6,17,17
815,1953,66,632,133,16,18
815,1953,66,680,6,13,19
815,1953,66,627,6,14,20
816,1953,14,579,105,2,1
816,1953,14,642,6,3,2
816,1953,14,633,6,5,3
816,1953,14,578,6,6,4
816,1953,14,427,128,8,5
816,1953,14,643,128,16,6
816,1953,14,644,105,12,7
816,1953,14,620,6,11,8
816,1953,14,501,128,15,9
816,1953,14,589,127,25,10
816,1953,14,669,105,23,11
816,1953,14,689,87,24,12
816,1953,14,475,87,10,13
816,1953,14,717,147,29,14
816,1953,14,704,133,28,15
816,1953,14,627,6,17,16
816,1953,14,647,6,1,17
816,1953,14,697,105,7,18
816,1953,14,670,105,4,19
816,1953,14,640,105,9,20
816,1953,14,486,125,22,21
816,1953,14,663,87,19,22
816,1953,14,664,125,18,23
816,1953,14,722,6,20,24
816,1953,14,456,125,14,25
816,1953,14,622,105,21,26
816,1953,14,625,127,13,27
816,1953,14,667,133,26,28
816,1953,14,660,125,30,29
816,1953,14,651,133,27,30
817,1952,66,641,6,2,1
817,1952,66,723,6,5,2
817,1952,66,554,128,7,3
817,1952,66,663,148,13,4
817,1952,66,689,87,15,5
817,1952,66,640,105,8,6
817,1952,66,721,6,19,7
817,1952,66,688,87,17,8
817,1952,66,669,141,11,9
817,1952,66,609,6,4,10
817,1952,66,501,105,18,11
817,1952,66,475,133,9,12
817,1952,66,651,133,12,13
817,1952,66,626,128,3,14
817,1952,66,642,6,1,15
817,1952,66,581,133,6,16
817,1952,66,725,133,10,17
817,1952,66,717,147,14,18
817,1952,66,724,144,16,19
817,1952,66,627,6,20,20
817,1952,66,720,141,21,21
818,1952,19,526,114,7,1
818,1952,19,509,113,10,2
818,1952,19,611,113,5,3
818,1952,19,518,110,6,4
818,1952,19,656,113,20,5
818,1952,19,525,113,21,6
818,1952,19,592,113,23,7
818,1952,19,726,113,14,8
818,1952,19,629,113,9,9
818,1952,19,593,113,31,10
818,1952,19,658,113,3,11
818,1952,19,727,107,26,12
818,1952,19,728,113,16,13
818,1952,19,729,129,15,14
818,1952,19,730,149,13,15
818,1952,19,513,111,24,16
818,1952,19,657,113,8,17
818,1952,19,521,113,11,18
818,1952,19,731,110,12,19
818,1952,19,675,110,28,20
818,1952,19,732,113,33,21
818,1952,19,677,139,29,22
818,1952,19,449,113,22,23
818,1952,19,529,150,30,24
818,1952,19,699,113,4,25
818,1952,19,628,113,32,26
818,1952,19,615,113,1,27
818,1952,19,520,113,18,28
818,1952,19,702,113,25,29
818,1952,19,733,113,27,30
818,1952,19,647,6,19,31
818,1952,19,734,129,17,32
818,1952,19,612,113,2,33
819,1952,13,647,6,1,1
819,1952,13,642,6,2,2
819,1952,13,626,128,4,3
819,1952,13,578,87,6,4
819,1952,13,632,133,8,5
819,1952,13,689,87,9,6
819,1952,13,735,6,13,7
819,1952,13,660,128,19,8
819,1952,13,688,87,12,9
819,1952,13,669,141,18,10
819,1952,13,651,133,14,11
819,1952,13,736,133,20,12
819,1952,13,703,144,21,13
819,1952,13,737,141,22,14
819,1952,13,738,133,16,15
819,1952,13,739,152,15,16
819,1952,13,641,6,3,17
819,1952,13,554,128,5,18
819,1952,13,663,148,7,19
819,1952,13,627,6,17,20
819,1952,13,581,133,11,21
819,1952,13,475,151,10,22
820,1952,53,647,6,1,1
820,1952,53,642,6,2,2
820,1952,53,641,6,3,3
820,1952,53,626,128,5,4
820,1952,53,427,141,6,5
820,1952,53,581,133,8,6
820,1952,53,554,128,4,7
820,1952,53,741,105,18,8
820,1952,53,651,133,14,9
820,1952,53,704,133,10,10
820,1952,53,723,6,17,11
820,1952,53,740,6,16,12
820,1952,53,669,128,7,13
820,1952,53,578,87,15,14
820,1952,53,640,105,12,15
820,1952,53,687,126,13,16
820,1952,53,627,6,9,17
820,1952,53,660,141,20,18
820,1952,53,501,105,11,19
820,1952,53,722,6,19,20
821,1952,9,647,6,2,1
821,1952,9,641,6,3,2
821,1952,9,578,87,7,3
821,1952,9,742,125,8,4
821,1952,9,743,125,9,5
821,1952,9,642,6,1,6
821,1952,9,686,87,6,7
821,1952,9,456,6,19,8
821,1952,9,744,125,5,9
821,1952,9,687,6,20,10
821,1952,9,669,128,10,11
821,1952,9,745,126,12,12
821,1952,9,723,6,15,13
821,1952,9,660,141,23,14
821,1952,9,651,133,29,15
821,1952,9,664,125,17,16
821,1952,9,501,105,32,17
821,1952,9,746,105,28,18
821,1952,9,640,105,31,19
821,1952,9,688,87,18,20
821,1952,9,705,148,25,21
821,1952,9,689,87,13,22
821,1952,9,581,133,14,23
821,1952,9,708,133,11,24
821,1952,9,475,151,16,25
821,1952,9,427,128,21,26
821,1952,9,738,133,26,27
821,1952,9,747,87,22,28
821,1952,9,626,128,4,29
821,1952,9,721,6,24,30
821,1952,9,748,105,27,31
821,1952,9,749,152,0,32
822,1952,20,647,6,1,1
822,1952,20,642,6,2,2
822,1952,20,723,6,6,3
822,1952,20,641,6,5,4
822,1952,20,554,128,11,5
822,1952,20,736,6,17,6
822,1952,20,751,144,12,7
822,1952,20,724,144,15,8
822,1952,20,752,147,22,9
822,1952,20,660,133,32,10
822,1952,20,753,144,8,11
822,1952,20,709,145,29,12
822,1952,20,626,128,4,13
822,1952,20,712,147,9,14
822,1952,20,738,133,14,15
822,1952,20,750,144,19,16
822,1952,20,754,145,25,17
822,1952,20,715,145,30,18
822,1952,20,748,105,26,19
822,1952,20,710,145,23,20
822,1952,20,755,6,24,21
822,1952,20,749,152,21,22
822,1952,20,427,128,3,23
822,1952,20,756,144,7,24
822,1952,20,697,105,10,25
822,1952,20,632,133,13,26
822,1952,20,692,144,18,27
822,1952,20,757,144,20,28
822,1952,20,722,6,27,29
822,1952,20,746,105,16,30
823,1952,39,647,6,1,1
823,1952,39,642,6,2,2
823,1952,39,633,6,4,3
823,1952,39,578,87,3,4
823,1952,39,626,128,6,5
823,1952,39,427,128,5,6
823,1952,39,708,133,10,7
823,1952,39,651,133,9,8
823,1952,39,622,105,16,9
823,1952,39,663,148,7,10
823,1952,39,475,151,18,11
823,1952,39,758,133,14,12
823,1952,39,744,125,13,13
823,1952,39,735,6,17,14
823,1952,39,632,141,11,15
823,1952,39,554,128,6,16
823,1952,39,759,105,15,17
823,1952,39,746,105,12,18
824,1952,14,647,6,1,1
824,1952,14,498,105,5,2
824,1952,14,633,6,2,3
824,1952,14,642,6,3,4
824,1952,14,697,105,13,5
824,1952,14,609,6,8,6
824,1952,14,641,6,6,7
824,1952,14,622,105,18,8
824,1952,14,663,87,15,9
824,1952,14,627,6,17,10
824,1952,14,748,105,23,11
824,1952,14,742,125,19,12
824,1952,14,688,87,20,13
824,1952,14,626,128,7,14
824,1952,14,689,87,12,15
824,1952,14,475,125,1,16
824,1952,14,746,105,25,17
824,1952,14,554,128,11,18
824,1952,14,578,87,12,19
824,1952,14,762,105,16,20
824,1952,14,427,128,4,21
824,1952,14,664,125,2,22
824,1952,14,723,6,16,23
824,1952,14,625,127,10,24
824,1952,14,735,6,0,25
824,1952,14,761,105,0,26
824,1952,14,640,105,0,27
824,1952,14,581,133,0,28
824,1952,14,687,6,0,29
824,1952,14,738,133,0,30
824,1952,14,749,152,0,31
824,1952,14,651,133,0,32
824,1952,14,717,6,0,33
824,1952,14,760,153,0,34
824,1952,14,660,141,0,35
825,1951,66,579,51,1,1
825,1951,66,641,6,6,2
825,1951,66,642,51,2,3
825,1951,66,763,51,4,4
825,1951,66,640,51,5,5
825,1951,66,647,6,7,6
825,1951,66,589,105,19,7
825,1951,66,475,133,14,8
825,1951,66,627,154,8,9
825,1951,66,741,154,12,10
825,1951,66,723,6,10,11
825,1951,66,501,105,17,12
825,1951,66,660,154,18,13
825,1951,66,764,154,21,14
825,1951,66,687,6,9,15
825,1951,66,765,154,11,16
825,1951,66,725,133,20,17
825,1951,66,704,154,15,18
825,1951,66,633,6,3,19
825,1951,66,498,154,13,20
825,1951,66,721,144,16,21
826,1951,19,766,113,2,1
826,1951,19,673,113,7,2
826,1951,19,658,113,3,3
826,1951,19,612,149,31,4
826,1951,19,734,134,29,5
826,1951,19,731,119,17,6
826,1951,19,767,113,24,7
826,1951,19,518,150,4,8
826,1951,19,529,150,9,9
826,1951,19,699,113,1,10
826,1951,19,534,113,22,11
826,1951,19,611,113,12,12
826,1951,19,729,113,16,13
826,1951,19,768,150,5,14
826,1951,19,654,114,14,15
826,1951,19,653,135,27,16
826,1951,19,615,113,11,17
826,1951,19,700,113,15,18
826,1951,19,769,155,33,19
826,1951,19,521,156,19,20
826,1951,19,593,113,8,21
826,1951,19,770,113,10,22
826,1951,19,526,113,6,23
826,1951,19,630,134,32,24
826,1951,19,733,113,28,25
826,1951,19,771,113,13,26
826,1951,19,449,139,25,27
826,1951,19,629,113,18,28
826,1951,19,657,111,20,29
826,1951,19,726,110,21,30
826,1951,19,772,150,23,31
826,1951,19,732,105,26,32
826,1951,19,728,107,30,33
827,1951,13,642,51,2,1
827,1951,13,647,6,4,2
827,1951,13,633,6,3,3
827,1951,13,627,154,7,4
827,1951,13,704,154,8,5
827,1951,13,429,154,12,6
827,1951,13,660,154,11,7
827,1951,13,773,154,13,8
827,1951,13,579,51,1,9
827,1951,13,589,154,9,10
827,1951,13,763,51,6,11
827,1951,13,641,6,5,12
827,1951,13,741,154,10,13
828,1951,55,786,51,7,1
828,1951,55,647,6,6,2
828,1951,55,633,6,4,3
828,1951,55,686,6,9,4
828,1951,55,642,51,2,5
828,1951,55,589,154,8,6
828,1951,55,704,154,11,7
828,1951,55,774,154,14,8
828,1951,55,764,154,19,9
828,1951,55,763,51,5,10
828,1951,55,579,51,1,11
828,1951,55,660,154,12,12
828,1951,55,627,154,13,13
828,1951,55,741,154,10,14
828,1951,55,775,141,17,15
828,1951,55,501,105,22,16
828,1951,55,427,141,18,17
828,1951,55,647,6,3,18
828,1951,55,609,141,21,19
828,1951,55,626,141,23,20
828,1951,55,670,105,15,21
828,1951,55,640,105,16,22
828,1951,55,687,6,20,23
829,1951,9,498,6,1,1
829,1951,9,579,51,2,2
829,1951,9,633,6,5,3
829,1951,9,697,51,7,4
829,1951,9,686,66,20,5
829,1951,9,763,51,6,6
829,1951,9,661,66,19,7
829,1951,9,778,151,12,8
829,1951,9,687,6,8,9
829,1951,9,627,154,9,10
829,1951,9,619,151,10,11
829,1951,9,708,154,11,12
829,1951,9,660,154,14,13
829,1951,9,642,51,3,14
829,1951,9,776,126,18,15
829,1951,9,647,6,4,16
829,1951,9,777,105,16,17
829,1951,9,747,105,15,18
829,1951,9,589,154,13,19
829,1951,9,779,105,17,20
830,1951,20,647,6,1,1
830,1951,20,579,51,3,2
830,1951,20,498,6,2,3
830,1951,20,633,6,5,4
830,1951,20,641,6,6,5
830,1951,20,723,6,8,6
830,1951,20,626,141,9,7
830,1951,20,627,154,15,8
830,1951,20,773,154,19,9
830,1951,20,680,154,22,10
830,1951,20,660,154,18,11
830,1951,20,704,154,11,12
830,1951,20,427,141,14,13
830,1951,20,697,51,10,14
830,1951,20,708,154,20,15
830,1951,20,756,51,7,16
830,1951,20,609,141,12,17
830,1951,20,642,51,4,18
830,1951,20,741,154,21,19
830,1951,20,589,154,13,20
830,1951,20,780,105,17,21
830,1951,20,640,105,16,22
831,1951,14,647,6,3,1
831,1951,14,498,6,4,2
831,1951,14,697,51,7,3
831,1951,14,633,6,5,4
831,1951,14,641,6,6,5
831,1951,14,609,141,11,6
831,1951,14,627,154,15,7
831,1951,14,704,154,14,8
831,1951,14,762,127,18,9
831,1951,14,579,51,1,10
831,1951,14,427,141,12,11
831,1951,14,626,141,13,12
831,1951,14,589,154,17,13
831,1951,14,773,154,20,14
831,1951,14,680,154,22,15
831,1951,14,642,51,2,16
831,1951,14,660,154,21,17
831,1951,14,640,51,9,18
831,1951,14,687,6,19,19
831,1951,14,622,6,16,20
831,1951,14,686,66,8,21
831,1951,14,781,66,10,22
832,1951,67,579,51,2,1
832,1951,67,498,6,3,2
832,1951,67,642,51,4,3
832,1951,67,647,6,1,4
832,1951,67,697,51,8,5
832,1951,67,640,51,6,6
832,1951,67,627,154,20,7
832,1951,67,741,154,13,8
832,1951,67,626,141,9,9
832,1951,67,580,105,17,10
832,1951,67,633,6,5,11
832,1951,67,609,141,10,12
832,1951,67,660,154,15,13
832,1951,67,641,6,7,14
832,1951,67,427,141,11,15
832,1951,67,783,154,16,16
832,1951,67,704,154,14,17
832,1951,67,589,154,12,18
832,1951,67,669,105,19,19
832,1951,67,782,105,18,20
833,1950,9,642,51,1,1
833,1950,9,786,51,2,2
833,1950,9,686,51,4,3
833,1950,9,704,154,6,4
833,1950,9,627,154,9,5
833,1950,9,619,151,13,6
833,1950,9,787,151,15,7
833,1950,9,741,154,14,8
833,1950,9,784,105,16,9
833,1950,9,778,105,20,10
833,1950,9,660,154,21,11
833,1950,9,579,51,3,12
833,1950,9,776,126,19,13
833,1950,9,669,105,5,14
833,1950,9,747,105,18,15
833,1950,9,785,126,17,16
833,1950,9,640,105,8,17
833,1950,9,589,105,11,18
833,1950,9,789,154,7,19
833,1950,9,661,151,10,20
833,1950,9,790,151,12,21
834,1950,6,579,51,1,1
834,1950,6,647,6,7,2
834,1950,6,589,105,8,3
834,1950,6,793,6,9,4
834,1950,6,669,105,15,5
834,1950,6,619,151,16,6
834,1950,6,660,154,19,7
834,1950,6,633,6,6,8
834,1950,6,741,154,4,9
834,1950,6,498,105,3,10
834,1950,6,642,51,2,11
834,1950,6,786,51,5,12
834,1950,6,627,154,10,13
834,1950,6,626,141,11,14
834,1950,6,640,105,12,15
834,1950,6,427,141,13,16
834,1950,6,787,151,14,17
834,1950,6,762,105,17,18
834,1950,6,501,87,20,19
834,1950,6,687,6,21,20
834,1950,6,792,105,18,21
835,1950,19,593,113,5,1
835,1950,19,701,150,10,2
835,1950,19,768,150,3,3
835,1950,19,770,113,12,4
835,1950,19,794,113,9,5
835,1950,19,766,119,23,6
835,1950,19,654,113,1,7
835,1950,19,726,110,4,8
835,1950,19,555,138,19,9
835,1950,19,559,113,11,10
835,1950,19,795,156,16,11
835,1950,19,518,129,13,12
835,1950,19,772,113,26,13
835,1950,19,658,113,6,14
835,1950,19,526,110,24,15
835,1950,19,520,157,31,16
835,1950,19,653,116,27,17
835,1950,19,732,113,33,18
835,1950,19,771,113,20,19
835,1950,19,677,105,14,20
835,1950,19,659,113,15,21
835,1950,19,796,158,29,22
835,1950,19,797,159,30,23
835,1950,19,509,160,28,24
835,1950,19,731,105,21,25
835,1950,19,729,162,22,26
835,1950,19,798,161,17,27
835,1950,19,615,113,2,28
835,1950,19,799,113,32,29
835,1950,19,611,113,25,30
835,1950,19,529,150,8,31
835,1950,19,537,107,18,32
835,1950,19,630,113,7,33
836,1950,66,642,51,2,1
836,1950,66,786,51,3,2
836,1950,66,627,154,10,3
836,1950,66,669,105,8,4
836,1950,66,697,105,12,5
836,1950,66,640,105,11,6
836,1950,66,800,105,15,7
836,1950,66,501,154,18,8
836,1950,66,589,105,16,9
836,1950,66,660,154,14,10
836,1950,66,780,105,17,11
836,1950,66,579,51,1,12
836,1950,66,741,154,6,13
836,1950,66,789,154,9,14
836,1950,66,793,6,13,15
836,1950,66,633,6,4,16
836,1950,66,647,6,5,17
836,1950,66,704,154,7,18
837,1950,13,579,51,2,1
837,1950,13,786,51,3,2
837,1950,13,627,154,8,3
837,1950,13,642,51,1,4
837,1950,13,647,6,7,5
837,1950,13,633,6,4,6
837,1950,13,773,154,10,7
837,1950,13,660,154,14,8
837,1950,13,785,126,12,9
837,1950,13,780,105,11,10
837,1950,13,774,154,13,11
837,1950,13,793,154,5,12
837,1950,13,741,154,6,13
837,1950,13,704,154,9,14
838,1950,55,579,51,1,1
838,1950,55,786,51,3,2
838,1950,55,687,6,18,3
838,1950,55,626,141,12,4
838,1950,55,741,154,4,5
838,1950,55,801,154,15,6
838,1950,55,642,51,2,7
838,1950,55,704,154,5,8
838,1950,55,773,154,9,9
838,1950,55,697,105,10,10
838,1950,55,660,154,14,11
838,1950,55,627,154,6,12
838,1950,55,686,105,11,13
838,1950,55,762,105,7,14
838,1950,55,589,105,13,15
838,1950,55,784,105,17,16
838,1950,55,793,154,16,17
838,1950,55,498,105,8,18
839,1950,14,642,51,3,1
839,1950,14,802,6,6,2
839,1950,14,786,51,5,3
839,1950,14,627,154,13,4
839,1950,14,741,154,16,5
839,1950,14,640,105,17,6
839,1950,14,687,6,18,7
839,1950,14,747,105,24,8
839,1950,14,787,151,21,9
839,1950,14,793,154,8,10
839,1950,14,764,154,11,11
839,1950,14,762,105,9,12
839,1950,14,641,51,7,13
839,1950,14,773,154,20,14
839,1950,14,579,51,1,15
839,1950,14,660,154,22,16
839,1950,14,647,6,2,17
839,1950,14,791,6,25,18
839,1950,14,765,154,16,19
839,1950,14,740,105,26,20
839,1950,14,427,141,12,21
839,1950,14,589,105,19,22
839,1950,14,763,51,4,23
839,1950,14,626,141,10,24
839,1950,14,669,105,15,25
839,1950,14,756,105,27,26
839,1950,14,697,163,23,27
833,1950,9,788,105,20,10
833,1950,9,666,151,10,20
835,1950,19,529,113,9,5
835,1950,19,803,161,17,27
838,1950,55,774,154,4,5
838,1950,55,627,154,15,6
839,1950,14,647,6,6,2
839,1950,14,579,51,7,13
826,1951,19,675,113,3,3
828,1951,55,579,51,7,1
828,1951,55,498,6,6,2
828,1951,55,786,51,1,11
831,1951,14,642,51,7,3
817,1952,66,642,6,4,10
820,1952,53,721,6,17,11
820,1952,53,501,105,12,15
823,1952,39,759,105,16,9
808,1953,25,501,128,7,7
809,1953,19,518,113,9,3
809,1953,19,555,113,2,4
809,1953,19,513,113,25,7
809,1953,19,521,114,6,9
809,1953,19,520,114,6,9
809,1953,19,702,113,19,12
809,1953,19,509,113,28,15
809,1953,19,612,113,10,16
809,1953,19,630,113,10,16
809,1953,19,804,113,14,17
809,1953,19,512,113,18,19
809,1953,19,797,113,18,19
809,1953,19,521,113,7,23
809,1953,19,612,113,7,23
810,1953,39,498,105,13,3
811,1953,13,579,105,10,12
814,1953,20,633,6,1,8
814,1953,20,647,6,6,17
815,1953,66,697,105,1,4
815,1953,66,579,105,10,15
816,1953,14,577,105,12,7
800,1954,19,518,113,11,4
800,1954,19,659,113,32,8
800,1954,19,593,113,27,11
800,1954,19,611,113,27,11
800,1954,19,612,113,27,11
800,1954,19,653,113,27,11
800,1954,19,654,114,5,12
800,1954,19,613,113,8,15
800,1954,19,799,113,8,15
800,1954,19,529,113,8,15
800,1954,19,702,129,31,18
800,1954,19,730,113,33,19
800,1954,19,653,113,10,20
800,1954,19,509,113,10,20
800,1954,19,513,135,16,22
800,1954,19,613,113,17,23
800,1954,19,612,138,4,24
800,1954,19,556,138,4,24
800,1954,19,702,134,23,25
800,1954,19,559,113,28,28
800,1954,19,805,139,29,30
800,1954,19,730,134,26,31
801,1954,13,578,6,5,4
803,1954,9,541,105,10,20
803,1954,9,647,105,27,21
804,1954,20,578,6,5,2
806,1954,14,498,6,13,3
807,1954,67,638,105,21,11
792,1955,25,642,6,1,2
792,1955,25,427,6,1,2
792,1955,25,427,6,5,3
792,1955,25,620,6,5,3
792,1955,25,648,131,10,4
792,1955,25,475,131,10,4
792,1955,25,554,105,7,6
792,1955,25,644,105,18,7
792,1955,25,501,105,18,7
792,1955,25,554,105,19,8
792,1955,25,577,105,19,8
792,1955,25,501,105,20,9
792,1955,25,496,105,20,9
792,1955,25,633,132,12,12
793,1955,6,607,105,5,3
793,1955,6,632,6,15,8
793,1955,6,554,105,11,10
794,1955,19,555,113,2,2
794,1955,19,519,113,7,5
795,1955,13,554,105,13,5
797,1955,58,608,6,12,6
797,1955,58,501,118,15,9
797,1955,58,661,125,14,19
784,1956,25,579,6,3,1
784,1956,25,583,105,11,4
784,1956,25,806,105,13,6
785,1956,6,579,6,9,2
785,1956,6,608,6,1,4
785,1956,6,429,128,11,6
786,1956,19,532,113,14,23
787,1956,13,475,105,9,3
788,1956,55,475,105,13,5
788,1956,55,501,118,6,10
789,1956,9,581,6,12,2
789,1956,9,606,6,8,10
791,1956,14,579,6,7,2
791,1956,14,608,6,1,8
791,1956,14,554,105,13,13
791,1956,14,347,105,8,20
776,1957,25,498,6,10,5
776,1957,25,581,6,11,6
776,1957,25,476,6,11,6
777,1957,6,578,6,9,7
777,1957,6,501,105,14,8
779,1957,53,356,87,15,7
780,1957,58,475,118,3,1
780,1957,58,581,6,9,4
780,1957,58,479,118,1,12
783,1957,14,501,105,12,5
783,1957,14,638,105,16,11
770,1958,55,479,118,10,14
774,1958,14,566,105,11,4
746,1960,25,475,170,8,3
742,1961,58,486,102,20,19
728,1963,56,373,172,1,1
728,1963,56,364,34,3,2
728,1963,56,289,66,6,3
728,1963,56,360,170,9,4
728,1963,56,385,6,5,5
728,1963,56,347,170,11,6
728,1963,56,408,170,10,7
728,1963,56,401,172,8,8
728,1963,56,340,170,13,9
728,1963,56,430,95,20,10
728,1963,56,411,89,18,11
728,1963,56,409,167,19,12
728,1963,56,356,34,2,13
728,1963,56,412,180,15,14
728,1963,56,362,51,16,15
728,1963,56,407,34,14,16
728,1963,56,341,6,4,17
728,1963,56,386,66,7,18
728,1963,56,413,172,12,19
728,1963,56,368,89,17,20
728,1963,56,310,176,0,21
728,1963,56,410,172,0,22
728,1963,56,305,26,0,23
337,2010,3,4,6,3,1
337,2010,3,13,6,2,2
337,2010,3,1,1,4,3
337,2010,3,20,9,1,4
337,2010,3,3,131,5,5
337,2010,3,30,131,7,6
337,2010,3,18,1,8,7
337,2010,3,17,9,6,8
337,2010,3,24,10,12,9
337,2010,3,22,3,11,10
337,2010,3,9,4,9,11
337,2010,3,16,10,10,12
337,2010,3,153,5,18,13
337,2010,3,807,3,13,14
337,2010,3,5,205,21,15
337,2010,3,67,5,15,16
337,2010,3,15,205,20,17
337,2010,3,37,15,14,18
337,2010,3,811,164,23,19
337,2010,3,10,166,19,20
337,2010,3,808,4,17,21
337,2010,3,155,15,16,22
337,2010,3,810,166,22,23
337,2010,3,812,164,24,24
338,2010,1,18,1,4,1
338,2010,1,9,4,9,2
338,2010,1,13,6,5,3
338,2010,1,4,6,3,4
338,2010,1,3,131,6,5
338,2010,1,1,1,11,6
338,2010,1,24,10,13,7
338,2010,1,22,3,8,8
338,2010,1,17,9,2,9
338,2010,1,30,131,7,10
338,2010,1,153,5,17,11
338,2010,1,37,15,14,12
338,2010,1,5,205,19,13
338,2010,1,812,164,22,14
338,2010,1,10,166,23,15
338,2010,1,810,166,24,16
338,2010,1,20,9,1,17
338,2010,1,16,10,10,18
338,2010,1,808,4,18,19
338,2010,1,811,164,21,20
338,2010,1,67,5,12,21
338,2010,1,807,3,15,22
338,2010,1,155,15,16,23
338,2010,1,15,205,20,24
339,2010,2,20,9,3,1
339,2010,2,17,9,1,2
339,2010,2,3,131,2,3
339,2010,2,9,4,6,4
339,2010,2,16,10,4,5
339,2010,2,1,1,20,6
339,2010,2,13,6,21,7
339,2010,2,18,1,17,8
339,2010,2,153,5,14,9
339,2010,2,807,3,5,10
339,2010,2,67,5,13,11
339,2010,2,22,3,7,12
339,2010,2,4,6,19,13
339,2010,2,810,166,24,14
339,2010,2,812,164,22,15
339,2010,2,811,164,23,16
339,2010,2,15,205,18,17
339,2010,2,5,205,15,18
339,2010,2,808,4,11,19
339,2010,2,24,10,10,20
339,2010,2,30,131,8,21
339,2010,2,155,15,9,22
339,2010,2,10,166,16,23
339,2010,2,37,15,12,24
340,2010,17,18,1,5,1
340,2010,17,1,1,6,2
340,2010,17,3,131,4,3
340,2010,17,4,6,3,4
340,2010,17,9,4,8,5
340,2010,17,20,9,1,6
340,2010,17,808,4,14,7
340,2010,17,17,9,2,8
340,2010,17,13,6,7,9
340,2010,17,30,131,9,10
340,2010,17,16,10,10,11
340,2010,17,22,3,11,12
340,2010,17,153,5,12,13
340,2010,17,5,205,21,14
340,2010,17,807,3,16,15
340,2010,17,811,164,23,16
340,2010,17,812,164,24,17
340,2010,17,15,205,20,18
340,2010,17,810,166,22,19
340,2010,17,37,15,17,20
340,2010,17,67,5,13,21
340,2010,17,155,15,15,22
340,2010,17,24,10,18,23
340,2010,17,10,166,19,24
341,2010,4,17,9,1,1
341,2010,4,4,6,4,2
341,2010,4,20,9,2,3
341,2010,4,30,131,6,4
341,2010,4,18,1,5,5
341,2010,4,13,6,9,6
341,2010,4,16,10,11,7
341,2010,4,9,4,7,8
341,2010,4,22,3,17,9
341,2010,4,153,5,15,10
341,2010,4,808,4,19,11
341,2010,4,155,15,10,12
341,2010,4,3,131,8,13
341,2010,4,1,1,3,14
341,2010,4,24,10,16,15
341,2010,4,807,3,13,16
341,2010,4,15,205,18,17
341,2010,4,10,166,22,18
341,2010,4,810,166,23,19
341,2010,4,67,5,14,20
341,2010,4,812,164,24,21
341,2010,4,37,15,12,22
341,2010,4,811,164,21,23
341,2010,4,5,205,20,24
342,2010,6,17,9,1,1
342,2010,6,20,9,3,2
342,2010,6,9,4,2,3
342,2010,6,13,6,4,4
342,2010,6,1,1,5,5
342,2010,6,4,6,24,6
342,2010,6,3,131,6,7
342,2010,6,16,10,12,8
342,2010,6,24,10,10,9
342,2010,6,67,5,13,10
342,2010,6,153,5,17,11
342,2010,6,30,131,7,12
342,2010,6,808,4,14,13
342,2010,6,812,164,23,14
342,2010,6,15,205,19,15
342,2010,6,5,205,18,16
342,2010,6,811,164,22,17
342,2010,6,22,3,9,18
342,2010,6,155,15,16,19
342,2010,6,810,166,21,20
342,2010,6,10,166,20,21
342,2010,6,37,15,15,22
342,2010,6,18,1,8,23
342,2010,6,807,3,11,24
343,2010,5,1,1,2,1
343,2010,5,18,1,4,2
343,2010,5,17,9,1,3
343,2010,5,30,131,5,4
343,2010,5,3,131,6,5
343,2010,5,9,4,7,6
343,2010,5,13,6,8,7
343,2010,5,4,6,12,8
343,2010,5,16,10,11,9
343,2010,5,155,15,10,10
343,2010,5,37,15,13,11
343,2010,5,153,5,16,12
343,2010,5,24,10,18,13
343,2010,5,22,3,15,14
343,2010,5,808,4,9,15
343,2010,5,67,5,14,16
343,2010,5,807,3,17,17
343,2010,5,10,166,21,18
343,2010,5,810,166,23,19
343,2010,5,812,164,24,20
343,2010,5,811,164,22,21
343,2010,5,20,9,3,22
343,2010,5,5,205,20,23
343,2010,5,15,205,19,24
344,2010,7,1,1,1,1
344,2010,7,18,1,4,2
344,2010,7,4,6,3,3
344,2010,7,20,9,2,4
344,2010,7,17,9,7,5
344,2010,7,3,131,10,6
344,2010,7,9,4,8,7
344,2010,7,67,5,15,8
344,2010,7,24,10,5,9
344,2010,7,16,10,9,10
344,2010,7,30,131,13,11
344,2010,7,153,5,16,12
344,2010,7,807,3,12,13
344,2010,7,22,3,11,14
344,2010,7,13,6,6,15
344,2010,7,5,205,19,16
344,2010,7,808,4,14,17
344,2010,7,812,164,24,18
344,2010,7,810,166,23,19
344,2010,7,10,166,21,20
344,2010,7,15,205,20,21
344,2010,7,37,15,17,22
344,2010,7,811,164,22,23
344,2010,7,155,15,18,24
345,2010,12,20,9,1,1
345,2010,12,1,1,3,2
345,2010,12,18,1,7,3
345,2010,12,22,3,9,4
345,2010,12,9,4,6,5
345,2010,12,16,10,13,6
345,2010,12,155,15,18,7
345,2010,12,4,6,4,8
345,2010,12,67,5,11,9
345,2010,12,3,131,12,10
345,2010,12,13,6,5,11
345,2010,12,37,15,16,12
345,2010,12,153,5,17,13
345,2010,12,808,4,10,14
345,2010,12,30,131,15,15
345,2010,12,24,10,14,16
345,2010,12,810,166,21,17
345,2010,12,812,164,23,18
345,2010,12,10,166,22,19
345,2010,12,811,164,24,20
345,2010,12,15,205,19,21
345,2010,12,807,3,8,22
345,2010,12,5,205,20,23
345,2010,12,17,9,2,24
346,2010,9,17,9,2,1
346,2010,9,1,1,4,2
346,2010,9,3,131,5,3
346,2010,9,18,1,14,4
346,2010,9,22,3,8,5
346,2010,9,155,15,12,6
346,2010,9,20,9,1,7
346,2010,9,16,10,11,8
346,2010,9,30,131,10,9
346,2010,9,807,3,13,10
346,2010,9,24,10,20,11
346,2010,9,67,5,16,12
346,2010,9,808,4,15,13
346,2010,9,4,6,3,14
346,2010,9,13,6,7,15
346,2010,9,15,205,21,16
346,2010,9,5,205,18,17
346,2010,9,10,166,19,18
346,2010,9,812,164,23,19
346,2010,9,29,164,24,20
346,2010,9,153,5,17,21
346,2010,9,37,15,9,22
346,2010,9,9,4,6,23
346,2010,9,810,166,22,24
347,2010,10,4,6,2,1
347,2010,10,13,6,3,2
347,2010,10,20,9,1,3
347,2010,10,1,1,6,4
347,2010,10,18,1,5,5
347,2010,10,17,9,4,6
347,2010,10,9,4,7,7
347,2010,10,3,131,9,8
347,2010,10,30,131,11,9
347,2010,10,808,4,13,10
347,2010,10,155,15,12,11
347,2010,10,22,3,8,12
347,2010,10,807,3,10,13
347,2010,10,37,15,14,14
347,2010,10,153,5,15,15
347,2010,10,24,10,21,16
347,2010,10,16,10,19,17
347,2010,10,10,166,23,18
347,2010,10,811,164,20,19
347,2010,10,5,205,18,20
347,2010,10,810,166,24,21
347,2010,10,29,164,22,22
347,2010,10,15,205,17,23
347,2010,10,67,5,16,24
348,2010,11,17,9,2,1
348,2010,11,4,6,3,2
348,2010,11,20,9,1,3
348,2010,11,13,6,4,4
348,2010,11,808,4,7,5
348,2010,11,807,3,10,6
348,2010,11,37,15,9,7
348,2010,11,18,1,11,8
348,2010,11,155,15,23,9
348,2010,11,22,3,12,10
348,2010,11,30,131,14,11
348,2010,11,67,5,15,12
348,2010,11,24,10,16,13
348,2010,11,5,205,19,14
348,2010,11,15,205,20,15
348,2010,11,10,166,18,16
348,2010,11,811,164,22,17
348,2010,11,810,166,21,18
348,2010,11,29,164,24,19
348,2010,11,1,1,5,20
348,2010,11,9,4,8,21
348,2010,11,3,131,6,22
348,2010,11,16,10,13,23
348,2010,11,153,5,17,24
349,2010,13,1,1,2,1
349,2010,13,17,9,1,2
349,2010,13,9,4,3,3
349,2010,13,13,6,6,4
349,2010,13,16,10,8,5
349,2010,13,3,131,14,6
349,2010,13,30,131,21,7
349,2010,13,155,15,17,8
349,2010,13,808,4,23,9
349,2010,13,24,10,12,10
349,2010,13,37,15,24,11
349,2010,13,67,5,16,12
349,2010,13,153,5,11,13
349,2010,13,807,3,9,14
349,2010,13,20,9,4,15
349,2010,13,5,205,13,16
349,2010,13,810,166,22,17
349,2010,13,10,166,20,18
349,2010,13,15,205,15,19
349,2010,13,29,164,19,20
349,2010,13,4,6,10,21
349,2010,13,18,1,5,22
349,2010,13,811,164,18,23
349,2010,13,22,3,7,24
350,2010,14,4,6,1,1
350,2010,14,18,1,2,2
350,2010,14,13,6,3,3
350,2010,14,20,9,6,4
350,2010,14,3,131,7,5
350,2010,14,17,9,4,6
350,2010,14,807,3,8,7
350,2010,14,9,4,9,8
350,2010,14,30,131,12,9
350,2010,14,22,3,10,10
350,2010,14,67,5,14,11
350,2010,14,24,10,19,12
350,2010,14,808,4,20,13
350,2010,14,37,15,16,14
350,2010,14,153,5,15,15
350,2010,14,16,10,11,16
350,2010,14,10,166,24,17
350,2010,14,5,205,18,18
350,2010,14,29,164,23,19
350,2010,14,810,166,21,20
350,2010,14,15,205,17,21
350,2010,14,811,164,22,22
350,2010,14,1,1,5,23
350,2010,14,155,15,13,24
351,2010,15,4,6,1,1
351,2010,15,20,9,2,2
351,2010,15,17,9,5,3
351,2010,15,18,1,4,4
351,2010,15,3,131,7,5
351,2010,15,22,3,6,6
351,2010,15,9,4,8,7
351,2010,15,13,6,24,8
351,2010,15,16,10,15,9
351,2010,15,807,3,17,10
351,2010,15,808,4,12,11
351,2010,15,153,5,11,12
351,2010,15,30,131,9,13
351,2010,15,67,5,13,14
351,2010,15,810,166,20,15
351,2010,15,5,205,19,16
351,2010,15,10,166,18,17
351,2010,15,2,15,14,18
351,2010,15,1,1,3,19
351,2010,15,32,164,22,20
351,2010,15,155,15,10,21
351,2010,15,811,164,23,22
351,2010,15,15,205,21,23
351,2010,15,24,10,16,24
352,2010,22,20,9,1,1
352,2010,22,17,9,2,2
352,2010,22,4,6,4,3
352,2010,22,18,1,5,4
352,2010,22,1,1,8,5
352,2010,22,30,131,10,6
352,2010,22,155,15,14,7
352,2010,22,2,15,11,8
352,2010,22,22,3,7,9
352,2010,22,67,5,18,10
352,2010,22,153,5,16,11
352,2010,22,5,205,20,12
352,2010,22,15,205,19,13
352,2010,22,10,166,22,14
352,2010,22,811,164,23,15
352,2010,22,29,164,24,16
352,2010,22,3,131,6,17
352,2010,22,16,10,15,18
352,2010,22,9,4,3,19
352,2010,22,807,3,9,20
352,2010,22,13,6,12,21
352,2010,22,808,4,13,22
352,2010,22,24,10,17,23
352,2010,22,810,166,21,24
353,2010,35,4,6,3,1
353,2010,35,1,1,4,2
353,2010,35,13,6,6,3
353,2010,35,30,131,9,4
353,2010,35,9,4,8,5
353,2010,35,24,10,17,6
353,2010,35,22,3,10,7
353,2010,35,155,15,12,8
353,2010,35,2,15,13,9
353,2010,35,807,3,11,10
353,2010,35,153,5,15,11
353,2010,35,18,1,7,12
353,2010,35,5,205,21,13
353,2010,35,811,164,24,14
353,2010,35,29,164,23,15
353,2010,35,16,10,14,16
353,2010,35,20,9,1,17
353,2010,35,808,4,20,18
353,2010,35,10,166,19,19
353,2010,35,67,5,16,20
353,2010,35,810,166,22,21
353,2010,35,15,205,18,22
353,2010,35,17,9,2,23
353,2010,35,3,131,5,24
354,2010,18,20,9,2,1
354,2010,18,17,9,3,2
354,2010,18,4,6,5,3
354,2010,18,1,1,4,4
354,2010,18,18,1,11,5
354,2010,18,3,131,13,6
354,2010,18,30,131,8,7
354,2010,18,807,3,1,8
354,2010,18,9,4,7,9
354,2010,18,155,15,12,10
354,2010,18,153,5,14,11
354,2010,18,16,10,22,12
354,2010,18,67,5,19,13
354,2010,18,22,3,6,14
354,2010,18,13,6,9,15
354,2010,18,808,4,10,16
354,2010,18,2,15,15,17
354,2010,18,5,205,20,18
354,2010,18,15,205,18,19
354,2010,18,10,166,17,20
354,2010,18,811,164,24,21
354,2010,18,32,164,23,22
354,2010,18,810,166,21,23
354,2010,18,24,10,16,24
355,2010,24,20,9,1,1
355,2010,24,1,1,2,2
355,2010,24,18,1,4,3
355,2010,24,3,131,9,4
355,2010,24,9,4,11,5
355,2010,24,808,4,10,6
355,2010,24,4,6,3,7
355,2010,24,17,9,5,8
355,2010,24,153,5,17,9
355,2010,24,13,6,6,10
355,2010,24,2,15,14,11
355,2010,24,22,3,7,12
355,2010,24,16,10,13,13
355,2010,24,155,15,12,14
355,2010,24,67,5,18,15
355,2010,24,807,3,15,16
355,2010,24,5,205,20,17
355,2010,24,810,166,22,18
355,2010,24,811,164,23,19
355,2010,24,32,164,24,20
355,2010,24,15,205,19,21
355,2010,24,10,166,21,22
355,2010,24,30,131,8,23
355,2010,24,24,10,16,24
841,2011,1,20,9,1,1
841,2011,1,1,1,2,2
841,2011,1,808,4,6,3
841,2011,1,4,6,5,4
841,2011,1,17,9,3,5
841,2011,1,18,1,4,6
841,2011,1,13,6,8,7
841,2011,1,67,5,10,8
841,2011,1,16,10,16,9
841,2011,1,814,10,14,10
841,2011,1,153,5,12,11
841,2011,1,2,4,18,12
841,2011,1,15,205,20,13
841,2011,1,816,166,22,14
841,2011,1,10,166,21,15
841,2011,1,22,3,17,16
841,2011,1,3,131,7,17
841,2011,1,5,205,19,18
841,2011,1,30,131,11,19
841,2011,1,813,3,15,20
841,2011,1,155,15,9,21
841,2011,1,815,15,13,22
842,2011,2,20,9,1,1
842,2011,2,18,1,4,2
842,2011,2,2,4,6,3
842,2011,2,17,9,3,4
842,2011,2,13,6,7,5
842,2011,2,4,6,5,6
842,2011,2,155,15,10,7
842,2011,2,1,1,2,8
842,2011,2,30,131,11,9
842,2011,2,814,10,14,10
842,2011,2,16,10,17,11
842,2011,2,3,131,9,12
842,2011,2,67,5,12,13
842,2011,2,153,5,13,14
842,2011,2,5,205,19,15
842,2011,2,10,166,21,16
842,2011,2,808,4,8,17
842,2011,2,24,164,23,18
842,2011,2,816,166,22,19
842,2011,2,15,205,20,20
842,2011,2,815,15,16,21
842,2011,2,22,3,15,22
842,2011,2,39,164,24,23
842,2011,2,813,3,18,24
843,2011,17,1,1,3,1
843,2011,17,20,9,1,2
843,2011,17,17,9,18,3
843,2011,17,18,1,2,4
843,2011,17,3,131,4,5
843,2011,17,13,6,6,6
843,2011,17,4,6,5,7
843,2011,17,30,131,14,8
843,2011,17,808,4,10,9
843,2011,17,155,15,13,10
843,2011,17,814,10,8,11
843,2011,17,2,4,16,12
843,2011,17,22,3,15,13
843,2011,17,67,5,9,14
843,2011,17,16,10,11,15
843,2011,17,5,205,19,16
843,2011,17,815,15,12,17
843,2011,17,813,3,17,18
843,2011,17,15,205,20,19
843,2011,17,816,166,21,20
843,2011,17,10,166,22,21
843,2011,17,24,164,23,22
843,2011,17,39,164,24,23
843,2011,17,153,5,7,24
844,2011,5,20,9,1,1
844,2011,5,17,9,2,2
844,2011,5,4,6,5,3
844,2011,5,1,1,4,4
844,2011,5,3,131,3,5
844,2011,5,18,1,6,6
844,2011,5,2,4,9,7
844,2011,5,808,4,7,8
844,2011,5,67,5,16,9
844,2011,5,155,15,24,10
844,2011,5,13,6,10,11
844,2011,5,30,131,8,12
844,2011,5,16,10,12,13
844,2011,5,815,15,15,14
844,2011,5,22,3,11,15
844,2011,5,153,5,17,16
844,2011,5,813,3,14,17
844,2011,5,15,205,19,18
844,2011,5,5,205,18,19
844,2011,5,816,166,23,20
844,2011,5,39,164,22,21
844,2011,5,24,164,20,22
844,2011,5,814,10,13,23
844,2011,5,10,166,21,24
845,2011,4,20,9,2,1
845,2011,4,1,1,3,2
845,2011,4,18,1,5,3
845,2011,4,17,9,1,4
845,2011,4,4,6,4,5
845,2011,4,30,131,10,6
845,2011,4,3,131,7,7
845,2011,4,2,4,24,8
845,2011,4,815,15,12,9
845,2011,4,155,15,14,10
845,2011,4,808,4,6,11
845,2011,4,814,10,16,12
845,2011,4,16,10,17,13
845,2011,4,67,5,11,14
845,2011,4,813,3,9,15
845,2011,4,153,5,13,16
845,2011,4,22,3,19,17
845,2011,4,15,205,18,18
845,2011,4,10,166,20,19
845,2011,4,816,166,23,20
845,2011,4,39,164,22,21
845,2011,4,13,6,8,22
845,2011,4,5,205,15,23
845,2011,4,24,164,21,24
846,2011,6,20,9,1,1
846,2011,6,4,6,4,2
846,2011,6,18,1,2,3
846,2011,6,17,9,3,4
846,2011,6,155,15,12,5
846,2011,6,1,1,9,6
846,2011,6,16,10,14,7
846,2011,6,2,4,15,8
846,2011,6,22,3,11,9
846,2011,6,67,5,16,10
846,2011,6,3,131,7,11
846,2011,6,814,10,13,12
846,2011,6,15,205,18,13
846,2011,6,5,205,17,14
846,2011,6,816,166,21,15
846,2011,6,24,164,23,16
846,2011,6,39,164,22,17
846,2011,6,813,3,8,18
846,2011,6,808,4,10,19
846,2011,6,153,5,19,20
846,2011,6,13,6,6,21
846,2011,6,30,131,5,22
846,2011,6,10,166,20,23
847,2011,7,18,1,7,1
847,2011,7,20,9,1,2
847,2011,7,17,9,4,3
847,2011,7,30,131,8,4
847,2011,7,808,4,10,5
847,2011,7,13,6,3,6
847,2011,7,155,15,13,7
847,2011,7,153,5,24,8
847,2011,7,22,3,16,9
847,2011,7,67,5,15,10
847,2011,7,3,131,6,11
847,2011,7,37,15,17,12
847,2011,7,24,164,20,13
847,2011,7,39,164,22,14
847,2011,7,816,166,23,15
847,2011,7,10,166,21,16
847,2011,7,15,205,18,17
847,2011,7,814,10,11,18
847,2011,7,813,3,12,19
847,2011,7,2,4,9,20
847,2011,7,16,10,14,21
847,2011,7,4,6,2,22
847,2011,7,5,205,19,23
847,2011,7,1,1,5,24
848,2011,12,20,9,1,1
848,2011,12,4,6,4,2
848,2011,12,17,9,2,3
848,2011,12,1,1,3,4
848,2011,12,13,6,5,5
848,2011,12,18,1,6,6
848,2011,12,3,131,7,7
848,2011,12,153,5,18,8
848,2011,12,16,10,10,9
848,2011,12,2,4,9,10
848,2011,12,815,15,16,11
848,2011,12,22,3,13,12
848,2011,12,67,5,17,13
848,2011,12,814,10,12,14
848,2011,12,808,4,11,15
848,2011,12,155,15,14,16
848,2011,12,30,131,8,17
848,2011,12,813,3,15,18
848,2011,12,5,205,19,19
848,2011,12,15,205,20,20
848,2011,12,10,166,21,21
848,2011,12,816,166,23,22
848,2011,12,24,164,22,23
848,2011,12,39,164,24,24
849,2011,9,4,6,3,1
849,2011,9,20,9,2,2
849,2011,9,17,9,1,3
849,2011,9,1,1,10,4
849,2011,9,13,6,4,5
849,2011,9,3,131,9,6
849,2011,9,815,15,12,7
849,2011,9,2,4,16,8
849,2011,9,30,131,13,9
849,2011,9,153,5,18,10
849,2011,9,16,10,11,11
849,2011,9,808,4,14,12
849,2011,9,22,3,15,13
849,2011,9,813,3,7,14
849,2011,9,814,10,6,15
849,2011,9,10,166,20,16
849,2011,9,816,166,22,17
849,2011,9,24,164,23,18
849,2011,9,817,164,24,19
849,2011,9,18,1,5,20
849,2011,9,67,5,19,21
849,2011,9,155,15,8,22
849,2011,9,15,205,21,23
849,2011,9,5,205,17,24
850,2011,20,1,1,2,1
850,2011,20,4,6,4,2
850,2011,20,17,9,1,3
850,2011,20,20,9,3,4
850,2011,20,13,6,5,5
850,2011,20,16,10,8,6
850,2011,20,3,131,6,7
850,2011,20,30,131,10,8
850,2011,20,155,15,17,9
850,2011,20,808,4,9,10
850,2011,20,815,15,15,11
850,2011,20,153,5,16,12
850,2011,20,814,10,12,13
850,2011,20,813,3,13,14
850,2011,20,67,5,24,15
850,2011,20,5,205,18,16
850,2011,20,10,166,19,17
850,2011,20,816,166,21,18
850,2011,20,817,164,22,19
850,2011,20,812,205,20,20
850,2011,20,24,164,23,21
850,2011,20,18,1,7,22
850,2011,20,22,3,14,23
850,2011,20,2,4,11,24
851,2011,11,18,1,3,1
851,2011,11,20,9,1,2
851,2011,11,4,6,5,3
851,2011,11,1,1,2,4
851,2011,11,17,9,6,5
851,2011,11,13,6,4,6
851,2011,11,814,10,11,7
851,2011,11,67,5,23,8
851,2011,11,3,131,7,9
851,2011,11,153,5,16,10
851,2011,11,155,15,13,11
851,2011,11,808,4,12,12
851,2011,11,22,3,15,13
851,2011,11,16,10,8,14
851,2011,11,815,15,10,15
851,2011,11,813,3,17,16
851,2011,11,10,166,20,17
851,2011,11,817,164,22,18
851,2011,11,816,166,24,19
851,2011,11,24,164,21,20
851,2011,11,5,205,18,21
851,2011,11,30,131,9,22
851,2011,11,2,4,14,23
851,2011,11,15,205,19,24
852,2011,13,20,9,1,1
852,2011,13,17,9,3,2
852,2011,13,18,1,13,3
852,2011,13,4,6,8,4
852,2011,13,30,131,24,5
852,2011,13,3,131,5,6
852,2011,13,16,10,15,7
852,2011,13,13,6,4,8
852,2011,13,808,4,10,9
852,2011,13,813,3,21,10
852,2011,13,814,10,17,11
852,2011,13,155,15,12,12
852,2011,13,811,4,7,13
852,2011,13,15,205,18,14
852,2011,13,5,205,16,15
852,2011,13,22,3,14,16
852,2011,13,816,166,20,17
852,2011,13,10,166,19,18
852,2011,13,24,164,22,19
852,2011,13,815,15,9,20
852,2011,13,817,164,23,21
852,2011,13,1,1,2,22
852,2011,13,67,5,11,23
852,2011,13,153,5,6,24
853,2011,14,20,9,1,1
853,2011,14,18,1,3,2
853,2011,14,4,6,4,3
853,2011,14,1,1,2,4
853,2011,14,30,131,8,5
853,2011,14,13,6,6,6
853,2011,14,153,5,18,7
853,2011,14,814,10,11,8
853,2011,14,811,4,10,9
853,2011,14,67,5,16,10
853,2011,14,813,3,14,11
853,2011,14,22,3,13,12
853,2011,14,5,205,20,13
853,2011,14,15,205,19,14
853,2011,14,10,166,21,15
853,2011,14,817,164,23,16
853,2011,14,815,15,15,17
853,2011,14,155,15,17,18
853,2011,14,16,10,12,19
853,2011,14,17,9,5,20
853,2011,14,816,166,22,21
853,2011,14,808,4,7,22
853,2011,14,3,131,9,23
853,2011,14,24,164,24,24
854,2011,15,20,9,1,1
854,2011,15,18,1,3,2
854,2011,15,17,9,2,3
854,2011,15,4,6,5,4
854,2011,15,1,1,4,5
854,2011,15,814,10,10,6
854,2011,15,3,131,7,7
854,2011,15,16,10,9,8
854,2011,15,13,6,6,9
854,2011,15,815,15,11,10
854,2011,15,813,3,13,11
854,2011,15,67,5,14,12
854,2011,15,22,3,12,13
854,2011,15,155,15,17,14
854,2011,15,811,4,15,15
854,2011,15,5,205,19,16
854,2011,15,808,4,18,17
854,2011,15,816,166,22,18
854,2011,15,817,164,23,19
854,2011,15,24,164,24,20
854,2011,15,153,5,16,21
854,2011,15,15,205,20,22
854,2011,15,30,131,8,23
854,2011,15,10,166,21,24
855,2011,22,18,1,2,1
855,2011,22,4,6,5,2
855,2011,22,20,9,1,3
855,2011,22,17,9,6,4
855,2011,22,1,1,3,5
855,2011,22,30,131,8,6
855,2011,22,13,6,4,7
855,2011,22,815,15,17,8
855,2011,22,808,4,10,9
855,2011,22,3,131,23,10
855,2011,22,16,10,11,11
855,2011,22,814,10,12,12
855,2011,22,155,15,7,13
855,2011,22,813,3,14,14
855,2011,22,153,5,16,15
855,2011,22,811,4,9,16
855,2011,22,22,3,13,17
855,2011,22,5,205,18,18
855,2011,22,15,205,19,19
855,2011,22,10,166,21,20
855,2011,22,816,166,20,21
855,2011,22,817,164,22,22
855,2011,22,24,164,24,23
855,2011,22,67,5,15,24
856,2011,35,20,9,2,1
856,2011,35,1,1,1,2
856,2011,35,17,9,4,3
856,2011,35,18,1,3,4
856,2011,35,4,6,6,5
856,2011,35,13,6,5,6
856,2011,35,153,5,11,7
856,2011,35,3,131,7,8
856,2011,35,67,5,13,9
856,2011,35,814,10,9,10
856,2011,35,16,10,10,11
856,2011,35,22,3,18,12
856,2011,35,811,4,15,13
856,2011,35,5,205,19,14
856,2011,35,155,15,14,15
856,2011,35,815,15,17,16
856,2011,35,15,205,20,17
856,2011,35,10,166,21,18
856,2011,35,817,164,24,19
856,2011,35,816,166,22,20
856,2011,35,24,164,23,21
856,2011,35,813,3,16,22
856,2011,35,808,4,8,23
856,2011,35,30,131,12,24
857,2011,68,20,9,1,1
857,2011,68,18,1,4,2
857,2011,68,4,6,3,3
857,2011,68,17,9,2,4
857,2011,68,30,131,11,5
857,2011,68,3,131,7,6
857,2011,68,1,1,5,7
857,2011,68,153,5,10,8
857,2011,68,16,10,8,9
857,2011,68,815,15,20,10
857,2011,68,808,4,16,11
857,2011,68,811,4,14,12
857,2011,68,814,10,12,13
857,2011,68,5,205,18,14
857,2011,68,22,3,15,15
857,2011,68,816,166,21,16
857,2011,68,39,164,24,17
857,2011,68,817,164,23,18
857,2011,68,15,205,19,19
857,2011,68,13,6,6,20
857,2011,68,67,5,9,21
857,2011,68,813,3,13,22
857,2011,68,10,166,22,23
857,2011,68,155,15,17,24
858,2011,24,1,1,2,1
858,2011,24,4,6,5,2
858,2011,24,18,1,3,3
858,2011,24,17,9,4,4
858,2011,24,13,6,6,5
858,2011,24,3,131,7,6
858,2011,24,30,131,8,7
858,2011,24,16,10,9,8
858,2011,24,814,10,10,9
858,2011,24,155,15,16,10
858,2011,24,815,15,11,11
858,2011,24,22,3,24,12
858,2011,24,808,4,12,13
858,2011,24,813,3,23,14
858,2011,24,153,5,15,15
858,2011,24,811,4,14,16
858,2011,24,5,205,17,17
858,2011,24,15,205,18,18
858,2011,24,10,166,19,19
858,2011,24,24,164,22,20
858,2011,24,817,164,20,21
858,2011,24,67,5,13,22
858,2011,24,816,166,21,23
858,2011,24,20,9,1,24
859,2011,18,17,9,2,1
859,2011,18,20,9,1,2
859,2011,18,18,1,3,3
859,2011,18,4,6,5,4
859,2011,18,13,6,7,5
859,2011,18,16,10,8,6
859,2011,18,3,131,6,7
859,2011,18,814,10,11,8
859,2011,18,155,15,16,9
859,2011,18,808,4,15,10
859,2011,18,153,5,13,11
859,2011,18,67,5,14,12
859,2011,18,815,15,17,13
859,2011,18,22,3,12,14
859,2011,18,30,131,10,15
859,2011,18,5,205,19,16
859,2011,18,811,4,9,17
859,2011,18,15,205,20,18
859,2011,18,816,166,23,19
859,2011,18,817,164,22,20
859,2011,18,24,164,21,21
859,2011,18,1,1,4,22
859,2011,18,813,3,18,23
859,2011,18,10,166,24,24
860,2012,1,18,1,2,1
860,2012,1,20,9,6,2
860,2012,1,1,1,1,3
860,2012,1,17,9,5,4
860,2012,1,4,6,12,5
860,2012,1,155,15,13,6
860,2012,1,8,208,17,7
860,2012,1,815,15,22,8
860,2012,1,817,5,10,9
860,2012,1,814,10,15,10
860,2012,1,818,5,11,11
860,2012,1,3,131,7,12
860,2012,1,813,3,8,13
860,2012,1,10,206,20,14
860,2012,1,819,206,21,15
860,2012,1,811,3,14,16
860,2012,1,13,6,16,17
860,2012,1,5,207,18,18
860,2012,1,808,207,19,19
860,2012,1,30,131,4,20
860,2012,1,154,208,3,21
860,2012,1,807,10,9,22
860,2012,1,37,164,0,23
860,2012,1,39,164,0,24
861,2012,2,4,6,8,1
861,2012,2,815,15,9,2
861,2012,2,1,1,1,3
861,2012,2,17,9,4,4
861,2012,2,8,208,10,5
861,2012,2,811,3,13,6
861,2012,2,814,10,14,7
861,2012,2,818,5,18,8
861,2012,2,807,10,16,9
861,2012,2,30,131,3,10
861,2012,2,20,9,5,11
861,2012,2,817,5,15,12
861,2012,2,3,131,7,13
861,2012,2,18,1,2,14
861,2012,2,13,6,12,15
861,2012,2,808,207,19,16
861,2012,2,10,206,20,17
861,2012,2,5,207,24,18
861,2012,2,813,3,11,19
861,2012,2,819,206,21,20
861,2012,2,39,164,23,21
861,2012,2,37,164,22,22
861,2012,2,155,15,17,23
861,2012,2,154,208,6,24
862,2012,17,3,131,1,1
862,2012,17,18,1,5,2
862,2012,17,1,1,7,3
862,2012,17,17,9,6,4
862,2012,17,20,9,11,5
862,2012,17,154,208,10,6
862,2012,17,811,3,14,7
862,2012,17,813,3,13,8
862,2012,17,4,6,9,9
862,2012,17,155,15,3,10
862,2012,17,815,15,8,11
862,2012,17,814,10,15,12
862,2012,17,13,6,12,13
862,2012,17,8,208,4,14
862,2012,17,807,10,16,15
862,2012,17,818,5,24,16
862,2012,17,817,5,17,17
862,2012,17,808,207,19,18
862,2012,17,10,206,20,19
862,2012,17,819,206,21,20
862,2012,17,37,164,22,21
862,2012,17,39,164,23,22
862,2012,17,5,207,18,23
862,2012,17,30,131,2,24
863,2012,3,20,9,1,1
863,2012,3,8,208,11,2
863,2012,3,154,208,7,3
863,2012,3,17,9,3,4
863,2012,3,3,131,5,5
863,2012,3,814,10,10,6
863,2012,3,4,6,9,7
863,2012,3,1,1,2,8
863,2012,3,13,6,14,9
863,2012,3,30,131,22,10
863,2012,3,815,15,8,11
863,2012,3,807,10,13,12
863,2012,3,155,15,12,13
863,2012,3,818,5,17,14
863,2012,3,817,5,6,15
863,2012,3,808,207,18,16
863,2012,3,5,207,16,17
863,2012,3,18,1,4,18
863,2012,3,10,206,23,19
863,2012,3,37,164,20,20
863,2012,3,39,164,24,21
863,2012,3,811,3,15,22
863,2012,3,813,3,21,23
863,2012,3,819,206,19,24
864,2012,4,813,3,1,1
864,2012,4,4,6,2,2
864,2012,4,8,208,4,3
864,2012,4,154,208,3,4
864,2012,4,155,15,9,5
864,2012,4,20,9,7,6
864,2012,4,3,131,6,7
864,2012,4,1,1,24,8
864,2012,4,18,1,10,9
864,2012,4,807,10,13,10
864,2012,4,17,9,11,11
864,2012,4,818,5,14,12
864,2012,4,817,5,15,13
864,2012,4,814,10,12,14
864,2012,4,13,6,16,15
864,2012,4,5,207,19,16
864,2012,4,808,207,18,17
864,2012,4,10,206,21,18
864,2012,4,37,164,22,19
864,2012,4,815,15,5,20
864,2012,4,819,206,20,21
864,2012,4,39,164,23,22
864,2012,4,811,3,17,23
864,2012,4,30,131,8,24
865,2012,6,17,9,1,1
865,2012,6,3,131,2,2
865,2012,6,4,6,5,3
865,2012,6,20,9,9,4
865,2012,6,1,1,3,5
865,2012,6,13,6,7,6
865,2012,6,814,10,14,7
865,2012,6,807,10,10,8
865,2012,6,8,208,8,9
865,2012,6,811,3,13,10
865,2012,6,815,15,23,11
865,2012,6,818,5,16,12
865,2012,6,5,207,17,13
865,2012,6,10,206,19,14
865,2012,6,39,164,22,15
865,2012,6,18,1,12,16
865,2012,6,817,5,15,17
865,2012,6,819,206,21,18
865,2012,6,30,131,6,19
865,2012,6,808,207,18,20
865,2012,6,155,15,11,21
865,2012,6,37,164,20,22
865,2012,6,813,3,24,23
865,2012,6,154,208,4,24
866,2012,7,1,1,2,1
866,2012,7,154,208,7,2
866,2012,7,815,15,15,3
866,2012,7,20,9,1,4
866,2012,7,4,6,3,5
866,2012,7,3,131,5,6
866,2012,7,17,9,4,7
866,2012,7,8,208,12,8
866,2012,7,155,15,11,9
866,2012,7,13,6,6,10
866,2012,7,814,10,8,11
866,2012,7,807,10,13,12
866,2012,7,813,3,22,13
866,2012,7,817,5,14,14
866,2012,7,818,5,19,15
866,2012,7,18,1,10,16
866,2012,7,811,3,16,17
866,2012,7,5,207,17,18
866,2012,7,808,207,18,19
866,2012,7,819,206,23,20
866,2012,7,10,206,21,21
866,2012,7,30,131,9,22
866,2012,7,37,164,20,23
866,2012,7,39,164,24,24
867,2012,12,4,6,11,1
867,2012,12,8,208,5,2
867,2012,12,30,131,12,3
867,2012,12,17,9,19,4
867,2012,12,807,10,8,5
867,2012,12,3,131,6,6
867,2012,12,814,10,10,7
867,2012,12,18,1,9,8
867,2012,12,815,15,15,9
867,2012,12,811,3,14,10
867,2012,12,817,5,17,11
867,2012,12,813,3,3,12
867,2012,12,808,207,20,13
867,2012,12,5,207,16,14
867,2012,12,819,206,23,15
867,2012,12,13,6,13,16
867,2012,12,37,164,21,17
867,2012,12,39,164,22,18
867,2012,12,1,1,2,19
867,2012,12,154,208,4,20
867,2012,12,20,9,1,21
867,2012,12,155,15,7,22
867,2012,12,818,5,18,23
867,2012,12,10,206,0,24
868,2012,9,17,9,2,1
868,2012,9,4,6,1,2
868,2012,9,20,9,4,3
868,2012,9,13,6,5,4
868,2012,9,8,208,6,5
868,2012,9,154,208,9,6
868,2012,9,30,131,3,7
868,2012,9,1,1,8,8
868,2012,9,811,3,13,9
868,2012,9,18,1,16,10
868,2012,9,155,15,17,11
868,2012,9,807,10,14,12
868,2012,9,817,5,12,13
868,2012,9,818,5,23,14
868,2012,9,3,131,11,15
868,2012,9,813,3,7,16
868,2012,9,5,207,19,17
868,2012,9,10,206,20,18
868,2012,9,819,206,24,19
868,2012,9,37,164,21,20
868,2012,9,39,164,22,21
868,2012,9,815,15,15,22
868,2012,9,814,10,10,23
868,2012,9,808,207,18,24
869,2012,10,4,6,1,1
869,2012,10,18,1,6,2
869,2012,10,8,208,10,3
869,2012,10,155,15,12,4
869,2012,10,20,9,2,5
869,2012,10,815,15,17,6
869,2012,10,30,131,3,7
869,2012,10,17,9,8,8
869,2012,10,807,10,4,9
869,2012,10,3,131,21,10
869,2012,10,814,10,9,11
869,2012,10,13,6,13,12
869,2012,10,817,5,11,13
869,2012,10,818,5,15,14
869,2012,10,813,3,5,15
869,2012,10,808,207,18,16
869,2012,10,811,3,14,17
869,2012,10,154,208,19,18
869,2012,10,5,207,16,19
869,2012,10,819,206,20,20
869,2012,10,37,164,23,21
869,2012,10,10,206,22,22
869,2012,10,39,164,24,23
869,2012,10,1,1,7,24
870,2012,11,1,1,1,1
870,2012,11,8,208,5,2
870,2012,11,154,208,2,3
870,2012,11,20,9,3,4
870,2012,11,4,6,6,5
870,2012,11,18,1,4,6
870,2012,11,811,3,9,7
870,2012,11,17,9,11,8
870,2012,11,13,6,7,9
870,2012,11,3,131,13,10
870,2012,11,807,10,10,11
870,2012,11,814,10,12,12
870,2012,11,813,3,8,13
870,2012,11,815,15,14,14
870,2012,11,817,5,18,15
870,2012,11,818,5,16,16
870,2012,11,5,207,19,17
870,2012,11,155,15,15,18
870,2012,11,808,207,20,19
870,2012,11,819,206,21,20
870,2012,11,10,206,22,21
870,2012,11,37,164,23,22
870,2012,11,39,164,24,23
870,2012,11,30,131,17,24
871,2012,13,18,1,1,1
871,2012,13,20,9,10,2
871,2012,13,8,208,3,3
871,2012,13,807,10,11,4
871,2012,13,13,6,14,5
871,2012,13,17,9,12,6
871,2012,13,30,131,13,7
871,2012,13,818,5,15,8
871,2012,13,817,5,16,9
871,2012,13,814,10,9,10
871,2012,13,3,131,23,11
871,2012,13,811,3,17,12
871,2012,13,155,15,2,13
871,2012,13,808,207,19,14
871,2012,13,10,206,20,15
871,2012,13,819,206,22,16
871,2012,13,5,207,18,17
871,2012,13,37,164,21,18
871,2012,13,39,164,24,19
871,2012,13,813,3,6,20
871,2012,13,815,15,4,21
871,2012,13,4,6,5,22
871,2012,13,1,1,7,23
871,2012,13,154,208,8,24
872,2012,14,1,1,1,1
872,2012,14,815,15,12,2
872,2012,14,4,6,10,3
872,2012,14,13,6,3,4
872,2012,14,8,208,7,5
872,2012,14,30,131,4,6
872,2012,14,3,131,6,7
872,2012,14,814,10,9,8
872,2012,14,155,15,8,9
872,2012,14,811,3,13,10
872,2012,14,813,3,22,11
872,2012,14,817,5,14,12
872,2012,14,816,208,15,13
872,2012,14,5,207,17,14
872,2012,14,808,207,18,15
872,2012,14,819,206,20,16
872,2012,14,10,206,19,17
872,2012,14,37,164,23,18
872,2012,14,39,164,21,19
872,2012,14,17,9,11,20
872,2012,14,807,10,24,21
872,2012,14,20,9,5,22
872,2012,14,18,1,2,23
872,2012,14,818,5,16,24
873,2012,15,20,9,3,1
873,2012,15,18,1,4,2
873,2012,15,4,6,5,3
873,2012,15,814,10,6,4
873,2012,15,3,131,10,5
873,2012,15,8,208,12,6
873,2012,15,154,208,8,7
873,2012,15,13,6,13,8
873,2012,15,817,5,15,9
873,2012,15,815,15,14,10
873,2012,15,17,9,7,11
873,2012,15,10,206,20,12
873,2012,15,155,15,17,13
873,2012,15,807,10,11,14
873,2012,15,5,207,19,15
873,2012,15,819,206,21,16
873,2012,15,37,164,24,17
873,2012,15,811,3,22,18
873,2012,15,808,207,18,19
873,2012,15,818,5,16,20
873,2012,15,30,131,9,21
873,2012,15,813,3,2,22
873,2012,15,39,164,23,23
873,2012,15,1,1,1,24
874,2012,22,20,9,1,1
874,2012,22,13,6,10,2
874,2012,22,155,15,3,3
874,2012,22,18,1,8,4
874,2012,22,1,1,9,5
874,2012,22,8,208,7,6
874,2012,22,807,10,15,7
874,2012,22,813,3,12,8
874,2012,22,17,9,2,9
874,2012,22,817,5,14,10
874,2012,22,30,131,23,11
874,2012,22,814,10,11,12
874,2012,22,818,5,19,13
874,2012,22,811,3,16,14
874,2012,22,5,207,17,15
874,2012,22,10,206,18,16
874,2012,22,808,207,22,17
874,2012,22,37,164,20,18
874,2012,22,154,208,4,19
874,2012,22,819,206,21,20
874,2012,22,39,164,24,21
874,2012,22,815,15,5,22
874,2012,22,4,6,6,23
874,2012,22,3,131,13,24
875,2012,35,20,9,2,1
875,2012,35,17,9,1,2
875,2012,35,4,6,4,3
875,2012,35,13,6,6,4
875,2012,35,8,208,5,5
875,2012,35,807,10,8,6
875,2012,35,154,208,7,7
875,2012,35,818,5,16,8
875,2012,35,817,5,21,9
875,2012,35,1,1,3,10
875,2012,35,815,15,12,11
875,2012,35,814,10,14,12
875,2012,35,30,131,10,13
875,2012,35,813,3,15,14
875,2012,35,811,3,17,15
875,2012,35,808,207,18,16
875,2012,35,5,207,19,17
875,2012,35,10,206,20,18
875,2012,35,819,206,24,19
875,2012,35,39,164,23,20
875,2012,35,37,164,22,21
875,2012,35,155,15,13,22
875,2012,35,3,131,9,23
875,2012,35,18,1,11,24
876,2012,68,20,9,1,1
876,2012,68,4,6,5,2
876,2012,68,17,9,2,3
876,2012,68,1,1,3,4
876,2012,68,18,1,4,5
876,2012,68,13,6,6,6
876,2012,68,8,208,7,7
876,2012,68,807,10,12,8
876,2012,68,154,208,11,9
876,2012,68,811,3,13,10
876,2012,68,3,131,10,11
876,2012,68,814,10,16,12
876,2012,68,817,5,15,13
876,2012,68,155,15,17,14
876,2012,68,818,5,18,15
876,2012,68,813,3,9,16
876,2012,68,808,207,19,17
876,2012,68,5,207,20,18
876,2012,68,819,206,24,19
876,2012,68,10,206,21,20
876,2012,68,39,164,23,21
876,2012,68,30,131,14,22
876,2012,68,37,164,22,23
876,2012,68,815,15,8,24
877,2012,24,8,208,4,1
877,2012,24,4,6,6,2
877,2012,24,20,9,24,3
877,2012,24,18,1,5,4
877,2012,24,813,3,3,5
877,2012,24,155,15,15,6
877,2012,24,13,6,8,7
877,2012,24,811,3,14,8
877,2012,24,814,10,12,9
877,2012,24,817,5,16,10
877,2012,24,30,131,13,11
877,2012,24,818,5,17,12
877,2012,24,5,207,18,13
877,2012,24,10,206,21,14
877,2012,24,815,15,11,15
877,2012,24,808,207,20,16
877,2012,24,37,164,22,17
877,2012,24,819,206,19,18
877,2012,24,154,208,9,19
877,2012,24,17,9,2,20
877,2012,24,1,1,1,21
877,2012,24,39,164,23,22
877,2012,24,3,131,7,23
877,2012,24,807,10,10,24
878,2012,69,1,1,2,1
878,2012,69,20,9,1,2
878,2012,69,4,6,7,3
878,2012,69,13,6,11,4
878,2012,69,18,1,12,5
878,2012,69,8,208,4,6
878,2012,69,154,208,8,7
878,2012,69,807,10,6,8
878,2012,69,813,3,9,9
878,2012,69,811,3,10,10
878,2012,69,815,15,15,11
878,2012,69,817,5,18,12
878,2012,69,3,131,17,13
878,2012,69,155,15,16,14
878,2012,69,814,10,13,15
878,2012,69,30,131,5,16
878,2012,69,808,207,21,17
878,2012,69,5,207,22,18
878,2012,69,10,206,19,19
878,2012,69,819,206,20,20
878,2012,69,37,164,23,21
878,2012,69,39,164,24,22
878,2012,69,17,9,3,23
878,2012,69,818,5,14,24
879,2012,18,18,1,2,1
879,2012,18,4,6,7,2
879,2012,18,13,6,5,3
879,2012,18,17,9,3,4
879,2012,18,807,10,6,5
879,2012,18,20,9,4,6
879,2012,18,30,131,13,7
879,2012,18,818,5,17,8
879,2012,18,155,15,14,9
879,2012,18,8,208,8,10
879,2012,18,808,207,19,11
879,2012,18,819,206,22,12
879,2012,18,817,5,15,13
879,2012,18,5,207,20,14
879,2012,18,3,131,9,15
879,2012,18,10,206,21,16
879,2012,18,37,164,24,17
879,2012,18,39,164,23,18
879,2012,18,814,10,10,19
879,2012,18,1,1,1,20
879,2012,18,154,208,18,21
879,2012,18,813,3,16,22
879,2012,18,811,3,11,23
879,2012,18,815,15,12,24
880,2013,1,8,208,7,1
880,2013,1,4,6,5,2
880,2013,1,20,9,1,3
880,2013,1,13,6,4,4
880,2013,1,1,131,3,5
880,2013,1,17,9,2,6
880,2013,1,16,10,12,7
880,2013,1,814,10,9,8
880,2013,1,18,1,10,9
880,2013,1,154,208,8,10
880,2013,1,815,1,15,11
880,2013,1,818,5,13,12
880,2013,1,821,15,18,13
880,2013,1,822,3,16,14
880,2013,1,824,206,19,15
880,2013,1,819,207,22,16
880,2013,1,820,206,20,17
880,2013,1,823,207,21,18
880,2013,1,817,5,14,19
880,2013,1,3,131,6,20
880,2013,1,813,3,17,21
880,2013,1,807,15,11,22
881,2013,2,20,9,1,1
881,2013,2,17,9,5,2
881,2013,2,1,131,4,3
881,2013,2,3,131,6,4
881,2013,2,13,6,2,5
881,2013,2,154,208,11,6
881,2013,2,8,208,10,7
881,2013,2,807,15,12,8
881,2013,2,815,1,9,9
881,2013,2,818,5,17,10
881,2013,2,822,3,18,11
881,2013,2,821,15,14,12
881,2013,2,824,206,19,13
881,2013,2,819,207,20,14
881,2013,2,823,207,22,15
881,2013,2,820,206,21,16
881,2013,2,18,1,7,17
881,2013,2,817,5,13,18
881,2013,2,813,3,16,19
881,2013,2,16,10,8,20
881,2013,2,814,10,15,21
881,2013,2,4,6,3,22
882,2013,17,4,6,3,1
882,2013,17,8,208,2,2
882,2013,17,1,131,1,3
882,2013,17,20,9,9,4
882,2013,17,18,1,8,5
882,2013,17,13,6,5,6
882,2013,17,817,5,7,7
882,2013,17,814,10,11,8
882,2013,17,154,208,6,9
882,2013,17,807,15,10,10
882,2013,17,815,1,12,11
882,2013,17,818,5,15,12
882,2013,17,822,3,16,13
882,2013,17,813,3,14,14
882,2013,17,824,206,18,15
882,2013,17,819,207,20,16
882,2013,17,820,206,19,17
882,2013,17,823,207,21,18
882,2013,17,3,131,4,19
882,2013,17,17,9,22,20
882,2013,17,16,10,13,21
882,2013,17,821,15,17,22
883,2013,3,20,9,2,1
883,2013,3,8,208,8,2
883,2013,3,154,208,11,3
883,2013,3,814,10,5,4
883,2013,3,1,131,9,5
883,2013,3,815,1,12,6
883,2013,3,17,9,7,7
883,2013,3,4,6,3,8
883,2013,3,3,131,1,9
883,2013,3,18,1,10,10
883,2013,3,813,3,17,11
883,2013,3,807,15,14,12
883,2013,3,16,10,6,13
883,2013,3,822,3,15,14
883,2013,3,13,6,4,15
883,2013,3,817,5,13,16
883,2013,3,819,207,18,17
883,2013,3,821,15,22,18
883,2013,3,824,206,19,19
883,2013,3,820,206,21,20
883,2013,3,823,207,20,21
883,2013,3,818,5,16,22
884,2013,4,4,6,5,1
884,2013,4,8,208,4,2
884,2013,4,13,6,9,3
884,2013,4,20,9,3,4
884,2013,4,17,9,7,5
884,2013,4,3,131,1,6
884,2013,4,814,10,10,7
884,2013,4,18,1,14,8
884,2013,4,815,1,8,9
884,2013,4,817,5,11,10
884,2013,4,821,15,19,11
884,2013,4,1,131,2,12
884,2013,4,16,10,13,13
884,2013,4,813,3,17,14
884,2013,4,807,15,15,15
884,2013,4,822,3,16,16
884,2013,4,819,207,22,17
884,2013,4,824,206,20,18
884,2013,4,820,206,21,19
884,2013,4,818,5,12,20
884,2013,4,823,207,18,21
884,2013,4,154,208,6,22
885,2013,6,3,131,1,1
885,2013,6,20,9,3,2
885,2013,6,17,9,4,3
885,2013,6,1,131,2,4
885,2013,6,16,10,8,5
885,2013,6,18,1,9,6
885,2013,6,4,6,6,7
885,2013,6,818,5,10,8
885,2013,6,814,10,17,9
885,2013,6,8,208,5,10
885,2013,6,807,15,11,11
885,2013,6,822,3,14,12
885,2013,6,821,15,19,13
885,2013,6,820,206,22,14
885,2013,6,823,207,15,15
885,2013,6,815,1,7,16
885,2013,6,154,208,13,17
885,2013,6,817,5,12,18
885,2013,6,824,206,20,19
885,2013,6,813,3,16,20
885,2013,6,13,6,21,21
885,2013,6,819,207,18,22
886,2013,7,20,9,1,1
886,2013,7,4,6,6,2
886,2013,7,1,131,2,3
886,2013,7,17,9,5,4
886,2013,7,3,131,4,5
886,2013,7,818,5,7,6
886,2013,7,814,10,17,7
886,2013,7,13,6,16,8
886,2013,7,8,208,10,9
886,2013,7,16,10,8,10
886,2013,7,815,1,12,11
886,2013,7,18,1,14,12
886,2013,7,154,208,22,13
886,2013,7,822,3,3,14
886,2013,7,817,5,11,15
886,2013,7,813,3,13,16
886,2013,7,824,206,19,17
886,2013,7,819,207,18,18
886,2013,7,820,206,20,19
886,2013,7,821,15,15,20
886,2013,7,807,15,9,21
886,2013,7,823,207,21,22
887,2013,9,3,131,2,1
887,2013,9,17,9,4,2
887,2013,9,4,6,9,3
887,2013,9,1,131,1,4
887,2013,9,8,208,8,5
887,2013,9,13,6,11,6
887,2013,9,16,10,6,7
887,2013,9,817,5,5,8
887,2013,9,814,10,21,9
887,2013,9,807,15,14,10
887,2013,9,813,3,15,11
887,2013,9,822,3,16,12
887,2013,9,18,1,10,13
887,2013,9,821,15,17,14
887,2013,9,819,207,18,15
887,2013,9,824,206,19,16
887,2013,9,820,206,20,17
887,2013,9,823,207,22,18
887,2013,9,154,208,7,19
887,2013,9,815,1,13,20
887,2013,9,20,9,3,21
887,2013,9,818,5,12,22
888,2013,20,20,9,2,1
888,2013,20,8,208,4,2
888,2013,20,154,208,5,3
888,2013,20,4,6,8,4
888,2013,20,1,131,1,5
888,2013,20,18,1,9,6
888,2013,20,17,9,3,7
888,2013,20,815,1,13,8
888,2013,20,3,131,11,9
888,2013,20,807,15,10,10
888,2013,20,814,10,12,11
888,2013,20,817,5,6,12
888,2013,20,16,10,15,13
888,2013,20,821,15,14,14
888,2013,20,813,3,18,15
888,2013,20,822,3,17,16
888,2013,20,819,207,22,17
888,2013,20,823,207,20,18
888,2013,20,820,206,21,19
888,2013,20,818,5,16,20
888,2013,20,824,206,19,21
888,2013,20,13,6,7,22
890,2013,11,1,131,1,1
890,2013,11,8,208,6,2
890,2013,11,20,9,2,3
890,2013,11,17,9,10,4
890,2013,11,4,6,5,5
890,2013,11,154,208,3,6
890,2013,11,18,1,13,7
890,2013,11,13,6,7,8
890,2013,11,815,1,9,9
890,2013,11,813,3,15,10
890,2013,11,807,15,12,11
890,2013,11,818,5,14,12
890,2013,11,817,5,8,13
890,2013,11,823,207,20,14
890,2013,11,819,207,19,15
890,2013,11,824,206,21,16
890,2013,11,820,206,22,17
890,2013,11,814,10,18,18
890,2013,11,3,131,4,19
890,2013,11,822,3,16,20
890,2013,11,821,15,17,21
890,2013,11,16,10,11,22
891,2013,13,20,9,2,1
891,2013,13,4,6,9,2
891,2013,13,1,131,1,3
891,2013,13,3,131,4,4
891,2013,13,17,9,3,5
891,2013,13,18,1,6,6
891,2013,13,13,6,10,7
891,2013,13,154,208,7,8
891,2013,13,16,10,12,9
891,2013,13,817,5,19,10
891,2013,13,815,1,13,11
891,2013,13,818,5,18,12
891,2013,13,807,15,11,13
891,2013,13,821,15,21,14
891,2013,13,822,3,20,15
891,2013,13,823,207,14,16
891,2013,13,813,3,17,17
891,2013,13,824,206,15,18
891,2013,13,820,206,16,19
891,2013,13,814,10,5,20
891,2013,13,8,208,8,21
891,2013,13,819,207,22,22
892,2013,14,20,9,1,1
892,2013,14,4,6,5,2
892,2013,14,17,9,2,3
892,2013,14,13,6,4,4
892,2013,14,807,15,3,5
892,2013,14,3,131,6,6
892,2013,14,817,5,7,7
892,2013,14,154,208,13,8
892,2013,14,1,131,12,9
892,2013,14,18,1,9,10
892,2013,14,8,208,11,11
892,2013,14,815,1,8,12
892,2013,14,821,15,16,13
892,2013,14,813,3,14,14
892,2013,14,822,3,18,15
892,2013,14,16,10,17,16
892,2013,14,819,207,20,17
892,2013,14,823,207,19,18
892,2013,14,824,206,21,19
892,2013,14,820,206,22,20
892,2013,14,818,5,10,21
892,2013,14,814,10,15,22
893,2013,15,20,9,1,1
893,2013,15,4,6,7,2
893,2013,15,8,208,13,3
893,2013,15,3,131,2,4
893,2013,15,1,131,5,5
893,2013,15,13,6,6,6
893,2013,15,18,1,8,7
893,2013,15,815,1,14,8
893,2013,15,807,15,11,9
893,2013,15,16,10,15,10
893,2013,15,813,3,18,11
893,2013,15,821,15,10,12
893,2013,15,822,3,16,13
893,2013,15,818,5,12,14
893,2013,15,17,9,4,15
893,2013,15,823,207,20,16
893,2013,15,820,206,22,17
893,2013,15,824,206,21,18
893,2013,15,819,207,19,19
893,2013,15,814,10,17,20
893,2013,15,154,208,3,21
893,2013,15,817,5,9,22
894,2013,35,20,9,1,1
894,2013,35,8,208,9,2
894,2013,35,154,208,3,3
894,2013,35,807,15,7,4
894,2013,35,1,131,2,5
894,2013,35,4,6,5,6
894,2013,35,3,131,4,7
894,2013,35,18,1,11,8
894,2013,35,13,6,6,9
894,2013,35,815,1,10,10
894,2013,35,821,15,8,11
894,2013,35,822,3,17,12
894,2013,35,813,3,18,13
894,2013,35,819,207,19,14
894,2013,35,823,207,20,15
894,2013,35,824,206,22,16
894,2013,35,820,206,21,17
894,2013,35,818,5,16,18
894,2013,35,817,5,12,19
894,2013,35,16,10,14,20
894,2013,35,17,9,13,21
894,2013,35,814,10,15,22
895,2013,22,20,9,2,1
895,2013,22,17,9,1,2
895,2013,22,154,208,4,3
895,2013,22,4,6,8,4
895,2013,22,8,208,9,5
895,2013,22,807,15,7,6
895,2013,22,821,15,14,7
895,2013,22,3,131,6,8
895,2013,22,18,1,10,9
895,2013,22,13,6,5,10
895,2013,22,814,10,12,11
895,2013,22,818,5,17,12
895,2013,22,817,5,16,13
895,2013,22,16,10,22,14
895,2013,22,815,1,11,15
895,2013,22,813,3,15,16
895,2013,22,822,3,13,17
895,2013,22,819,207,20,18
895,2013,22,820,206,18,19
895,2013,22,1,131,3,20
895,2013,22,823,207,19,21
895,2013,22,824,206,21,22
896,2013,68,20,9,1,1
896,2013,68,3,131,2,2
896,2013,68,154,208,17,3
896,2013,68,13,6,5,4
896,2013,68,815,1,9,5
896,2013,68,1,131,3,6
896,2013,68,8,208,6,7
896,2013,68,814,10,12,8
896,2013,68,16,10,13,9
896,2013,68,817,5,11,10
896,2013,68,4,6,8,11
896,2013,68,813,3,18,12
896,2013,68,818,5,14,13
896,2013,68,18,1,10,14
896,2013,68,821,15,16,15
896,2013,68,822,3,15,16
896,2013,68,820,206,22,17
896,2013,68,824,206,19,18
896,2013,68,807,15,7,19
896,2013,68,17,9,4,20
896,2013,68,819,207,21,21
896,2013,68,823,207,20,22
897,2013,24,20,9,2,1
897,2013,24,17,9,1,2
897,2013,24,3,131,3,3
897,2013,24,154,208,6,4
897,2013,24,4,6,10,5
897,2013,24,814,10,11,6
897,2013,24,1,131,4,7
897,2013,24,13,6,7,8
897,2013,24,815,1,8,9
897,2013,24,16,10,17,10
897,2013,24,813,3,14,11
897,2013,24,18,1,12,12
897,2013,24,821,15,16,13
897,2013,24,807,15,5,14
897,2013,24,822,3,15,15
897,2013,24,817,5,9,16
897,2013,24,818,5,13,17
897,2013,24,823,207,18,18
897,2013,24,819,207,19,19
897,2013,24,824,206,21,20
897,2013,24,820,206,20,21
897,2013,24,8,208,22,22
898,2013,69,20,9,1,1
898,2013,69,154,208,3,2
898,2013,69,17,9,2,3
898,2013,69,1,131,5,4
898,2013,69,4,6,6,5
898,2013,69,807,15,4,6
898,2013,69,815,1,7,7
898,2013,69,822,3,9,8
898,2013,69,3,131,12,9
898,2013,69,18,1,15,10
898,2013,69,817,5,10,11
898,2013,69,818,5,14,12
898,2013,69,13,6,13,13
898,2013,69,821,15,20,14
898,2013,69,5,208,8,15
898,2013,69,814,10,11,16
898,2013,69,813,3,17,17
898,2013,69,824,206,19,18
898,2013,69,823,207,18,19
898,2013,69,819,207,22,20
898,2013,69,820,206,21,21
898,2013,69,16,10,16,22
899,2013,18,20,9,1,1
899,2013,18,17,9,4,2
899,2013,18,4,6,3,3
899,2013,18,18,1,14,4
899,2013,18,3,131,2,5
899,2013,18,815,1,19,6
899,2013,18,13,6,9,7
899,2013,18,807,15,10,8
899,2013,18,1,131,5,9
899,2013,18,817,5,7,10
899,2013,18,814,10,12,11
899,2013,18,821,15,17,12
899,2013,18,16,10,15,13
899,2013,18,5,208,11,14
899,2013,18,818,5,8,15
899,2013,18,813,3,16,16
899,2013,18,824,206,21,17
899,2013,18,823,207,20,18
899,2013,18,820,206,22,19
899,2013,18,819,207,18,20
899,2013,18,822,3,13,21
899,2013,18,154,208,6,22
900,2014,1,3,131,3,1
900,2014,1,825,1,4,2
900,2014,1,18,1,10,3
900,2014,1,4,6,5,4
900,2014,1,822,3,15,5
900,2014,1,807,10,7,6
900,2014,1,8,6,11,7
900,2014,1,818,5,6,8
900,2014,1,826,5,8,9
900,2014,1,815,10,16,10
900,2014,1,16,15,13,11
900,2014,1,821,15,20,12
900,2014,1,820,206,17,13
900,2014,1,824,206,18,14
900,2014,1,154,208,22,15
900,2014,1,813,208,21,16
900,2014,1,828,207,19,17
900,2014,1,20,9,12,18
900,2014,1,1,131,1,19
900,2014,1,13,3,9,20
900,2014,1,155,207,14,21
900,2014,1,817,9,2,22
901,2014,2,1,131,1,1
901,2014,2,3,131,3,2
901,2014,2,20,9,2,3
901,2014,2,4,6,4,4
901,2014,2,807,10,7,5
901,2014,2,18,1,10,6
901,2014,2,13,3,13,7
901,2014,2,822,3,18,8
901,2014,2,825,1,8,9
901,2014,2,826,5,11,10
901,2014,2,154,208,15,11
901,2014,2,8,6,6,12
901,2014,2,155,207,20,13
901,2014,2,828,207,22,14
901,2014,2,820,206,21,15
901,2014,2,817,9,5,16
901,2014,2,821,15,12,17
901,2014,2,16,15,17,18
901,2014,2,818,5,9,19
901,2014,2,824,206,19,20
901,2014,2,813,208,16,21
901,2014,2,815,10,14,22
902,2014,3,1,131,2,1
902,2014,3,3,131,1,2
902,2014,3,815,10,4,3
902,2014,3,817,9,13,4
902,2014,3,807,10,11,5
902,2014,3,20,9,10,6
902,2014,3,13,3,7,7
902,2014,3,822,3,3,8
902,2014,3,4,6,9,9
902,2014,3,8,6,5,10
902,2014,3,826,5,12,11
902,2014,3,154,208,16,12
902,2014,3,820,206,21,13
902,2014,3,813,208,17,14
902,2014,3,155,207,18,15
902,2014,3,824,206,19,16
902,2014,3,18,1,6,17
902,2014,3,825,1,8,18
902,2014,3,821,15,15,19
902,2014,3,828,207,20,20
902,2014,3,818,5,14,21
902,2014,3,16,15,22,22
903,2014,17,1,131,1,1
903,2014,17,3,131,4,2
903,2014,17,4,6,5,3
903,2014,17,817,9,2,4
903,2014,17,20,9,3,5
903,2014,17,807,10,8,6
903,2014,17,822,3,7,7
903,2014,17,8,6,11,8
903,2014,17,815,10,16,9
903,2014,17,826,5,13,10
903,2014,17,18,1,12,11
903,2014,17,818,5,9,12
903,2014,17,825,1,15,13
903,2014,17,813,208,22,14
903,2014,17,13,3,6,15
903,2014,17,821,15,17,16
903,2014,17,824,206,19,17
903,2014,17,155,207,18,18
903,2014,17,820,206,21,19
903,2014,17,828,207,20,20
903,2014,17,154,208,10,21
903,2014,17,16,15,14,22
904,2014,4,1,131,1,1
904,2014,4,3,131,2,2
904,2014,4,817,9,3,3
904,2014,4,20,9,15,4
904,2014,4,822,3,4,5
904,2014,4,4,6,7,6
904,2014,4,8,6,6,7
904,2014,4,154,208,5,8
904,2014,4,815,10,11,9
904,2014,4,807,10,10,10
904,2014,4,18,1,8,11
904,2014,4,825,1,14,12
904,2014,4,13,3,9,13
904,2014,4,826,5,12,14
904,2014,4,813,208,22,15
904,2014,4,821,15,13,16
904,2014,4,16,15,16,17
904,2014,4,824,206,18,18
904,2014,4,820,206,17,19
904,2014,4,828,207,19,20
904,2014,4,155,207,20,21
904,2014,4,818,5,21,22
905,2014,6,3,131,1,1
905,2014,6,1,131,2,2
905,2014,6,817,9,3,3
905,2014,6,4,6,5,4
905,2014,6,807,10,11,5
905,2014,6,18,1,12,6
905,2014,6,13,3,16,7
905,2014,6,154,208,14,8
905,2014,6,824,206,21,9
905,2014,6,825,1,8,10
905,2014,6,828,207,22,11
905,2014,6,8,6,6,12
905,2014,6,155,207,20,13
905,2014,6,820,206,19,14
905,2014,6,821,15,17,15
905,2014,6,822,3,13,16
905,2014,6,818,5,7,17
905,2014,6,16,15,18,18
905,2014,6,826,5,9,19
905,2014,6,20,9,4,20
905,2014,6,815,10,10,21
905,2014,6,813,208,15,22
906,2014,7,817,9,6,1
906,2014,7,3,131,1,2
906,2014,7,20,9,3,3
906,2014,7,18,1,9,4
906,2014,7,807,10,11,5
906,2014,7,4,6,7,6
906,2014,7,822,3,4,7
906,2014,7,818,5,8,8
906,2014,7,825,1,12,9
906,2014,7,8,6,10,10
906,2014,7,815,10,13,11
906,2014,7,13,3,5,12
906,2014,7,16,15,16,13
906,2014,7,821,15,22,14
906,2014,7,154,208,14,15
906,2014,7,826,5,15,16
906,2014,7,1,131,2,17
906,2014,7,155,207,21,18
906,2014,7,813,208,17,19
906,2014,7,828,207,20,20
906,2014,7,820,206,18,21
906,2014,7,824,206,19,22
907,2014,70,3,131,3,1
907,2014,70,1,131,9,2
907,2014,70,822,3,2,3
907,2014,70,13,3,1,4
907,2014,70,4,6,4,5
907,2014,70,815,10,15,6
907,2014,70,825,1,6,7
907,2014,70,817,9,5,8
907,2014,70,807,10,10,9
907,2014,70,8,6,8,10
907,2014,70,18,1,11,11
907,2014,70,813,208,13,12
907,2014,70,16,15,16,13
907,2014,70,154,208,22,14
907,2014,70,824,206,18,15
907,2014,70,155,207,19,16
907,2014,70,820,206,21,17
907,2014,70,828,207,20,18
907,2014,70,821,15,17,19
907,2014,70,818,5,14,20
907,2014,70,20,9,12,21
907,2014,70,826,5,7,22
908,2014,9,1,131,6,1
908,2014,9,822,3,14,2
908,2014,9,817,9,8,3
908,2014,9,18,1,3,4
908,2014,9,20,9,2,5
908,2014,9,4,6,16,6
908,2014,9,825,1,5,7
908,2014,9,807,10,4,8
908,2014,9,826,5,9,9
908,2014,9,818,5,10,10
908,2014,9,815,10,7,11
908,2014,9,154,208,11,12
908,2014,9,16,15,13,13
908,2014,9,824,206,12,14
908,2014,9,155,207,22,15
908,2014,9,820,206,17,16
908,2014,9,813,208,20,17
908,2014,9,3,131,1,18
908,2014,9,828,207,21,19
908,2014,9,821,15,19,20
908,2014,9,13,3,15,21
908,2014,9,8,6,18,22
909,2014,10,3,131,1,1
909,2014,10,822,3,2,2
909,2014,10,1,131,20,3
909,2014,10,20,9,6,4
909,2014,10,4,6,7,5
909,2014,10,817,9,5,6
909,2014,10,807,10,9,7
909,2014,10,18,1,11,8
909,2014,10,825,1,4,9
909,2014,10,815,10,10,10
909,2014,10,8,6,12,11
909,2014,10,813,208,18,12
909,2014,10,818,5,13,13
909,2014,10,821,15,16,14
909,2014,10,824,206,17,15
909,2014,10,155,207,19,16
909,2014,10,820,206,21,17
909,2014,10,828,207,22,18
909,2014,10,16,15,15,19
909,2014,10,826,5,8,20
909,2014,10,154,208,14,21
909,2014,10,13,3,3,22
910,2014,11,817,9,4,1
910,2014,11,4,6,5,2
910,2014,11,1,131,22,3
910,2014,11,3,131,1,4
910,2014,11,13,3,6,5
910,2014,11,8,6,16,6
910,2014,11,20,9,2,7
910,2014,11,822,3,3,8
910,2014,11,818,5,8,9
910,2014,11,18,1,7,10
910,2014,11,16,15,11,11
910,2014,11,825,1,21,12
910,2014,11,813,208,20,13
910,2014,11,826,5,10,14
910,2014,11,824,206,15,15
910,2014,11,820,206,18,16
910,2014,11,821,15,13,17
910,2014,11,155,207,17,18
910,2014,11,815,10,12,19
910,2014,11,807,10,9,20
910,2014,11,154,208,14,21
910,2014,11,828,207,19,22
911,2014,13,817,9,5,1
911,2014,13,3,131,1,2
911,2014,13,822,3,6,3
911,2014,13,8,6,8,4
911,2014,13,20,9,3,5
911,2014,13,18,1,10,6
911,2014,13,4,6,4,7
911,2014,13,815,10,13,8
911,2014,13,826,5,11,9
911,2014,13,807,10,18,10
911,2014,13,818,5,12,11
911,2014,13,825,1,7,12
911,2014,13,13,3,9,13
911,2014,13,16,15,14,14
911,2014,13,821,15,20,15
911,2014,13,820,206,19,16
911,2014,13,828,207,22,17
911,2014,13,824,206,16,18
911,2014,13,1,131,2,19
911,2014,13,154,208,15,20
911,2014,13,813,208,17,21
911,2014,13,827,207,21,22
912,2014,14,1,131,1,1
912,2014,14,3,131,2,2
912,2014,14,13,3,4,3
912,2014,14,822,3,3,4
912,2014,14,817,9,9,5
912,2014,14,20,9,8,6
912,2014,14,815,10,10,7
912,2014,14,18,1,6,8
912,2014,14,8,6,11,9
912,2014,14,825,1,5,10
912,2014,14,826,5,21,11
912,2014,14,807,10,13,12
912,2014,14,818,5,12,13
912,2014,14,813,208,16,14
912,2014,14,16,15,14,15
912,2014,14,154,208,17,16
912,2014,14,155,207,18,17
912,2014,14,824,206,19,18
912,2014,14,821,15,15,19
912,2014,14,828,207,22,20
912,2014,14,4,6,7,21
912,2014,14,820,206,20,22
913,2014,15,1,131,1,1
913,2014,15,20,9,4,2
913,2014,15,817,9,3,3
913,2014,15,4,6,5,4
913,2014,15,13,3,6,5
913,2014,15,818,5,12,6
913,2014,15,815,10,15,7
913,2014,15,8,6,7,8
913,2014,15,807,10,13,9
913,2014,15,825,1,9,10
913,2014,15,822,3,8,11
913,2014,15,813,208,18,12
913,2014,15,154,208,16,13
913,2014,15,826,5,10,14
913,2014,15,828,207,22,15
913,2014,15,824,206,19,16
913,2014,15,820,206,21,17
913,2014,15,18,1,11,18
913,2014,15,16,15,17,19
913,2014,15,821,15,14,20
913,2014,15,3,131,2,21
913,2014,15,155,207,20,22
914,2014,22,1,131,2,1
914,2014,22,3,131,1,2
914,2014,22,20,9,9,3
914,2014,22,817,9,6,4
914,2014,22,18,1,8,5
914,2014,22,822,3,3,6
914,2014,22,13,3,4,7
914,2014,22,807,10,13,8
914,2014,22,818,5,20,9
914,2014,22,815,10,11,10
914,2014,22,826,5,12,11
914,2014,22,8,6,10,12
914,2014,22,821,15,15,13
914,2014,22,825,1,7,14
914,2014,22,154,208,16,15
914,2014,22,813,208,22,16
914,2014,22,828,207,17,17
914,2014,22,820,206,21,18
914,2014,22,155,207,19,19
914,2014,22,824,206,18,20
914,2014,22,16,15,14,21
914,2014,22,4,6,5,22
915,2014,71,1,131,1,1
915,2014,71,3,131,2,2
915,2014,71,822,3,3,3
915,2014,71,18,1,4,4
915,2014,71,825,1,11,5
915,2014,71,4,6,7,6
915,2014,71,817,9,6,7
915,2014,71,20,9,10,8
915,2014,71,8,6,8,9
915,2014,71,815,10,12,10
915,2014,71,13,3,18,11
915,2014,71,807,10,17,12
915,2014,71,818,5,9,13
915,2014,71,826,5,5,14
915,2014,71,821,15,13,15
915,2014,71,16,15,14,16
915,2014,71,154,208,15,17
915,2014,71,813,208,21,18
915,2014,71,828,207,16,19
915,2014,71,155,207,19,20
915,2014,71,820,206,20,21
916,2014,69,1,131,2,1
916,2014,69,3,131,1,2
916,2014,69,817,9,5,3
916,2014,69,13,3,4,4
916,2014,69,822,3,3,5
916,2014,69,4,6,6,6
916,2014,69,20,9,18,7
916,2014,69,825,1,7,8
916,2014,69,818,5,14,10
916,2014,69,813,208,10,9
916,2014,69,154,208,16,11
916,2014,69,18,1,12,12
916,2014,69,8,6,8,13
916,2014,69,821,15,15,14
916,2014,69,826,5,17,15
916,2014,69,807,10,13,16
916,2014,69,815,10,11,17
916,2014,69,16,15,9,18
917,2014,18,3,131,1,1
917,2014,18,1,131,2,2
917,2014,18,13,3,3,3
917,2014,18,18,1,5,4
917,2014,18,20,9,6,5
917,2014,18,4,6,8,6
917,2014,18,8,6,10,7
917,2014,18,807,10,12,8
917,2014,18,825,1,7,9
917,2014,18,822,3,4,10
917,2014,18,826,5,17,11
917,2014,18,813,208,16,12
917,2014,18,818,5,15,13
917,2014,18,821,15,11,14
917,2014,18,815,10,18,15
917,2014,18,16,15,13,16
917,2014,18,154,208,14,17
917,2014,18,817,9,9,18
918,2014,24,1,131,2,1
918,2014,24,13,3,4,2
918,2014,24,822,3,3,3
918,2014,24,817,9,20,4
918,2014,24,18,1,6,5
918,2014,24,807,10,12,6
918,2014,24,815,10,11,7
918,2014,24,20,9,19,8
918,2014,24,4,6,8,9
918,2014,24,8,6,7,10
918,2014,24,825,1,9,11
918,2014,24,818,5,10,12
918,2014,24,154,208,18,13
918,2014,24,3,131,1,14
918,2014,24,821,15,14,15
918,2014,24,16,15,13,16
918,2014,24,829,207,17,17
918,2014,24,155,207,16,18
918,2014,24,813,208,15,19
918,2014,24,826,5,5,20
926,2015,1,1,131,1,1
926,2015,1,3,131,2,2
926,2015,1,20,6,4,3
926,2015,1,13,3,3,4
926,2015,1,831,15,10,5
926,2015,1,817,9,6,6
926,2015,1,807,10,13,7
926,2015,1,828,15,15,8
926,2015,1,832,5,7,9
926,2015,1,815,10,14,10
926,2015,1,18,1,16,11
926,2015,1,8,6,5,12
926,2015,1,830,5,11,13
926,2015,1,154,208,8,14
926,2015,1,813,208,9,15
926,2015,1,826,9,12,16
926,2015,1,825,1,17,17
926,2015,1,822,3,0,18
927,2015,2,20,6,2,1
927,2015,2,1,131,1,2
927,2015,2,3,131,3,3
927,2015,2,8,6,11,4
927,2015,2,822,3,8,5
927,2015,2,13,3,7,6
927,2015,2,830,5,6,7
927,2015,2,832,5,15,8
927,2015,2,826,9,5,9
927,2015,2,817,9,4,10
927,2015,2,154,208,10,11
927,2015,2,831,15,16,12
927,2015,2,815,10,14,13
927,2015,2,807,10,13,14
927,2015,2,833,209,19,15
927,2015,2,813,208,12,16
927,2015,2,18,1,17,17
927,2015,2,4,1,18,18
927,2015,2,828,15,9,19
927,2015,2,829,209,0,20
928,2015,17,1,131,1,1
928,2015,17,3,131,2,2
928,2015,17,20,6,3,3
928,2015,17,8,6,6,4
928,2015,17,13,3,4,5
928,2015,17,822,3,5,6
928,2015,17,154,208,8,7
928,2015,17,831,15,9,8
928,2015,17,817,9,7,9
928,2015,17,828,15,10,10
928,2015,17,815,10,15,11
928,2015,17,4,1,18,12
928,2015,17,832,5,14,13
928,2015,17,18,1,17,14
928,2015,17,829,209,19,15
928,2015,17,833,209,20,16
928,2015,17,830,5,13,17
928,2015,17,813,208,11,18
928,2015,17,826,9,12,19
928,2015,17,807,10,16,20
929,2015,3,1,131,1,1
929,2015,3,8,6,4,2
929,2015,3,3,131,3,3
929,2015,3,822,3,5,4
929,2015,3,20,6,2,5
929,2015,3,817,9,7,6
929,2015,3,154,208,10,7
929,2015,3,815,10,11,8
929,2015,3,826,9,17,9
929,2015,3,13,3,6,10
929,2015,3,4,1,14,11
929,2015,3,831,15,12,12
929,2015,3,807,10,8,13
929,2015,3,828,15,13,14
929,2015,3,813,208,16,15
929,2015,3,829,209,18,16
929,2015,3,833,209,19,17
929,2015,3,830,5,15,18
929,2015,3,832,5,9,19
929,2015,3,18,1,20,20
930,2015,4,3,131,1,1
930,2015,4,1,131,2,2
930,2015,4,20,6,3,3
930,2015,4,822,3,4,4
930,2015,4,8,6,7,5
930,2015,4,13,3,9,6
930,2015,4,817,9,10,7
930,2015,4,154,208,11,8
930,2015,4,832,5,5,9
930,2015,4,826,9,8,10
930,2015,4,830,5,6,11
930,2015,4,831,15,15,12
930,2015,4,815,10,18,13
930,2015,4,828,15,16,14
930,2015,4,807,10,17,15
930,2015,4,18,1,14,16
930,2015,4,829,209,19,17
930,2015,4,833,209,20,18
930,2015,4,813,208,12,19
930,2015,4,4,1,13,20
931,2015,6,3,131,2,1
931,2015,6,20,6,3,2
931,2015,6,1,131,1,3
931,2015,6,826,9,5,4
931,2015,6,817,9,4,5
931,2015,6,8,6,6,6
931,2015,6,815,10,7,7
931,2015,6,18,1,10,8
931,2015,6,831,15,14,9
931,2015,6,832,5,0,10
931,2015,6,807,10,11,11
931,2015,6,154,208,15,12
931,2015,6,828,15,17,13
931,2015,6,822,3,16,14
931,2015,6,13,3,12,15
931,2015,6,833,209,19,16
931,2015,6,829,209,18,17
931,2015,6,830,5,9,18
931,2015,6,4,1,13,19
931,2015,6,813,208,8,20
932,2015,7,1,131,1,1
932,2015,7,3,131,2,2
932,2015,7,822,3,4,3
932,2015,7,8,6,3,4
932,2015,7,20,6,18,5
932,2015,7,13,3,15,6
932,2015,7,813,208,6,7
932,2015,7,807,10,7,8
932,2015,7,826,9,8,9
932,2015,7,154,208,5,10
932,2015,7,815,10,10,11
932,2015,7,832,5,11,12
932,2015,7,817,9,9,13
932,2015,7,828,15,12,14
932,2015,7,830,5,19,15
932,2015,7,831,15,14,16
932,2015,7,829,209,17,17
932,2015,7,833,209,16,18
932,2015,7,18,1,20,19
932,2015,7,4,1,13,20
933,2015,70,3,131,2,1
933,2015,70,1,131,1,2
933,2015,70,13,3,4,3
933,2015,70,20,6,3,4
933,2015,70,822,3,6,5
933,2015,70,807,10,5,6
933,2015,70,813,208,10,7
933,2015,70,830,5,7,8
933,2015,70,815,10,13,9
933,2015,70,817,9,18,10
933,2015,70,831,15,8,11
933,2015,70,826,9,15,12
933,2015,70,828,15,11,13
933,2015,70,833,209,16,14
933,2015,70,154,208,9,15
933,2015,70,832,5,12,16
933,2015,70,18,1,20,17
933,2015,70,829,209,17,18
933,2015,70,8,6,14,19
933,2015,70,4,1,19,20
934,2015,9,1,131,1,1
934,2015,9,3,131,2,2
934,2015,9,20,6,6,3
934,2015,9,13,3,3,4
934,2015,9,822,3,4,5
934,2015,9,826,9,7,6
934,2015,9,807,10,9,7
934,2015,9,8,6,5,8
934,2015,9,815,10,11,9
934,2015,9,4,1,17,10
934,2015,9,828,15,15,11
934,2015,9,833,209,20,12
934,2015,9,829,209,19,13
934,2015,9,832,5,8,14
934,2015,9,817,9,10,15
934,2015,9,830,5,13,16
934,2015,9,813,208,14,18
934,2015,9,18,1,18,19
934,2015,9,154,208,12,17
934,2015,9,831,15,16,20
936,2015,11,20,6,3,1
936,2015,11,826,9,7,2
936,2015,11,817,9,4,3
936,2015,11,830,5,9,4
936,2015,11,4,1,15,5
936,2015,11,1,131,1,6
936,2015,11,154,208,10,7
936,2015,11,3,131,2,8
936,2015,11,18,1,16,9
936,2015,11,828,15,17,10
936,2015,11,831,15,18,11
936,2015,11,13,3,8,12
936,2015,11,822,3,6,13
936,2015,11,813,208,14,14
936,2015,11,833,209,19,15
936,2015,11,829,209,20,16
936,2015,11,832,5,12,17
936,2015,11,8,6,5,18
936,2015,11,815,10,13,19
936,2015,11,807,10,11,20
937,2015,13,1,131,1,1
937,2015,13,3,131,2,2
937,2015,13,154,208,9,3
937,2015,13,826,9,12,4
937,2015,13,815,10,4,5
937,2015,13,13,3,6,6
937,2015,13,8,6,16,7
937,2015,13,830,5,18,8
937,2015,13,822,3,3,9
937,2015,13,828,15,13,10
937,2015,13,831,15,14,11
937,2015,13,20,6,8,12
937,2015,13,4,1,20,13
937,2015,13,18,1,19,14
937,2015,13,833,209,17,15
937,2015,13,829,209,15,16
937,2015,13,832,5,10,17
937,2015,13,817,9,5,18
937,2015,13,813,208,7,19
937,2015,13,807,10,11,20
938,2015,14,1,131,1,1
938,2015,14,20,6,3,2
938,2015,14,13,3,5,3
938,2015,14,822,3,6,4
938,2015,14,8,6,2,5
938,2015,14,815,10,7,6
938,2015,14,807,10,9,7
938,2015,14,817,9,19,8
938,2015,14,828,15,12,9
938,2015,14,826,9,18,10
938,2015,14,832,5,17,11
938,2015,14,830,5,20,12
938,2015,14,831,15,17,13
938,2015,14,18,1,15,14
938,2015,14,829,209,13,15
938,2015,14,833,209,14,16
938,2015,14,3,131,4,17
938,2015,14,4,1,16,18
938,2015,14,154,208,8,19
938,2015,14,813,208,10,20
939,2015,15,20,6,1,1
939,2015,15,817,9,2,2
939,2015,15,8,6,3,3
939,2015,15,3,131,6,4
939,2015,15,822,3,7,5
939,2015,15,826,9,4,6
939,2015,15,815,10,13,7
939,2015,15,830,5,8,8
939,2015,15,832,5,14,9
939,2015,15,831,15,16,10
939,2015,15,828,15,17,11
939,2015,15,813,208,18,12
939,2015,15,154,208,10,13
939,2015,15,834,209,20,14
939,2015,15,829,209,19,15
939,2015,15,18,1,15,16
939,2015,15,4,1,12,17
939,2015,15,1,131,5,18
939,2015,15,13,3,9,19
939,2015,15,807,10,11,20
940,2015,22,1,131,2,1
940,2015,22,3,131,1,2
940,2015,22,20,6,4,3
940,2015,22,8,6,6,4
940,2015,22,822,3,3,5
940,2015,22,807,10,13,6
940,2015,22,154,208,8,7
940,2015,22,813,208,11,8
940,2015,22,830,5,17,9
940,2015,22,832,5,10,10
940,2015,22,4,1,12,11
940,2015,22,815,10,9,12
940,2015,22,826,9,20,13
940,2015,22,828,15,15,14
940,2015,22,817,9,7,15
940,2015,22,18,1,14,16
940,2015,22,13,3,5,17
940,2015,22,834,209,19,18
940,2015,22,829,209,18,19
940,2015,22,831,15,16,20
941,2015,71,1,131,2,1
941,2015,71,20,6,4,2
941,2015,71,815,10,7,3
941,2015,71,13,3,15,4
941,2015,71,8,6,5,8
941,2015,71,831,15,12,6
941,2015,71,813,208,14,7
941,2015,71,18,1,13,9
941,2015,71,830,5,9,10
941,2015,71,4,1,19,11
941,2015,71,822,3,3,12
941,2015,71,833,209,18,13
941,2015,71,829,209,17,14
941,2015,71,817,9,10,15
941,2015,71,832,5,20,16
941,2015,71,154,208,8,17
941,2015,71,3,131,1,18
941,2015,71,807,10,6,19
941,2015,71,828,15,17,20
942,2015,69,1,131,2,1
941,2015,71,826,9,11,5
942,2015,69,3,131,1,2
942,2015,69,20,6,13,3
942,2015,69,830,5,8,4
942,2015,69,815,10,5,5
942,2015,69,18,1,11,6
942,2015,69,832,5,20,7
942,2015,69,813,208,12,8
942,2015,69,831,15,15,9
942,2015,69,817,9,3,10
942,2015,69,4,1,9,11
942,2015,69,834,209,17,12
942,2015,69,826,9,4,13
942,2015,69,807,10,6,14
942,2015,69,828,15,14,15
942,2015,69,8,6,18,16
942,2015,69,13,3,7,17
942,2015,69,154,208,10,18
942,2015,69,822,3,16,19
942,2015,69,829,209,19,20
943,2015,32,3,131,1,1
943,2015,32,1,131,2,2
943,2015,32,822,3,6,3
943,2015,32,826,9,4,4
943,2015,32,817,9,5,5
943,2015,32,13,3,7,6
943,2015,32,807,10,10,7
943,2015,32,815,10,9,8
943,2015,32,830,5,8,9
943,2015,32,154,208,12,10
943,2015,32,813,208,13,11
943,2015,32,828,15,14,12
943,2015,32,832,5,11,13
943,2015,32,18,1,20,14
943,2015,32,834,209,16,15
943,2015,32,829,209,17,16
943,2015,32,831,15,15,17
943,2015,32,20,6,3,18
943,2015,32,8,6,19,19
943,2015,32,4,1,18,20
944,2015,18,3,131,1,1
944,2015,18,1,131,2,2
944,2015,18,20,6,3,3
944,2015,18,8,6,4,4
944,2015,18,822,3,7,5
944,2015,18,807,10,5,6
944,2015,18,826,9,6,7
944,2015,18,154,208,14,8
944,2015,18,830,5,9,9
944,2015,18,813,208,15,10
944,2015,18,817,9,19,11
944,2015,18,815,10,11,12
944,2015,18,831,15,13,13
944,2015,18,18,1,16,14
944,2015,18,4,1,20,15
944,2015,18,828,15,12,16
944,2015,18,829,209,18,17
944,2015,18,834,209,17,18
944,2015,18,832,5,10,19
944,2015,18,13,3,8,20
945,2015,24,3,131,1,1
945,2015,24,1,131,2,2
945,2015,24,8,6,3,3
945,2015,24,20,6,15,4
945,2015,24,815,10,4,5
945,2015,24,817,9,5,6
945,2015,24,807,10,7,7
945,2015,24,13,3,8,8
945,2015,24,154,208,18,9
945,2015,24,826,9,9,10
945,2015,24,832,5,10,11
945,2015,24,18,1,12,12
945,2015,24,822,3,6,13
945,2015,24,828,15,17,14
945,2015,24,831,15,14,15
945,2015,24,830,5,11,16
945,2015,24,4,1,16,17
945,2015,24,829,209,19,18
945,2015,24,833,209,20,19
945,2015,24,813,208,13,20
948,2016,1,3,131,2,1
948,2016,1,1,131,1,2
948,2016,1,20,6,3,3
948,2016,1,817,9,8,4
948,2016,1,13,3,6,5
948,2016,1,154,210,19,6
948,2016,1,807,10,10,7
948,2016,1,822,3,16,8
948,2016,1,832,5,7,9
948,2016,1,830,5,5,10
948,2016,1,835,4,13,11
948,2016,1,825,4,14,12
948,2016,1,815,10,9,13
948,2016,1,18,1,12,14
948,2016,1,831,15,17,15
948,2016,1,836,209,21,16
948,2016,1,828,15,15,17
948,2016,1,8,6,4,18
948,2016,1,837,209,22,19
948,2016,1,821,210,20,20
948,2016,1,4,1,11,21
948,2016,1,826,9,18,22
949,2016,3,3,131,2,1
949,2016,3,8,6,4,2
949,2016,3,1,131,1,3
949,2016,3,817,9,5,4
949,2016,3,154,210,9,5
949,2016,3,830,5,10,6
949,2016,3,826,9,15,7
949,2016,3,13,3,7,8
949,2016,3,822,3,6,9
949,2016,3,838,1,12,10
949,2016,3,825,4,22,11
949,2016,3,828,15,17,12
949,2016,3,836,209,16,13
949,2016,3,831,15,21,14
949,2016,3,807,10,8,15
949,2016,3,815,10,18,16
949,2016,3,837,209,20,17
949,2016,3,832,5,11,18
949,2016,3,821,210,13,19
949,2016,3,18,1,14,20
949,2016,3,20,6,3,21
949,2016,3,835,4,19,22
950,2016,17,3,131,1,1
950,2016,17,20,6,4,2
950,2016,17,826,9,6,3
950,2016,17,817,9,2,4
950,2016,17,8,6,3,5
950,2016,17,13,3,10,6
950,2016,17,1,131,22,7
950,2016,17,830,5,9,8
950,2016,17,832,5,8,9
950,2016,17,822,3,5,10
950,2016,17,815,10,7,11
950,2016,17,4,1,11,12
950,2016,17,18,1,12,13
950,2016,17,821,210,18,14
950,2016,17,807,10,13,15
950,2016,17,828,15,15,16
950,2016,17,825,4,17,17
950,2016,17,836,209,21,18
950,2016,17,154,210,14,19
950,2016,17,831,15,16,20
950,2016,17,837,209,20,21
950,2016,17,835,4,19,22
951,2016,71,3,131,1,1
951,2016,71,1,131,10,2
951,2016,71,8,6,3,3
951,2016,71,822,3,2,4
951,2016,71,13,3,4,5
951,2016,71,4,1,14,6
951,2016,71,825,4,17,7
951,2016,71,154,210,15,8
951,2016,71,815,10,6,9
951,2016,71,18,1,12,10
951,2016,71,817,9,5,11
951,2016,71,832,5,11,12
951,2016,71,835,4,18,13
951,2016,71,828,15,22,14
951,2016,71,826,9,8,15
951,2016,71,831,15,19,16
951,2016,71,821,210,16,17
951,2016,71,836,209,20,18
951,2016,71,830,5,9,19
951,2016,71,20,6,7,20
951,2016,71,807,10,13,21
951,2016,71,837,209,21,22
952,2016,4,830,9,4,1
952,2016,4,8,6,5,2
952,2016,4,20,6,6,3
952,2016,4,817,9,3,4
952,2016,4,822,3,7,5
952,2016,4,832,5,8,6
952,2016,4,815,10,9,7
952,2016,4,13,3,18,8
952,2016,4,18,1,12,9
952,2016,4,826,5,13,10
952,2016,4,821,210,16,11
952,2016,4,828,15,19,12
952,2016,4,835,4,17,13
952,2016,4,825,4,15,14
952,2016,4,831,15,20,15
952,2016,4,836,209,21,16
952,2016,4,837,209,22,17
952,2016,4,154,210,14,18
952,2016,4,4,1,10,19
952,2016,4,807,10,11,20
952,2016,4,1,131,1,21
952,2016,4,3,131,2,22
953,2016,6,1,131,3,1
953,2016,6,817,9,1,2
953,2016,6,815,10,7,3
953,2016,6,20,6,4,4
953,2016,6,4,1,9,5
953,2016,6,807,10,5,6
953,2016,6,3,131,2,7
953,2016,6,832,5,6,8
953,2016,6,18,1,13,9
953,2016,6,13,3,14,10
953,2016,6,821,210,12,11
953,2016,6,822,3,10,12
953,2016,6,154,210,15,13
953,2016,6,836,209,20,14
953,2016,6,837,209,19,15
953,2016,6,828,15,17,16
953,2016,6,831,15,0,17
953,2016,6,830,9,0,18
953,2016,6,825,4,16,19
953,2016,6,826,5,8,20
953,2016,6,8,6,11,21
953,2016,6,835,4,18,22
954,2016,7,1,131,1,1
954,2016,7,20,6,3,2
954,2016,7,822,3,7,3
954,2016,7,830,9,5,4
954,2016,7,3,131,2,5
954,2016,7,8,6,6,6
954,2016,7,817,9,4,7
954,2016,7,807,10,9,8
954,2016,7,832,5,20,9
954,2016,7,815,10,11,10
954,2016,7,4,1,10,11
954,2016,7,826,5,15,12
954,2016,7,821,210,13,13
954,2016,7,154,210,14,14
954,2016,7,828,15,21,15
954,2016,7,825,4,22,16
954,2016,7,836,209,17,17
954,2016,7,831,15,18,18
954,2016,7,837,209,19,19
954,2016,7,13,3,8,20
954,2016,7,835,4,16,21
954,2016,7,18,1,12,22
955,2016,73,3,131,1,1
955,2016,73,20,6,3,2
955,2016,73,815,10,7,3
955,2016,73,8,6,4,4
955,2016,73,1,131,10,5
955,2016,73,822,3,8,6
955,2016,73,817,9,2,7
955,2016,73,830,9,9,8
955,2016,73,807,10,12,9
955,2016,73,13,3,5,10
955,2016,73,18,1,19,11
955,2016,73,831,15,15,12
955,2016,73,154,210,11,13
955,2016,73,825,4,22,14
955,2016,73,835,4,21,15
955,2016,73,821,210,14,16
955,2016,73,828,15,20,17
955,2016,73,837,209,16,18
955,2016,73,4,1,13,19
955,2016,73,836,209,17,20
955,2016,73,832,5,18,21
955,2016,73,826,5,6,22
956,2016,70,1,131,1,1
956,2016,70,830,9,8,2
956,2016,70,8,6,4,3
956,2016,70,3,131,6,4
956,2016,70,817,9,5,5
956,2016,70,18,1,3,6
956,2016,70,154,210,13,7
956,2016,70,832,5,15,8
956,2016,70,822,3,7,9
956,2016,70,836,209,12,10
956,2016,70,821,210,11,11
956,2016,70,835,4,19,12
956,2016,70,831,15,21,13
956,2016,70,825,4,17,14
956,2016,70,828,15,18,15
956,2016,70,837,209,20,16
956,2016,70,815,10,16,17
956,2016,70,4,1,14,18
956,2016,70,807,10,2,19
956,2016,70,13,3,0,20
956,2016,70,20,6,9,21
956,2016,70,826,5,0,22
957,2016,9,1,131,1,1
957,2016,9,830,9,3,2
957,2016,9,3,131,2,3
957,2016,9,817,9,4,4
957,2016,9,8,6,5,5
957,2016,9,815,10,10,6
957,2016,9,807,10,8,7
957,2016,9,832,5,7,8
957,2016,9,20,6,11,9
957,2016,9,826,5,15,10
957,2016,9,13,3,12,11
957,2016,9,18,1,17,12
957,2016,9,4,1,9,13
957,2016,9,822,3,6,14
957,2016,9,831,15,21,15
957,2016,9,821,210,14,16
957,2016,9,825,4,16,17
957,2016,9,835,4,18,18
957,2016,9,837,209,19,19
957,2016,9,154,210,13,20
957,2016,9,828,15,22,21
957,2016,9,836,209,20,22
958,2016,11,1,131,2,1
958,2016,11,3,131,1,2
958,2016,11,817,9,3,3
958,2016,11,20,6,5,4
958,2016,11,830,9,4,5
958,2016,11,8,6,14,6
958,2016,11,4,1,7,7
958,2016,11,832,5,6,8
958,2016,11,822,3,10,9
958,2016,11,807,10,9,10
958,2016,11,815,10,13,11
958,2016,11,835,4,17,12
958,2016,11,821,210,15,13
958,2016,11,154,210,11,14
958,2016,11,825,4,19,15
958,2016,11,826,5,12,16
958,2016,11,831,15,16,17
958,2016,11,13,3,18,18
958,2016,11,836,209,20,19
958,2016,11,828,15,22,20
958,2016,11,837,209,21,21
958,2016,11,18,1,8,22
959,2016,10,1,131,2,1
959,2016,10,817,9,3,2
959,2016,10,830,9,4,3
959,2016,10,3,131,1,4
959,2016,10,20,6,6,5
959,2016,10,8,6,5,6
959,2016,10,807,10,8,7
959,2016,10,18,1,12,8
959,2016,10,822,3,7,9
959,2016,10,815,10,9,10
959,2016,10,821,210,11,11
959,2016,10,4,1,13,12
959,2016,10,154,210,20,13
959,2016,10,832,5,15,14
959,2016,10,826,5,18,15
959,2016,10,825,4,16,16
959,2016,10,836,209,17,17
959,2016,10,828,15,22,18
959,2016,10,835,4,14,19
959,2016,10,837,209,19,20
959,2016,10,831,15,21,21
959,2016,10,13,3,10,22
960,2016,13,3,131,1,1
960,2016,13,817,9,5,2
960,2016,13,1,131,21,3
960,2016,13,807,10,7,4
960,2016,13,815,10,6,5
960,2016,13,20,6,4,6
960,2016,13,4,1,22,7
960,2016,13,822,3,8,8
960,2016,13,8,6,3,9
960,2016,13,13,3,10,10
960,2016,13,830,9,2,11
960,2016,13,821,210,18,12
960,2016,13,154,210,11,13
960,2016,13,826,5,19,14
960,2016,13,835,4,13,15
960,2016,13,839,209,17,16
960,2016,13,831,15,16,17
960,2016,13,825,4,12,18
960,2016,13,828,15,20,19
960,2016,13,832,5,14,20
960,2016,13,18,1,9,21
960,2016,13,836,209,15,22
961,2016,14,3,131,2,1
961,2016,14,1,131,1,2
961,2016,14,20,6,3,3
961,2016,14,8,6,4,4
961,2016,14,817,9,6,5
961,2016,14,822,3,5,6
961,2016,14,830,9,7,7
961,2016,14,815,10,8,8
961,2016,14,13,3,11,9
961,2016,14,807,10,9,10
961,2016,14,154,210,17,11
961,2016,14,18,1,14,12
961,2016,14,821,210,10,13
961,2016,14,4,1,12,14
961,2016,14,832,5,15,15
961,2016,14,828,15,19,16
961,2016,14,825,4,21,17
961,2016,14,839,209,22,18
961,2016,14,826,5,16,19
961,2016,14,836,209,13,20
961,2016,14,835,4,20,21
961,2016,14,831,15,18,22
962,2016,15,3,131,1,1
962,2016,15,817,9,2,2
962,2016,15,1,131,3,3
962,2016,15,8,6,5,4
962,2016,15,20,6,22,5
962,2016,15,830,9,4,6
962,2016,15,4,1,9,7
962,2016,15,815,10,17,8
962,2016,15,826,5,7,9
962,2016,15,825,4,15,10
962,2016,15,821,210,13,11
962,2016,15,13,3,11,12
962,2016,15,831,15,16,13
962,2016,15,832,5,6,14
962,2016,15,835,4,18,15
962,2016,15,836,209,19,16
962,2016,15,828,15,14,17
962,2016,15,839,209,21,18
962,2016,15,18,1,12,19
962,2016,15,822,3,10,20
962,2016,15,807,10,8,21
962,2016,15,154,210,20,22
963,2016,2,817,9,4,1
963,2016,2,830,9,3,2
963,2016,2,3,131,2,3
963,2016,2,8,6,6,4
963,2016,2,822,3,11,5
963,2016,2,815,10,7,6
963,2016,2,4,1,22,7
963,2016,2,807,10,8,8
963,2016,2,18,1,9,9
963,2016,2,835,4,19,10
963,2016,2,832,5,16,11
963,2016,2,828,15,17,12
963,2016,2,13,3,10,13
963,2016,2,826,5,15,14
963,2016,2,836,209,21,15
963,2016,2,839,209,20,16
963,2016,2,831,15,18,17
963,2016,2,1,131,1,18
963,2016,2,821,210,13,19
963,2016,2,825,4,14,20
963,2016,2,154,210,12,21
963,2016,2,20,6,5,22
964,2016,22,3,131,1,1
964,2016,22,830,9,3,2
964,2016,22,1,131,2,3
964,2016,22,20,6,6,4
964,2016,22,8,6,8,5
964,2016,22,817,9,4,6
964,2016,22,815,10,5,7
964,2016,22,807,10,9,8
964,2016,22,13,3,12,9
964,2016,22,822,3,11,10
964,2016,22,154,210,7,11
964,2016,22,835,4,16,12
964,2016,22,826,5,13,13
964,2016,22,825,4,17,14
964,2016,22,828,15,18,15
964,2016,22,4,1,15,16
964,2016,22,832,5,14,17
964,2016,22,18,1,22,18
964,2016,22,831,15,19,19
964,2016,22,821,210,10,20
964,2016,22,839,209,20,21
964,2016,22,836,209,21,22
965,2016,69,1,131,1,1
965,2016,69,3,131,2,2
965,2016,69,817,9,3,3
965,2016,69,20,6,6,4
965,2016,69,4,1,12,5
965,2016,69,832,5,10,6
965,2016,69,13,3,9,7
965,2016,69,815,10,11,8
965,2016,69,18,1,19,9
965,2016,69,154,210,17,10
965,2016,69,826,5,13,11
965,2016,69,825,4,18,12
965,2016,69,835,4,15,13
965,2016,69,828,15,16,14
965,2016,69,831,15,21,15
965,2016,69,822,3,8,16
965,2016,69,836,209,20,17
965,2016,69,839,209,22,18
965,2016,69,8,6,5,19
965,2016,69,830,9,4,20
965,2016,69,821,210,14,21
965,2016,69,807,10,7,22
966,2016,32,1,131,1,1
966,2016,32,3,131,2,2
966,2016,32,817,9,4,3
966,2016,32,830,9,3,4
966,2016,32,20,6,7,5
966,2016,32,8,6,6,6
966,2016,32,807,10,5,7
966,2016,32,822,3,8,8
966,2016,32,13,3,9,9
966,2016,32,815,10,12,10
966,2016,32,828,15,15,11
966,2016,32,18,1,13,12
966,2016,32,4,1,11,13
966,2016,32,835,4,21,14
966,2016,32,831,15,19,15
966,2016,32,832,5,10,16
966,2016,32,825,4,14,17
966,2016,32,826,5,18,18
966,2016,32,821,210,17,19
966,2016,32,154,210,22,20
966,2016,32,839,209,20,21
966,2016,32,836,209,16,22
967,2016,18,1,131,1,1
967,2016,18,3,131,2,2
967,2016,18,830,9,4,3
967,2016,18,815,10,9,4
967,2016,18,20,6,5,5
967,2016,18,832,5,15,6
967,2016,18,807,10,8,7
967,2016,18,817,9,6,8
967,2016,18,831,15,21,9
967,2016,18,4,1,10,10
967,2016,18,822,3,11,11
967,2016,18,839,209,22,12
967,2016,18,826,5,14,13
967,2016,18,825,4,18,14
967,2016,18,836,209,19,15
967,2016,18,18,1,17,16
967,2016,18,821,210,12,17
967,2016,18,13,3,13,18
967,2016,18,835,4,16,19
967,2016,18,8,6,3,20
967,2016,18,828,15,20,21
967,2016,18,154,210,7,22
968,2016,24,1,131,1,1
968,2016,24,3,131,2,2
968,2016,24,20,6,5,3
968,2016,24,830,9,6,4
968,2016,24,817,9,3,5
968,2016,24,8,6,4,6
968,2016,24,807,10,7,7
968,2016,24,815,10,8,8
968,2016,24,13,3,10,9
968,2016,24,4,1,9,10
968,2016,24,154,210,14,11
968,2016,24,821,210,13,12
968,2016,24,839,209,20,13
968,2016,24,836,209,16,14
968,2016,24,828,15,22,15
968,2016,24,831,15,19,16
968,2016,24,835,4,15,17
968,2016,24,832,5,21,18
968,2016,24,826,5,17,19
968,2016,24,18,1,12,20
968,2016,24,822,3,11,21
968,2016,24,825,4,18,22
969,2017,1,20,6,2,1
969,2017,1,1,131,1,2
969,2017,1,822,131,3,3
969,2017,1,8,6,4,4
969,2017,1,830,9,5,5
969,2017,1,13,3,7,6
969,2017,1,815,10,10,7
969,2017,1,832,5,8,8
969,2017,1,826,5,9,9
969,2017,1,839,10,13,10
969,2017,1,807,4,11,11
969,2017,1,841,15,16,12
969,2017,1,838,1,18,13
969,2017,1,4,1,12,14
969,2017,1,825,210,17,15
969,2017,1,840,3,20,16
969,2017,1,817,9,0,17
969,2017,1,828,15,14,18
969,2017,1,835,4,19,19
969,2017,1,154,210,6,20
970,2017,17,1,131,1,1
970,2017,17,20,6,2,2
970,2017,17,830,9,16,3
970,2017,17,817,9,5,4
970,2017,17,8,6,4,5
970,2017,17,822,131,3,6
970,2017,17,832,5,11,7
970,2017,17,825,210,12,8
970,2017,17,815,10,8,9
970,2017,17,839,10,17,10
970,2017,17,154,210,19,11
970,2017,17,807,4,7,12
970,2017,17,835,4,20,13
970,2017,17,13,3,6,14
970,2017,17,828,15,14,15
970,2017,17,4,1,13,16
970,2017,17,826,5,9,17
970,2017,17,838,1,15,18
970,2017,17,841,15,18,19
970,2017,17,840,3,10,20
971,2017,3,20,6,3,1
971,2017,3,1,131,2,2
971,2017,3,822,131,1,3
971,2017,3,8,6,5,4
971,2017,3,817,9,4,5
971,2017,3,13,3,8,6
971,2017,3,815,10,18,7
971,2017,3,154,210,9,8
971,2017,3,807,4,7,9
971,2017,3,839,10,14,10
971,2017,3,836,15,13,11
971,2017,3,826,5,11,12
971,2017,3,835,4,10,13
971,2017,3,4,1,15,14
971,2017,3,828,15,19,15
971,2017,3,832,5,16,16
971,2017,3,840,3,12,17
971,2017,3,830,9,6,18
971,2017,3,825,210,20,19
971,2017,3,838,1,17,20
972,2017,71,822,131,3,1
972,2017,71,20,6,1,2
972,2017,71,8,6,2,3
972,2017,71,1,131,4,4
972,2017,71,830,9,7,5
972,2017,71,815,10,9,6
972,2017,71,839,10,10,7
972,2017,71,807,4,8,8
972,2017,71,13,3,6,9
972,2017,71,832,5,14,10
972,2017,71,840,3,11,11
972,2017,71,826,5,12,12
972,2017,71,825,210,13,13
972,2017,71,838,1,20,14
972,2017,71,828,15,18,15
972,2017,71,836,15,17,16
972,2017,71,817,9,5,17
972,2017,71,835,4,16,18
972,2017,71,154,210,19,19
972,2017,71,4,1,15,20
973,2017,4,1,131,1,1
973,2017,4,20,6,2,2
973,2017,4,817,9,6,3
973,2017,4,815,10,8,4
973,2017,4,839,10,10,5
973,2017,4,807,4,13,6
973,2017,4,832,5,12,7
973,2017,4,836,15,15,8
973,2017,4,826,5,19,9
973,2017,4,154,210,14,10
973,2017,4,828,15,16,11
973,2017,4,4,1,7,12
973,2017,4,13,3,9,13
973,2017,4,825,210,11,14
973,2017,4,835,4,17,15
973,2017,4,840,3,18,16
973,2017,4,822,131,3,17
973,2017,4,838,1,20,18
973,2017,4,830,9,5,19
973,2017,4,8,6,4,20
974,2017,6,20,6,2,1
974,2017,6,8,6,1,2
974,2017,6,817,9,5,3
974,2017,6,822,131,3,4
974,2017,6,830,9,4,5
974,2017,6,832,5,6,6
974,2017,6,1,131,13,7
974,2017,6,154,210,8,8
974,2017,6,13,3,14,9
974,2017,6,825,210,11,10
974,2017,6,835,4,16,11
974,2017,6,839,10,15,12
974,2017,6,815,10,7,13
974,2017,6,826,5,9,14
974,2017,6,840,3,17,15
974,2017,6,838,1,12,16
974,2017,6,828,15,19,17
974,2017,6,18,1,20,18
974,2017,6,836,15,18,19
974,2017,6,807,4,10,20
975,2017,7,1,131,1,1
975,2017,7,822,131,3,2
975,2017,7,817,9,6,3
975,2017,7,20,6,2,4
975,2017,7,815,10,8,5
975,2017,7,839,10,9,6
975,2017,7,8,6,4,7
975,2017,7,807,4,10,8
975,2017,7,840,3,17,9
975,2017,7,154,210,14,10
975,2017,7,835,4,15,11
975,2017,7,825,210,18,12
975,2017,7,828,15,19,13
975,2017,7,838,1,16,14
975,2017,7,836,15,20,15
975,2017,7,4,1,12,16
975,2017,7,826,5,11,17
975,2017,7,830,9,5,18
975,2017,7,13,3,7,19
975,2017,7,832,5,13,20
976,2017,73,817,9,10,1
976,2017,73,822,131,2,2
976,2017,73,840,3,8,3
976,2017,73,20,6,4,4
976,2017,73,1,131,1,5
976,2017,73,839,10,7,6
976,2017,73,825,210,12,7
976,2017,73,832,5,15,8
976,2017,73,4,1,19,9
976,2017,73,836,15,14,10
976,2017,73,828,15,17,11
976,2017,73,838,1,18,12
976,2017,73,154,210,16,13
976,2017,73,8,6,3,14
976,2017,73,815,10,6,15
976,2017,73,13,3,9,16
976,2017,73,807,4,13,17
976,2017,73,830,9,5,18
976,2017,73,826,5,11,19
976,2017,73,835,4,20,20
841,2011,1,24,164,0,23
841,2011,1,39,164,0,24
846,2011,6,815,15,0,24
977,2017,70,822,131,1,1
977,2017,70,20,6,2,2
977,2017,70,817,9,4,3
977,2017,70,1,131,8,4
977,2017,70,8,6,3,5
977,2017,70,154,210,6,6
977,2017,70,815,10,7,7
977,2017,70,839,10,9,8
977,2017,70,13,3,17,9
977,2017,70,840,3,18,10
977,2017,70,835,4,16,11
977,2017,70,838,1,13,12
977,2017,70,807,4,11,13
977,2017,70,836,15,20,14
977,2017,70,828,15,19,15
977,2017,70,826,5,14,16
977,2017,70,832,5,10,17
977,2017,70,825,210,15,18
977,2017,70,4,1,12,19
977,2017,70,830,9,5,20
978,2017,9,1,131,1,1
978,2017,9,822,131,9,2
978,2017,9,8,6,2,3
978,2017,9,830,9,4,4
978,2017,9,817,9,19,5
978,2017,9,807,4,5,6
978,2017,9,20,6,3,7
978,2017,9,839,10,7,8
978,2017,9,815,10,6,9
978,2017,9,13,3,14,10
978,2017,9,838,1,8,11
978,2017,9,825,210,16,12
978,2017,9,154,210,10,13
978,2017,9,828,15,18,14
978,2017,9,826,5,12,15
978,2017,9,840,3,15,16
978,2017,9,836,15,17,17
978,2017,9,4,1,20,18
978,2017,9,832,5,13,19
978,2017,9,835,4,11,20
979,2017,11,20,6,1,1
979,2017,11,8,6,2,2
979,2017,11,822,131,3,3
979,2017,11,1,131,4,4
979,2017,11,830,9,5,5
979,2017,11,4,1,7,6
979,2017,11,832,5,9,7
979,2017,11,815,10,13,8
979,2017,11,839,10,11,9
979,2017,11,838,1,8,10
979,2017,11,826,5,16,11
979,2017,11,835,4,10,12
979,2017,11,825,210,15,13
979,2017,11,840,3,17,14
979,2017,11,836,15,18,15
979,2017,11,828,15,20,16
979,2017,11,807,4,12,17
979,2017,11,814,3,19,18
979,2017,11,154,210,14,19
979,2017,11,817,9,6,20
980,2017,13,1,131,1,1
980,2017,13,20,6,2,2
980,2017,13,817,9,6,3
980,2017,13,8,6,4,4
980,2017,13,822,131,3,5
980,2017,13,807,4,7,6
980,2017,13,154,210,11,7
980,2017,13,13,3,16,8
980,2017,13,839,10,9,9
980,2017,13,832,5,13,10
980,2017,13,840,3,15,11
980,2017,13,826,5,19,12
980,2017,13,835,4,14,13
980,2017,13,838,1,20,14
980,2017,13,825,210,12,15
980,2017,13,828,15,17,16
980,2017,13,815,10,8,17
980,2017,13,4,1,10,18
980,2017,13,830,9,5,19
980,2017,13,836,15,18,20
981,2017,14,1,131,1,1
981,2017,14,822,131,4,2
981,2017,14,20,6,6,3
981,2017,14,817,9,16,4
981,2017,14,8,6,5,5
981,2017,14,839,10,3,6
981,2017,14,840,3,2,7
981,2017,14,13,3,7,8
981,2017,14,815,10,10,9
981,2017,14,830,9,13,10
981,2017,14,825,210,9,11
981,2017,14,826,5,8,12
981,2017,14,807,4,14,13
981,2017,14,832,5,15,14
981,2017,14,154,210,20,15
981,2017,14,836,15,12,16
981,2017,14,4,1,19,17
981,2017,14,828,15,11,18
981,2017,14,838,1,18,19
981,2017,14,835,4,17,20
982,2017,15,1,131,5,1
982,2017,15,817,9,3,2
982,2017,15,822,131,6,3
982,2017,15,832,5,10,4
982,2017,15,815,10,12,5
982,2017,15,835,4,11,6
982,2017,15,838,1,9,7
982,2017,15,840,3,18,8
982,2017,15,154,210,15,9
982,2017,15,839,10,14,10
982,2017,15,13,3,17,11
982,2017,15,836,15,19,12
982,2017,15,825,210,16,13
982,2017,15,807,4,7,14
982,2017,15,828,15,20,15
982,2017,15,826,5,13,16
982,2017,15,4,1,8,17
982,2017,15,20,6,1,18
982,2017,15,830,9,2,19
982,2017,15,8,6,4,20
983,2017,2,830,9,3,1
983,2017,2,1,131,1,2
983,2017,2,817,9,4,3
983,2017,2,20,6,20,4
983,2017,2,822,131,5,5
983,2017,2,815,10,9,6
983,2017,2,838,1,7,7
983,2017,2,840,3,13,8
983,2017,2,13,3,11,9
983,2017,2,839,10,6,10
983,2017,2,4,1,10,11
983,2017,2,825,210,17,12
983,2017,2,154,210,16,13
983,2017,2,842,5,15,14
983,2017,2,835,4,12,15
983,2017,2,807,4,8,16
983,2017,2,836,15,18,17
983,2017,2,828,15,19,18
983,2017,2,832,5,14,19
983,2017,2,8,6,0,20
984,2017,22,1,131,1,1
984,2017,22,830,9,4,2
984,2017,22,817,9,3,3
984,2017,22,822,131,6,4
984,2017,22,8,6,10,5
984,2017,22,839,10,5,6
984,2017,22,815,10,7,7
984,2017,22,825,210,12,8
984,2017,22,154,210,13,9
984,2017,22,13,3,8,10
984,2017,22,4,1,20,11
984,2017,22,835,4,18,12
984,2017,22,842,5,14,13
984,2017,22,838,1,9,14
984,2017,22,836,15,17,15
984,2017,22,840,3,15,16
984,2017,22,807,4,11,17
984,2017,22,828,15,16,18
984,2017,22,20,6,2,19
984,2017,22,832,5,19,20
985,2017,69,1,131,1,1
985,2017,69,20,6,2,2
985,2017,69,8,6,5,3
985,2017,69,830,9,16,4
985,2017,69,822,131,3,5
985,2017,69,839,10,6,6
985,2017,69,832,4,7,7
985,2017,69,815,10,9,8
985,2017,69,13,3,10,9
985,2017,69,826,5,11,10
985,2017,69,840,3,15,11
985,2017,69,838,1,20,12
985,2017,69,843,5,19,13
985,2017,69,154,210,12,14
985,2017,69,828,15,13,15
985,2017,69,825,210,17,16
985,2017,69,4,1,8,17
985,2017,69,817,9,4,18
985,2017,69,836,15,14,19
985,2017,69,807,4,18,20
986,2017,32,830,9,2,1
986,2017,32,822,131,4,2
986,2017,32,8,6,5,3
986,2017,32,20,6,1,4
986,2017,32,839,10,6,5
986,2017,32,840,3,11,6
986,2017,32,815,10,9,7
986,2017,32,825,210,14,8
986,2017,32,1,131,3,9
986,2017,32,4,1,18,10
986,2017,32,13,3,10,11
986,2017,32,838,1,19,12
986,2017,32,842,5,20,13
986,2017,32,836,15,13,14
986,2017,32,154,210,15,15
986,2017,32,832,4,8,16
986,2017,32,828,15,12,17
986,2017,32,843,5,17,18
986,2017,32,807,4,7,19
986,2017,32,817,9,16,20
987,2017,18,20,6,2,1
987,2017,18,822,131,1,2
987,2017,18,8,6,3,3
987,2017,18,1,131,20,4
987,2017,18,830,9,4,5
987,2017,18,817,9,14,6
987,2017,18,13,3,9,7
987,2017,18,4,1,6,8
987,2017,18,815,10,5,9
987,2017,18,807,4,7,10
987,2017,18,832,4,8,11
987,2017,18,842,5,19,12
987,2017,18,828,15,17,13
987,2017,18,836,15,15,14
987,2017,18,154,210,11,15
987,2017,18,840,3,16,16
987,2017,18,843,5,18,17
987,2017,18,839,10,10,18
987,2017,18,838,1,12,19
987,2017,18,825,210,13,20
988,2017,24,822,131,1,1
988,2017,24,1,131,2,2
988,2017,24,20,6,3,3
988,2017,24,8,6,5,4
988,2017,24,830,9,6,5
988,2017,24,807,4,7,6
988,2017,24,815,10,8,7
988,2017,24,839,10,9,8
988,2017,24,4,1,11,9
988,2017,24,13,3,10,10
988,2017,24,154,210,16,11
988,2017,24,838,1,13,12
988,2017,24,825,210,14,13
988,2017,24,836,15,18,14
988,2017,24,843,5,20,15
988,2017,24,842,5,17,16
988,2017,24,828,15,19,17
988,2017,24,840,3,15,18
988,2017,24,832,4,12,19
988,2017,24,817,9,4,20
989,2018,1,20,6,3,1
989,2018,1,1,131,1,2
989,2018,1,8,6,2,3
989,2018,1,817,9,8,4
989,2018,1,4,1,10,5
989,2018,1,830,9,4,6
989,2018,1,807,4,7,7
989,2018,1,822,131,15,8
989,2018,1,838,1,11,9
989,2018,1,832,4,9,10
989,2018,1,815,10,12,11
989,2018,1,839,10,14,12
989,2018,1,844,15,18,13
989,2018,1,840,3,13,14
989,2018,1,843,5,16,15
989,2018,1,154,210,6,16
989,2018,1,825,210,5,17
989,2018,1,842,5,20,18
989,2018,1,828,15,17,19
989,2018,1,845,3,19,20
990,2018,3,20,6,1,1
990,2018,3,822,131,3,2
990,2018,3,1,131,9,3
990,2018,3,842,5,5,4
990,2018,3,825,210,6,5
990,2018,3,807,4,7,6
990,2018,3,4,1,13,7
990,2018,3,838,1,14,8
990,2018,3,828,15,17,9
990,2018,3,839,10,8,10
990,2018,3,832,4,10,11
990,2018,3,844,15,19,12
990,2018,3,154,210,16,13
990,2018,3,840,3,20,14
990,2018,3,845,3,18,15
990,2018,3,815,10,12,16
990,2018,3,843,5,11,17
990,2018,3,8,6,2,18
990,2018,3,830,9,15,19
990,2018,3,817,9,4,20
991,2018,17,817,9,6,1
991,2018,17,822,131,3,2
991,2018,17,8,6,2,3
991,2018,17,1,131,4,4
991,2018,17,830,9,5,5
991,2018,17,807,4,7,6
991,2018,17,4,1,13,7
991,2018,17,20,6,1,8
991,2018,17,832,4,9,9
991,2018,17,825,210,11,10
991,2018,17,839,10,12,11
991,2018,17,815,10,8,12
991,2018,17,838,1,14,13
991,2018,17,840,3,18,14
991,2018,17,845,3,16,15
991,2018,17,828,15,20,16
991,2018,17,154,210,10,17
991,2018,17,842,5,17,18
991,2018,17,844,15,19,19
991,2018,17,843,5,15,20
992,2018,73,1,131,2,1
992,2018,73,8,6,6,2
992,2018,73,815,10,8,3
992,2018,73,20,6,1,4
992,2018,73,832,4,9,5
992,2018,73,844,15,13,6
992,2018,73,4,1,12,7
992,2018,73,840,3,10,8
992,2018,73,838,1,16,9
992,2018,73,843,5,19,10
992,2018,73,828,15,18,11
992,2018,73,842,5,17,12
992,2018,73,825,210,15,13
992,2018,73,822,131,3,14
992,2018,73,154,210,20,15
992,2018,73,830,9,5,16
992,2018,73,817,9,4,17
992,2018,73,807,4,14,18
992,2018,73,839,10,7,19
992,2018,73,845,3,11,20
993,2018,4,1,131,1,1
993,2018,4,822,131,2,2
993,2018,4,830,9,5,3
993,2018,4,20,6,3,4
993,2018,4,817,9,6,5
993,2018,4,825,210,7,6
993,2018,4,832,4,9,7
993,2018,4,4,1,8,8
993,2018,4,815,10,15,9
993,2018,4,844,15,14,10
993,2018,4,840,3,18,11
993,2018,4,843,5,20,12
993,2018,4,828,15,17,13
993,2018,4,845,3,19,14
993,2018,4,838,1,11,15
993,2018,4,839,10,13,16
993,2018,4,8,6,4,17
993,2018,4,154,210,10,18
993,2018,4,842,5,12,19
993,2018,4,807,4,16,20
994,2018,6,817,9,1,1
994,2018,6,20,6,2,2
994,2018,6,1,131,3,3
994,2018,6,8,6,4,4
994,2018,6,822,131,5,5
994,2018,6,839,10,6,6
994,2018,6,842,5,10,7
994,2018,6,807,4,11,8
994,2018,6,830,9,20,9
994,2018,6,832,4,8,10
994,2018,6,828,15,16,11
994,2018,6,815,10,9,12
994,2018,6,825,210,19,13
994,2018,6,838,1,12,14
994,2018,6,154,210,18,15
994,2018,6,845,3,13,16
994,2018,6,840,3,17,17
994,2018,6,844,15,14,18
994,2018,6,843,5,15,19
994,2018,6,4,1,7,20
995,2018,7,20,6,1,1
995,2018,7,822,131,2,2
995,2018,7,830,9,3,3
995,2018,7,817,9,6,4
995,2018,7,1,131,4,5
995,2018,7,8,6,5,6
995,2018,7,807,4,7,7
995,2018,7,832,4,9,8
995,2018,7,839,10,8,9
995,2018,7,844,15,13,10
995,2018,7,842,5,16,11
995,2018,7,154,210,20,12
995,2018,7,825,210,11,13
995,2018,7,815,10,10,14
995,2018,7,828,15,19,15
995,2018,7,838,1,15,16
995,2018,7,845,3,18,17
995,2018,7,4,1,14,18
995,2018,7,843,5,12,19
995,2018,7,840,3,17,20
996,2018,34,1,131,1,1
996,2018,34,830,9,4,2
996,2018,34,8,6,6,3
996,2018,34,817,9,5,4
996,2018,34,20,6,3,5
996,2018,34,825,210,9,6
996,2018,34,822,131,2,7
996,2018,34,832,4,7,8
996,2018,34,807,4,12,9
996,2018,34,844,15,8,10
996,2018,34,154,210,10,11
996,2018,34,838,1,17,12
996,2018,34,828,15,15,13
996,2018,34,843,5,20,14
996,2018,34,845,3,18,15
996,2018,34,4,1,16,16
996,2018,34,840,3,19,17
996,2018,34,815,10,13,18
996,2018,34,839,10,11,19
996,2018,34,842,5,14,20
997,2018,70,830,9,4,1
997,2018,70,8,6,3,2
997,2018,70,20,6,6,3
997,2018,70,154,210,5,4
997,2018,70,825,210,8,5
997,2018,70,839,10,11,6
997,2018,70,815,10,16,7
997,2018,70,4,1,13,8
997,2018,70,844,15,18,9
997,2018,70,828,15,20,10
997,2018,70,842,5,12,11
997,2018,70,832,4,9,12
997,2018,70,845,3,17,13
997,2018,70,840,3,14,14
997,2018,70,838,1,15,15
997,2018,70,1,131,2,16
997,2018,70,843,5,19,17
997,2018,70,817,9,7,18
997,2018,70,822,131,1,19
997,2018,70,807,4,10,20
998,2018,9,20,6,2,1
998,2018,9,1,131,1,2
998,2018,9,8,6,3,3
998,2018,9,822,131,4,4
998,2018,9,817,9,6,5
998,2018,9,807,4,11,6
998,2018,9,839,10,10,7
998,2018,9,4,1,13,8
998,2018,9,825,210,7,9
998,2018,9,815,10,12,10
998,2018,9,838,1,17,11
998,2018,9,840,3,19,12
998,2018,9,842,5,14,13
998,2018,9,845,3,18,14
998,2018,9,843,5,0,20
998,2018,9,830,9,5,15
998,2018,9,154,210,8,16
998,2018,9,832,4,16,17
998,2018,9,828,15,15,18
998,2018,9,844,15,9,19
999,2018,10,1,131,14,1
999,2018,10,822,131,2,2
999,2018,10,8,6,3,3
999,2018,10,830,9,4,4
999,2018,10,807,4,7,5
999,2018,10,154,210,6,6
999,2018,10,815,10,10,7
999,2018,10,839,10,15,8
999,2018,10,828,15,13,9
999,2018,10,843,5,17,10
999,2018,10,825,210,5,11
999,2018,10,832,4,8,12
999,2018,10,838,1,19,13
999,2018,10,842,5,16,14
999,2018,10,844,15,9,15
999,2018,10,4,1,11,16
999,2018,10,840,3,18,17
999,2018,10,20,6,1,18
999,2018,10,845,3,12,19
999,2018,10,817,9,20,20
1000,2018,11,1,131,1,1
1000,2018,11,20,6,4,2
1000,2018,11,8,6,3,3
1000,2018,11,817,9,12,4
1000,2018,11,822,131,2,5
1000,2018,11,842,5,6,6
1000,2018,11,825,210,9,7
1000,2018,11,4,1,11,8
1000,2018,11,832,4,5,9
1000,2018,11,154,210,10,10
1000,2018,11,843,5,8,11
1000,2018,11,807,4,13,12
1000,2018,11,839,10,18,13
1000,2018,11,815,10,19,14
1000,2018,11,828,15,14,15
1000,2018,11,845,3,20,16
1000,2018,11,840,3,15,17
1000,2018,11,838,1,16,18
1000,2018,11,830,9,7,19
1000,2018,11,844,15,17,20
1001,2018,13,20,6,2,1
1001,2018,13,1,131,1,2
1001,2018,13,830,9,7,3
1001,2018,13,822,131,19,4
1001,2018,13,815,10,4,5
1001,2018,13,839,10,3,6
1001,2018,13,154,210,5,7
1001,2018,13,825,210,9,8
1001,2018,13,842,5,10,9
1001,2018,13,828,15,13,10
1001,2018,13,832,4,14,11
1001,2018,13,845,3,16,12
1001,2018,13,840,3,17,13
1001,2018,13,843,5,11,14
1001,2018,13,838,1,18,15
1001,2018,13,817,9,8,16
1001,2018,13,8,6,6,17
1001,2018,13,844,15,12,18
1001,2018,13,4,1,15,19
1001,2018,13,807,4,20,20
1002,2018,14,1,131,3,1
1002,2018,14,8,6,1,2
1002,2018,14,822,131,4,3
1002,2018,14,20,6,2,4
1002,2018,14,830,9,5,5
1002,2018,14,839,10,8,6
1002,2018,14,815,10,14,7
1002,2018,14,832,4,7,8
1002,2018,14,840,3,10,9
1002,2018,14,845,3,12,10
1002,2018,14,844,15,15,11
1002,2018,14,838,1,17,12
1002,2018,14,807,4,20,13
1002,2018,14,842,5,9,14
1002,2018,14,828,15,18,15
1002,2018,14,825,210,11,16
1002,2018,14,817,9,19,17
1002,2018,14,4,1,13,18
1002,2018,14,843,5,16,19
1002,2018,14,154,210,6,20
1003,2018,15,1,131,1,1
1003,2018,15,830,9,2,2
1003,2018,15,20,6,3,3
1003,2018,15,822,131,4,4
1003,2018,15,8,6,5,5
1003,2018,15,817,9,6,6
1003,2018,15,4,1,11,7
1003,2018,15,832,4,12,8
1003,2018,15,844,15,13,9
1003,2018,15,807,4,10,10
1003,2018,15,828,15,14,11
1003,2018,15,838,1,18,12
1003,2018,15,842,5,15,13
1003,2018,15,840,3,20,14
1003,2018,15,154,210,8,15
1003,2018,15,815,10,7,16
1003,2018,15,843,5,17,17
1003,2018,15,825,210,16,18
1003,2018,15,845,3,19,19
1003,2018,15,839,10,9,20
1004,2018,71,1,131,2,1
1004,2018,71,822,131,1,2
1004,2018,71,20,6,3,3
1004,2018,71,8,6,4,4
1004,2018,71,830,9,19,5
1004,2018,71,817,9,18,6
1004,2018,71,844,15,7,7
1004,2018,71,825,210,5,8
1004,2018,71,839,10,6,9
1004,2018,71,815,10,8,10
1004,2018,71,154,210,9,11
1004,2018,71,807,4,12,12
1004,2018,71,828,15,10,13
1004,2018,71,4,1,16,14
1004,2018,71,840,3,14,15
1004,2018,71,838,1,15,16
1004,2018,71,832,4,11,17
1004,2018,71,845,3,13,18
1004,2018,71,842,5,17,19
1004,2018,71,843,5,20,20
1005,2018,22,1,131,1,1
1005,2018,22,822,131,2,2
1005,2018,22,830,9,3,3
1005,2018,22,817,9,15,4
1005,2018,22,8,6,4,5
1005,2018,22,20,6,8,6
1005,2018,22,815,10,9,7
1005,2018,22,154,210,5,8
1005,2018,22,839,10,11,9
1005,2018,22,832,4,13,10
1005,2018,22,842,5,7,11
1005,2018,22,828,15,20,12
1005,2018,22,843,5,6,13
1005,2018,22,4,1,18,14
1005,2018,22,838,1,19,15
1005,2018,22,845,3,17,16
1005,2018,22,840,3,14,17
1005,2018,22,844,15,10,18
1005,2018,22,807,4,16,19
1005,2018,22,825,210,12,20
1006,2018,69,8,6,2,1
1006,2018,69,830,9,18,2
1006,2018,69,1,131,1,3
1006,2018,69,20,6,5,4
1006,2018,69,822,131,3,5
1006,2018,69,807,4,7,6
1006,2018,69,832,4,11,7
1006,2018,69,815,10,10,8
1006,2018,69,843,5,20,9
1006,2018,69,828,15,16,10
1006,2018,69,838,1,17,11
1006,2018,69,842,5,19,12
1006,2018,69,845,3,14,13
1006,2018,69,840,3,15,14
1006,2018,69,844,15,9,15
1006,2018,69,817,9,4,16
1006,2018,69,154,210,8,17
1006,2018,69,4,1,13,18
1006,2018,69,839,10,6,19
1006,2018,69,825,210,12,20
1007,2018,32,830,9,2,1
1007,2018,32,20,6,4,2
1007,2018,32,8,6,6,3
1007,2018,32,1,131,3,4
1007,2018,32,822,131,5,5
1007,2018,32,807,4,7,6
1007,2018,32,844,15,9,7
1007,2018,32,838,1,15,8
1007,2018,32,828,15,10,9
1007,2018,32,842,5,20,10
1007,2018,32,839,10,11,11
1007,2018,32,840,3,17,12
1007,2018,32,845,3,19,13
1007,2018,32,843,5,14,14
1007,2018,32,825,210,16,15
1007,2018,32,154,210,18,16
1007,2018,32,817,9,1,17
1007,2018,32,815,10,13,18
1007,2018,32,832,4,8,19
1007,2018,32,4,1,12,20
1008,2018,18,1,131,1,1
1008,2018,18,830,9,5,2
1008,2018,18,8,6,4,3
1008,2018,18,817,9,11,4
1008,2018,18,822,131,3,5
1008,2018,18,20,6,2,6
1008,2018,18,844,15,7,7
1008,2018,18,154,210,8,8
1008,2018,18,825,210,10,9
1008,2018,18,815,10,12,10
1008,2018,18,843,5,16,11
1008,2018,18,832,4,15,12
1008,2018,18,842,5,9,13
1008,2018,18,838,1,20,14
1008,2018,18,839,10,18,15
1008,2018,18,845,3,14,16
1008,2018,18,4,1,17,17
1008,2018,18,840,3,19,18
1008,2018,18,807,4,13,19
1008,2018,18,828,15,6,20
1009,2018,24,1,131,1,1
1009,2018,24,20,6,3,2
1009,2018,24,830,9,6,3
1009,2018,24,817,9,5,4
1009,2018,24,822,131,2,5
1009,2018,24,832,4,11,6
1009,2018,24,844,15,8,7
1009,2018,24,815,10,14,8
1009,2018,24,154,210,7,9
1009,2018,24,825,210,13,10
1009,2018,24,4,1,15,11
1009,2018,24,843,5,16,12
1009,2018,24,840,3,20,13
1009,2018,24,838,1,18,14
1009,2018,24,845,3,19,15
1009,2018,24,842,5,17,16
1009,2018,24,839,10,9,17
1009,2018,24,828,15,12,18
1009,2018,24,8,6,4,19
1009,2018,24,807,4,10,20
1010,2019,1,822,131,2,1
1010,2019,1,1,131,1,2
1010,2019,1,830,9,4,3
1010,2019,1,20,6,3,4
1010,2019,1,844,6,5,5
1010,2019,1,825,210,7,6
1010,2019,1,807,4,11,7
1010,2019,1,8,51,9,8
1010,2019,1,840,211,16,9
1010,2019,1,826,5,15,10
1010,2019,1,842,9,17,11
1010,2019,1,846,1,8,12
1010,2019,1,815,211,10,13
1010,2019,1,848,5,13,14
1010,2019,1,841,51,14,15
1010,2019,1,847,3,19,16
1010,2019,1,9,3,20,17
1010,2019,1,154,210,6,18
1010,2019,1,817,4,12,19
1010,2019,1,832,1,18,20
1011,2019,3,1,131,3,1
1011,2019,3,822,131,4,2
1011,2019,3,844,6,1,3
1011,2019,3,830,9,5,4
1011,2019,3,20,6,2,5
1011,2019,3,846,1,9,6
1011,2019,3,8,51,8,7
1011,2019,3,842,9,13,8
1011,2019,3,848,5,12,9
1011,2019,3,815,211,14,10
1011,2019,3,841,51,16,11
1011,2019,3,826,5,15,12
1011,2019,3,825,210,6,13
1011,2019,3,840,211,18,14
1011,2019,3,847,3,19,15
1011,2019,3,9,3,20,16
1011,2019,3,807,4,17,17
1011,2019,3,817,4,10,18
1011,2019,3,832,1,7,19
1011,2019,3,154,210,11,20
1012,2019,17,1,131,2,1
1012,2019,17,822,131,1,2
1012,2019,17,20,6,3,3
1012,2019,17,830,9,5,4
1012,2019,17,844,6,4,5
1012,2019,17,842,9,6,6
1012,2019,17,817,4,7,7
1012,2019,17,815,211,12,8
1012,2019,17,8,51,13,9
1012,2019,17,848,5,0,10
1012,2019,17,154,210,10,11
1012,2019,17,840,211,16,12
1012,2019,17,825,210,9,13
1012,2019,17,832,1,14,14
1012,2019,17,841,51,19,15
1012,2019,17,847,3,17,16
1012,2019,17,9,3,18,17
1012,2019,17,846,1,15,18
1012,2019,17,826,5,11,19
1012,2019,17,807,4,8,20
1013,2019,73,822,131,1,1
1013,2019,73,1,131,2,2
1013,2019,73,20,6,3,3
1013,2019,73,830,9,4,4
1013,2019,73,844,6,8,5
1013,2019,73,815,211,5,6
1013,2019,73,832,1,9,7
1013,2019,73,846,1,7,8
1013,2019,73,840,211,13,9
1013,2019,73,8,51,0,10
1013,2019,73,848,5,11,11
1013,2019,73,841,51,17,12
1013,2019,73,825,210,12,13
1013,2019,73,807,4,15,14
1013,2019,73,847,3,16,15
1013,2019,73,9,3,0,16
1013,2019,73,842,9,0,17
1013,2019,73,154,210,14,18
1013,2019,73,826,5,6,19
1013,2019,73,817,4,10,20
1014,2019,4,1,131,2,1
1014,2019,4,822,131,1,2
1014,2019,4,830,9,4,3
1014,2019,4,20,6,3,4
1014,2019,4,844,6,5,5
1014,2019,4,842,9,6,6
1014,2019,4,825,210,8,7
1014,2019,4,832,1,12,8
1014,2019,4,826,5,9,9
1014,2019,4,154,210,7,10
1014,2019,4,848,5,11,11
1014,2019,4,817,4,13,12
1014,2019,4,807,4,0,13
1014,2019,4,8,51,14,14
1014,2019,4,815,211,15,15
1014,2019,4,841,51,18,16
1014,2019,4,847,3,19,17
1014,2019,4,9,3,17,18
1014,2019,4,840,211,16,19
1014,2019,4,846,1,10,20
745,1961,46,418,172,15,11
717,1964,46,373,172,1,12
633,1971,49,333,199,18,17
1015,2019,6,1,131,1,1
1015,2019,6,20,6,4,2
1015,2019,6,822,131,2,3
1015,2019,6,830,9,3,4
1015,2019,6,842,9,8,5
1015,2019,6,832,1,9,6
1015,2019,6,826,5,7,7
1015,2019,6,848,5,10,8
1015,2019,6,817,4,6,9
1015,2019,6,154,210,13,10
1015,2019,6,846,1,12,11
1015,2019,6,825,210,5,14
1015,2019,6,815,211,16,12
1015,2019,6,807,4,11,13
1015,2019,6,847,3,19,15
1015,2019,6,840,211,17,16
1015,2019,6,8,51,14,17
1015,2019,6,9,3,20,18
1015,2019,6,841,51,18,19
1015,2019,6,844,6,15,20
1016,2019,7,1,131,2,1
1016,2019,7,20,6,1,2
1016,2019,7,844,6,3,3
1016,2019,7,822,131,6,4
1016,2019,7,830,9,9,5
1016,2019,7,817,4,4,6
1016,2019,7,807,4,7,7
1016,2019,7,842,9,5,8
1016,2019,7,840,211,17,9
1016,2019,7,826,5,10,10
1016,2019,7,832,1,11,11
1016,2019,7,815,211,15,12
1016,2019,7,841,51,12,13
1016,2019,7,154,210,14,14
1016,2019,7,8,51,16,15
1016,2019,7,847,3,18,16
1016,2019,7,825,210,0,17
1016,2019,7,9,3,19,18
1016,2019,7,848,5,13,19
1016,2019,7,846,1,8,20
1017,2019,34,1,131,1,1
1017,2019,34,822,131,2,2
1017,2019,34,844,6,3,3
1017,2019,34,830,9,4,4
1017,2019,34,20,6,7,5
1017,2019,34,832,1,6,6
1017,2019,34,8,51,12,7
1017,2019,34,807,4,13,8
1017,2019,34,846,1,5,9
1017,2019,34,842,9,9,10
1017,2019,34,817,4,8,11
1017,2019,34,815,211,14,12
1017,2019,34,840,211,17,13
1017,2019,34,826,5,19,14
1017,2019,34,848,5,11,15
1017,2019,34,841,51,10,16
1017,2019,34,825,210,15,17
1017,2019,34,9,3,18,18
1017,2019,34,847,3,20,19
1017,2019,34,154,210,16,20
1018,2019,70,830,9,2,1
1018,2019,70,844,6,1,2
1018,2019,70,822,131,3,3
1018,2019,70,20,6,9,4
1018,2019,70,1,131,4,5
1018,2019,70,846,1,5,6
1018,2019,70,842,9,8,7
1018,2019,70,832,1,19,8
1018,2019,70,8,51,6,9
1018,2019,70,841,51,7,10
1018,2019,70,815,211,13,11
1018,2019,70,817,4,12,12
1018,2019,70,807,4,15,13
1018,2019,70,840,211,14,14
1018,2019,70,848,5,18,15
1018,2019,70,154,210,11,16
1018,2019,70,826,5,16,17
1018,2019,70,847,3,0,18
1018,2019,70,825,210,10,19
1018,2019,70,9,3,17,20
1019,2019,9,1,131,2,1
1019,2019,9,822,131,1,2
1019,2019,9,844,6,3,3
1019,2019,9,842,9,5,4
1019,2019,9,830,9,4,5
1019,2019,9,832,1,13,6
1019,2019,9,817,4,7,7
1019,2019,9,8,51,12,8
1019,2019,9,826,5,17,9
1019,2019,9,807,4,10,10
1019,2019,9,846,1,8,11
1019,2019,9,848,5,9,12
1019,2019,9,840,211,18,13
1019,2019,9,847,3,19,14
1019,2019,9,9,3,20,15
1019,2019,9,20,6,6,16
1019,2019,9,815,211,15,17
1019,2019,9,841,51,11,18
1019,2019,9,154,210,14,19
1019,2019,9,825,210,16,20
1020,2019,10,830,9,2,1
1020,2019,10,20,6,20,2
1020,2019,10,826,5,14,3
1020,2019,10,840,211,15,4
1020,2019,10,832,1,7,5
1020,2019,10,848,5,16,6
1020,2019,10,154,210,6,7
1020,2019,10,825,210,12,8
1020,2019,10,1,131,1,9
1020,2019,10,9,3,18,10
1020,2019,10,847,3,17,11
1020,2019,10,8,51,5,12
1020,2019,10,841,51,11,13
1020,2019,10,842,9,4,14
1020,2019,10,822,131,3,15
1020,2019,10,807,4,9,16
1020,2019,10,844,6,10,17
1020,2019,10,846,1,19,18
1020,2019,10,817,4,13,19
1020,2019,10,815,211,8,20
1021,2019,11,1,131,3,1
1021,2019,11,830,9,1,2
1021,2019,11,20,6,5,3
1021,2019,11,844,6,4,4
1021,2019,11,832,1,8,5
1021,2019,11,842,9,6,6
1021,2019,11,8,51,10,7
1021,2019,11,822,131,2,8
1021,2019,11,846,1,7,9
1021,2019,11,848,5,12,10
1021,2019,11,815,211,16,11
1021,2019,11,807,4,11,12
1021,2019,11,825,210,14,13
1021,2019,11,817,4,20,14
1021,2019,11,826,5,13,15
1021,2019,11,847,3,15,16
1021,2019,11,840,211,18,17
1021,2019,11,841,51,17,18
1021,2019,11,9,3,19,19
1021,2019,11,154,210,9,20
1022,2019,13,844,6,1,1
1022,2019,13,1,131,3,2
1022,2019,13,822,131,4,3
1022,2019,13,20,6,2,4
1022,2019,13,848,9,17,5
1022,2019,13,815,211,7,6
1022,2019,13,826,5,19,7
1022,2019,13,807,4,12,8
1022,2019,13,842,5,13,9
1022,2019,13,840,211,16,10
1022,2019,13,846,1,11,11
1022,2019,13,825,210,8,12
1022,2019,13,154,210,9,13
1022,2019,13,817,4,10,14
1022,2019,13,847,3,14,15
1022,2019,13,8,51,6,16
1022,2019,13,9,3,0,17
1022,2019,13,841,51,18,18
1022,2019,13,832,1,15,19
1022,2019,13,830,9,5,20
1023,2019,14,844,6,1,1
1023,2019,14,822,131,3,2
1023,2019,14,1,131,2,3
1023,2019,14,817,4,5,4
1023,2019,14,807,4,6,5
1023,2019,14,848,9,8,6
1023,2019,14,815,211,18,7
1023,2019,14,830,9,19,8
1023,2019,14,841,51,10,9
1023,2019,14,846,1,16,10
1023,2019,14,842,5,17,11
1023,2019,14,840,211,9,12
1023,2019,14,20,6,4,13
1023,2019,14,847,3,14,14
1023,2019,14,8,51,0,15
1023,2019,14,154,210,13,16
1023,2019,14,9,3,15,17
1023,2019,14,825,210,11,18
1023,2019,14,826,5,12,19
1023,2019,14,832,1,7,20
1024,2019,15,20,6,3,1
1024,2019,15,844,6,1,2
1024,2019,15,830,9,4,3
1024,2019,15,1,131,2,4
1024,2019,15,822,131,5,5
1024,2019,15,848,9,6,6
1024,2019,15,846,1,9,7
1024,2019,15,842,5,11,8
1024,2019,15,807,4,8,9
1024,2019,15,841,51,10,10
1024,2019,15,154,210,17,11
1024,2019,15,832,1,7,12
1024,2019,15,840,211,16,13
1024,2019,15,817,4,20,14
1024,2019,15,826,5,14,15
1024,2019,15,9,3,19,16
1024,2019,15,825,210,13,17
1024,2019,15,8,51,12,18
1024,2019,15,815,211,15,19
1024,2019,15,847,3,18,20
1025,2019,71,1,131,2,1
1025,2019,71,822,131,4,2
1025,2019,71,844,6,1,3
1025,2019,71,830,9,9,4
1025,2019,71,848,9,0,5
1025,2019,71,832,1,5,6
1025,2019,71,815,211,11,7
1025,2019,71,846,1,7,8
1025,2019,71,825,210,13,9
1025,2019,71,807,4,6,10
1025,2019,71,840,211,14,11
1025,2019,71,826,5,19,12
1025,2019,71,8,51,15,13
1025,2019,71,842,5,16,14
1025,2019,71,841,51,12,15
1025,2019,71,9,3,18,16
1025,2019,71,847,3,17,17
1025,2019,71,20,6,3,18
1025,2019,71,817,4,10,19
1025,2019,71,154,210,8,20
1026,2019,22,822,131,3,1
1026,2019,22,20,6,1,2
1026,2019,22,1,131,4,3
1026,2019,22,848,9,6,4
1026,2019,22,832,1,7,5
1026,2019,22,844,6,2,6
1026,2019,22,842,5,9,7
1026,2019,22,815,211,17,8
1026,2019,22,840,211,12,9
1026,2019,22,826,5,14,10
1026,2019,22,846,1,8,11
1026,2019,22,8,51,13,12
1026,2019,22,154,210,10,13
1026,2019,22,841,51,11,14
1026,2019,22,825,210,19,15
1026,2019,22,847,3,18,16
1026,2019,22,9,3,0,17
1026,2019,22,830,9,5,18
1026,2019,22,817,4,16,19
1026,2019,22,807,4,15,20
1027,2019,32,1,131,3,1
1027,2019,32,20,6,2,2
1027,2019,32,822,131,6,3
1027,2019,32,844,6,1,4
1027,2019,32,848,9,5,5
1027,2019,32,830,9,4,6
1027,2019,32,815,211,11,7
1027,2019,32,817,4,13,8
1027,2019,32,842,5,10,9
1027,2019,32,807,4,12,10
1027,2019,32,826,5,9,11
1027,2019,32,840,211,16,12
1027,2019,32,832,1,7,13
1027,2019,32,841,51,15,14
1027,2019,32,825,210,17,15
1027,2019,32,847,3,19,16
1027,2019,32,154,210,18,17
1027,2019,32,9,3,20,18
1027,2019,32,8,51,14,19
1027,2019,32,846,1,8,20
1031,2020,70,822,131,1,1
1028,2019,69,822,131,1,1
1028,2019,69,1,131,5,2
1028,2019,69,830,9,3,3
1028,2019,69,844,6,4,4
1028,2019,69,848,9,6,5
1028,2019,69,817,4,9,6
1028,2019,69,846,1,8,7
1028,2019,69,832,1,7,8
1028,2019,69,807,4,11,9
1028,2019,69,815,211,0,10
1028,2019,69,8,51,17,11
1028,2019,69,826,5,13,12
1028,2019,69,840,211,14,13
1028,2019,69,841,51,16,14
1028,2019,69,154,210,15,15
1028,2019,69,842,5,10,16
1028,2019,69,847,3,18,17
1028,2019,69,825,210,12,18
1028,2019,69,9,3,19,19
1028,2019,69,20,6,2,20
1029,2019,18,830,9,1,1
1029,2019,18,842,5,6,2
1029,2019,18,832,1,20,3
1029,2019,18,8,51,8,4
1029,2019,18,841,51,12,5
1029,2019,18,817,4,11,6
1029,2019,18,1,131,3,7
1029,2019,18,846,1,10,8
1029,2019,18,815,211,15,9
1029,2019,18,826,5,16,10
1029,2019,18,825,210,9,11
1029,2019,18,847,3,18,12
1029,2019,18,154,210,7,13
1029,2019,18,848,9,5,14
1029,2019,18,807,4,13,15
1029,2019,18,9,3,19,16
1029,2019,18,20,6,2,17
1029,2019,18,844,6,14,18
1029,2019,18,840,211,17,19
1029,2019,18,822,131,4,20
1030,2019,24,1,131,1,1
1030,2019,24,830,9,2,2
1030,2019,24,844,6,3,3
1030,2019,24,822,131,20,4
1030,2019,24,20,6,4,5
1030,2019,24,848,9,5,6
1030,2019,24,815,211,10,7
1030,2019,24,846,1,6,8
1030,2019,24,826,5,13,9
1030,2019,24,832,1,8,10
1030,2019,24,817,4,7,11
1030,2019,24,807,4,9,12
1030,2019,24,8,51,17,13
1030,2019,24,825,210,14,14
1030,2019,24,154,210,15,15
1030,2019,24,841,51,16,16
1030,2019,24,847,3,18,17
1030,2019,24,842,5,11,18
1030,2019,24,9,3,19,19
1030,2019,24,840,211,12,20
1031,2020,70,844,6,7,2
1031,2020,70,846,1,3,3
1031,2020,70,1,131,5,4
1031,2020,70,832,1,8,5
1031,2020,70,815,211,6,6
1031,2020,70,842,213,12,7
1031,2020,70,839,4,14,8
1031,2020,70,841,51,18,9
1031,2020,70,20,6,11,10
1031,2020,70,849,3,20,11
1031,2020,70,826,213,13,12
1031,2020,70,848,9,4,13
1031,2020,70,8,51,19,14
1031,2020,70,847,3,17,15
1031,2020,70,154,210,15,16
1031,2020,70,825,210,16,17
1031,2020,70,840,211,9,18
1031,2020,70,817,4,10,19
1031,2020,70,830,9,2,20
1032,2020,70,1,131,1,1
1032,2020,70,822,131,4,2
1032,2020,70,830,9,2,3
1032,2020,70,848,9,6,4
1032,2020,70,846,1,9,5
1032,2020,70,815,211,17,6
1032,2020,70,840,211,12,7
1032,2020,70,817,4,8,8
1032,2020,70,832,1,3,9
1032,2020,70,826,213,13,10
1032,2020,70,8,51,16,11
1032,2020,70,825,210,15,12
1032,2020,70,154,210,0,13
1032,2020,70,841,51,19,14
1032,2020,70,842,213,7,15
1032,2020,70,847,3,11,16
1032,2020,70,849,3,18,17
1032,2020,70,839,4,5,18
1032,2020,70,844,6,14,19
1032,2020,70,20,6,10,20
1033,2020,11,1,131,1,1
1033,2020,11,830,9,7,2
1033,2020,11,822,131,2,3
1033,2020,11,840,211,3,4
1033,2020,11,848,9,13,5
1033,2020,11,20,6,5,6
1033,2020,11,815,211,4,7
1033,2020,11,817,4,11,8
1033,2020,11,832,1,9,9
1033,2020,11,825,210,0,10
1033,2020,11,844,6,6,11
1033,2020,11,826,213,17,12
1033,2020,11,846,1,8,13
1033,2020,11,839,4,14,14
1033,2020,11,8,51,20,15
1033,2020,11,154,210,0,16
1033,2020,11,841,51,19,17
1033,2020,11,847,3,12,18
1033,2020,11,849,3,15,19
1033,2020,11,842,213,10,20
1034,2020,9,1,131,1,1
1034,2020,9,830,9,3,2
1034,2020,9,844,6,4,3
1034,2020,9,817,4,8,4
1034,2020,9,846,1,5,5
1034,2020,9,839,4,9,6
1034,2020,9,842,213,11,7
1034,2020,9,848,9,12,8
1034,2020,9,840,211,6,9
1034,2020,9,20,6,10,10
1034,2020,9,822,131,2,11
1034,2020,9,847,3,20,12
1034,2020,9,832,1,7,13
1034,2020,9,841,51,15,14
1034,2020,9,849,3,18,15
1034,2020,9,154,210,17,16
1034,2020,9,8,51,16,17
1034,2020,9,826,213,19,18
1034,2020,9,825,210,14,19
1034,2020,9,807,211,13,20
1035,2020,9,830,9,4,1
1035,2020,9,1,131,2,2
1035,2020,9,822,131,1,3
1035,2020,9,844,6,8,4
1035,2020,9,848,9,9,5
1035,2020,9,840,211,6,6
1035,2020,9,807,211,3,7
1035,2020,9,839,4,14,8
1035,2020,9,846,1,10,9
1035,2020,9,826,213,16,10
1035,2020,9,842,213,7,11
1035,2020,9,20,6,11,12
1035,2020,9,832,1,12,13
1035,2020,9,817,4,5,14
1035,2020,9,8,51,20,15
1035,2020,9,154,210,13,16
1035,2020,9,841,51,19,17
1035,2020,9,847,3,15,18
1035,2020,9,849,3,18,19
1035,2020,9,825,210,17,20
1036,2020,4,1,131,1,1
1036,2020,4,830,9,3,2
1036,2020,4,822,131,2,3
1036,2020,4,840,211,5,4
1036,2020,4,815,211,4,5
1036,2020,4,832,1,7,6
1036,2020,4,20,6,11,7
1036,2020,4,848,9,6,8
1036,2020,4,842,213,10,9
1036,2020,4,846,1,8,10
1036,2020,4,817,4,13,11
1036,2020,4,826,213,12,12
1036,2020,4,839,4,15,13
1036,2020,4,8,51,14,14
1036,2020,4,825,210,16,15
1036,2020,4,841,51,20,16
1036,2020,4,847,3,18,17
1036,2020,4,849,3,19,18
1036,2020,4,154,210,17,19
1036,2020,4,844,6,9,20
1037,2020,13,1,131,1,1
1037,2020,13,822,131,2,2
1037,2020,13,830,9,3,3
1037,2020,13,817,4,4,4
1037,2020,13,839,4,6,5
1037,2020,13,848,9,5,6
1037,2020,13,846,1,10,7
1037,2020,13,842,213,12,8
1037,2020,13,840,211,9,9
1037,2020,13,815,211,8,10
1037,2020,13,826,213,11,11
1037,2020,13,8,51,16,12
1037,2020,13,20,6,14,13
1037,2020,13,844,6,13,14
1037,2020,13,154,210,17,15
1037,2020,13,849,3,19,16
1037,2020,13,825,210,20,17
1037,2020,13,841,51,18,18
1037,2020,13,847,3,15,19
1037,2020,13,832,1,7,20
1038,2020,14,842,213,10,1
1038,2020,14,832,1,3,2
1038,2020,14,840,211,8,3
1038,2020,14,846,1,6,4
1038,2020,14,822,131,2,5
1038,2020,14,817,4,7,6
1038,2020,14,1,131,1,7
1038,2020,14,839,4,12,8
1038,2020,14,826,213,11,9
1038,2020,14,815,211,4,10
1038,2020,14,849,3,20,11
1038,2020,14,154,210,16,12
1038,2020,14,8,51,14,13
1038,2020,14,847,3,19,14
1038,2020,14,848,9,9,15
1038,2020,14,841,51,18,16
1038,2020,14,830,9,5,17
1038,2020,14,844,6,13,18
1038,2020,14,825,210,15,19
1038,2020,14,20,6,17,20
1039,2020,76,1,131,1,1
1039,2020,76,822,131,2,2
1039,2020,76,848,9,4,3
1039,2020,76,817,4,8,4
1039,2020,76,815,211,7,5
1039,2020,76,846,1,11,6
1039,2020,76,826,213,12,7
1039,2020,76,844,6,5,8
1039,2020,76,8,51,13,9
1039,2020,76,20,6,14,10
1039,2020,76,847,3,18,11
1039,2020,76,154,210,15,12
1039,2020,76,840,211,6,13
1039,2020,76,839,4,10,14
1039,2020,76,849,3,19,15
1039,2020,76,825,210,20,16
1039,2020,76,841,51,17,17
1039,2020,76,832,1,9,18
1039,2020,76,830,9,3,19
1039,2020,76,842,213,16,20
1040,2020,71,822,131,3,1
1040,2020,71,830,9,2,2
1040,2020,71,1,131,1,3
1040,2020,71,815,211,4,4
1040,2020,71,817,4,5,5
1040,2020,71,844,6,10,6
1040,2020,71,839,4,7,7
1040,2020,71,826,213,11,8
1040,2020,71,842,213,9,9
1040,2020,71,848,9,15,10
1040,2020,71,841,51,17,11
1040,2020,71,825,210,18,12
1040,2020,71,20,6,14,13
1040,2020,71,8,51,19,14
1040,2020,71,846,1,8,15
1040,2020,71,849,3,20,16
1040,2020,71,154,210,16,17
1040,2020,71,847,3,13,18
1040,2020,71,832,1,6,19
1040,2020,71,840,211,12,20
1041,2020,20,1,131,2,1
1041,2020,20,830,9,3,2
1041,2020,20,817,4,6,3
1041,2020,20,815,211,9,4
1041,2020,20,832,1,10,5
1041,2020,20,842,213,12,6
1041,2020,20,844,6,4,7
1041,2020,20,807,211,20,8
1041,2020,20,154,210,16,9
1041,2020,20,841,51,14,10
1041,2020,20,20,6,11,11
1041,2020,20,8,51,19,12
1041,2020,20,825,210,15,13
1041,2020,20,849,3,18,14
1041,2020,20,826,213,13,15
1041,2020,20,846,1,8,16
1041,2020,20,848,9,5,17
1041,2020,20,839,4,7,18
1041,2020,20,822,131,1,19
1041,2020,20,847,3,17,20
1042,2020,75,1,131,1,1
1042,2020,75,822,131,2,2
1042,2020,75,830,9,3,3
1042,2020,75,844,6,4,4
1042,2020,75,842,213,9,5
1042,2020,75,832,1,7,6
1042,2020,75,815,211,5,7
1042,2020,75,839,4,11,8
1042,2020,75,817,4,10,9
1042,2020,75,20,6,15,10
1042,2020,75,8,51,16,11
1042,2020,75,848,9,6,12
1042,2020,75,846,1,8,13
1042,2020,75,847,3,14,14
1042,2020,75,841,51,17,15
1042,2020,75,825,210,19,16
1042,2020,75,154,210,18,17
1042,2020,75,849,3,20,18
1042,2020,75,826,213,13,19
1042,2020,75,840,211,12,20
1043,2020,21,1,131,2,1
1043,2020,21,822,131,1,2
1043,2020,21,817,4,5,3
1043,2020,21,826,213,8,4
1043,2020,21,844,6,7,5
1043,2020,21,815,211,11,6
1043,2020,21,832,1,10,7
1043,2020,21,846,1,9,8
1043,2020,21,8,51,18,9
1043,2020,21,841,51,20,10
1043,2020,21,849,3,19,11
1043,2020,21,20,6,14,12
1043,2020,21,840,211,15,13
1043,2020,21,154,210,16,14
1043,2020,21,848,9,6,15
1043,2020,21,847,3,13,16
1043,2020,21,830,9,3,17
1043,2020,21,825,210,17,18
1043,2020,21,839,4,12,19
1043,2020,21,842,213,4,20
1044,2020,5,1,131,6,1
1044,2020,5,815,211,3,2
1044,2020,5,20,6,11,3
1044,2020,5,844,6,12,4
1044,2020,5,832,1,15,5
1044,2020,5,830,9,2,6
1044,2020,5,848,9,4,7
1044,2020,5,846,1,14,8
1044,2020,5,840,211,1,9
1044,2020,5,817,4,5,10
1044,2020,5,839,4,7,11
1044,2020,5,826,213,16,12
1044,2020,5,842,213,19,13
1044,2020,5,822,131,9,14
1044,2020,5,8,51,8,15
1044,2020,5,847,3,0,16
1044,2020,5,825,210,13,17
1044,2020,5,154,210,17,18
1044,2020,5,849,3,0,19
1044,2020,5,841,51,10,20
1045,2020,3,1,131,1,1
1045,2020,3,830,9,3,2
1045,2020,3,848,9,4,3
1045,2020,3,846,1,9,4
1045,2020,3,832,1,15,5
1045,2020,3,842,213,8,6
1045,2020,3,817,4,6,7
1045,2020,3,822,131,2,8
1045,2020,3,839,4,7,9
1045,2020,3,844,6,12,10
1045,2020,3,826,213,10,11
1045,2020,3,847,3,14,12
1045,2020,3,20,6,11,13
1045,2020,3,849,3,20,14
1045,2020,3,8,51,17,15
1045,2020,3,841,51,16,16
1045,2020,3,825,210,18,17
1045,2020,3,815,211,5,18
1045,2020,3,840,211,13,19
1045,2020,3,154,210,19,20
1046,2020,3,815,211,5,1
1046,2020,3,839,4,11,2
1046,2020,3,840,211,10,3
1046,2020,3,832,1,8,4
1046,2020,3,817,4,7,5
1046,2020,3,848,9,12,6
1046,2020,3,826,213,6,7
1046,2020,3,822,131,1,8
1046,2020,3,847,131,2,9
1046,2020,3,846,1,19,10
1046,2020,3,842,213,9,11
1046,2020,3,20,6,13,12
1046,2020,3,841,51,14,13
1046,2020,3,8,51,18,14
1046,2020,3,825,210,15,15
1046,2020,3,851,3,17,16
1046,2020,3,850,210,20,17
1046,2020,3,849,3,16,18
1046,2020,3,830,9,3,19
1046,2020,3,844,6,4,20
1047,2020,24,830,9,1,1
1047,2020,24,822,131,2,2
1047,2020,24,1,131,3,3
1047,2020,24,848,9,5,4
1047,2020,24,846,1,4,5
1047,2020,24,832,1,6,6
1047,2020,24,817,4,11,7
1047,2020,24,842,213,9,8
1047,2020,24,839,4,10,9
1047,2020,24,840,211,8,10
1047,2020,24,826,213,7,11
1047,2020,24,8,51,15,12
1047,2020,24,844,6,12,13
1047,2020,24,20,6,13,14
1047,2020,24,847,3,16,15
1047,2020,24,841,51,14,16
1047,2020,24,849,3,18,17
1047,2020,24,825,210,20,18
1047,2020,24,850,210,17,19
1047,2020,24,815,211,19,20
1052,2021,3,1,131,2,1
1052,2021,3,830,9,1,2
1052,2021,3,822,131,3,3
1052,2021,3,846,1,7,4
1052,2021,3,815,9,0,5
1052,2021,3,844,6,4,6
1052,2021,3,817,1,6,7
1052,2021,3,832,6,8,8
1052,2021,3,852,213,13,9
1052,2021,3,840,117,10,10
1052,2021,3,8,51,14,11
1052,2021,3,841,51,12,12
1052,2021,3,839,214,16,13
1052,2021,3,847,3,15,14
1052,2021,3,20,117,20,15
1052,2021,3,854,210,18,16
1052,2021,3,842,213,5,17
1052,2021,3,849,3,17,18
1052,2021,3,4,214,9,19
1052,2021,3,853,210,19,20
1053,2021,21,830,9,3,1
1053,2021,21,1,131,1,2
1053,2021,21,846,1,7,3
1053,2021,21,844,6,4,4
1053,2021,21,832,6,11,5
1053,2021,21,817,1,6,6
1053,2021,21,842,213,5,7
1053,2021,21,840,117,10,8
1053,2021,21,839,214,9,9
1053,2021,21,4,214,15,10
1053,2021,21,815,9,2,11
1053,2021,21,852,213,20,12
1053,2021,21,8,51,16,13
1053,2021,21,841,51,17,14
1053,2021,21,20,117,0,15
1053,2021,21,854,210,18,16
1053,2021,21,853,210,19,17
1053,2021,21,822,131,8,18
1053,2021,21,847,3,12,19
1053,2021,21,849,3,14,20
1054,2021,75,1,131,2,1
1054,2021,75,830,9,3,2
1054,2021,75,822,131,1,3
1054,2021,75,815,9,4,4
1054,2021,75,846,1,7,5
1054,2021,75,844,6,8,6
1054,2021,75,839,214,6,7
1054,2021,75,4,214,13,8
1054,2021,75,817,1,16,9
1054,2021,75,842,213,9,10
1054,2021,75,832,6,5,11
1054,2021,75,841,51,12,12
1054,2021,75,20,117,10,13
1054,2021,75,840,117,17,14
1054,2021,75,852,213,14,15
1054,2021,75,847,3,11,16
1054,2021,75,854,210,19,17
1054,2021,75,849,3,18,18
1054,2021,75,853,210,20,19
1054,2021,75,8,51,15,20
1055,2021,4,1,131,1,1
1055,2021,4,830,9,2,2
1055,2021,4,822,131,3,3
1055,2021,4,844,6,4,4
1055,2021,4,815,9,8,5
1055,2021,4,817,1,7,6
1055,2021,4,832,6,6,7
1055,2021,4,846,1,9,8
1055,2021,4,839,214,5,9
1055,2021,4,842,213,12,10
1055,2021,4,840,117,11,11
1055,2021,4,8,51,17,12
1055,2021,4,20,117,13,13
1055,2021,4,847,3,15,14
1055,2021,4,841,51,14,15
1055,2021,4,849,3,19,16
1055,2021,4,4,214,10,17
1055,2021,4,854,210,18,18
1055,2021,4,853,210,20,19
1055,2021,4,852,213,16,20
1056,2021,6,832,6,4,2
1056,2021,6,830,9,2,1
1056,2021,6,846,1,5,3
1056,2021,6,815,9,9,4
1056,2021,6,20,117,8,5
1056,2021,6,842,213,6,6
1056,2021,6,1,131,7,7
1056,2021,6,840,117,13,8
1056,2021,6,839,214,11,9
1056,2021,6,841,51,10,10
1056,2021,6,8,51,14,11
1056,2021,6,817,1,12,12
1056,2021,6,4,214,17,13
1056,2021,6,847,3,15,14
1056,2021,6,849,3,18,15
1056,2021,6,852,213,16,16
1056,2021,6,853,210,19,17
1056,2021,6,854,210,20,18
1056,2021,6,822,131,3,19
1056,2021,6,844,6,1,20
1057,2021,73,815,9,6,1
1057,2021,73,20,117,11,2
1057,2021,73,842,213,4,3
1057,2021,73,844,6,1,4
1057,2021,73,846,1,9,5
1057,2021,73,4,214,8,6
1057,2021,73,852,213,7,7
1057,2021,73,832,6,5,8
1057,2021,73,817,1,13,9
1057,2021,73,8,51,14,10
1057,2021,73,841,51,20,11
1057,2021,73,822,131,10,12
1057,2021,73,854,210,17,13
1057,2021,73,853,210,18,14
1057,2021,73,1,131,2,15
1057,2021,73,849,3,16,16
1057,2021,73,847,3,15,17
1057,2021,73,830,9,3,18
1057,2021,73,840,117,19,19
1057,2021,73,839,214,12,20
1059,2021,34,830,9,1,1
1059,2021,34,1,131,2,2
1059,2021,34,815,9,4,3
1059,2021,34,822,131,3,4
1059,2021,34,846,1,8,5
1059,2021,34,817,1,10,6
1059,2021,34,842,213,6,7
1059,2021,34,4,214,9,8
1059,2021,34,20,117,12,9
1059,2021,34,840,117,19,10
1059,2021,34,832,6,5,11
1059,2021,34,847,3,14,12
1059,2021,34,852,213,0,13
1059,2021,34,839,214,11,14
1059,2021,34,841,51,13,15
1059,2021,34,844,6,7,16
1059,2021,34,8,51,17,17
1059,2021,34,849,3,16,18
1059,2021,34,854,210,15,19
1059,2021,34,853,210,18,20
1058,2021,70,830,9,1,1
1058,2021,70,1,131,2,2
1058,2021,70,822,131,5,3
1058,2021,70,815,9,4,4
1058,2021,70,846,1,3,5
1058,2021,70,832,6,12,6
1058,2021,70,844,6,7,7
1058,2021,70,840,117,9,8
1058,2021,70,4,214,8,9
1058,2021,70,852,213,11,10
1058,2021,70,8,51,18,11
1058,2021,70,20,117,14,12
1058,2021,70,817,1,13,13
1058,2021,70,839,214,17,14
1058,2021,70,841,51,15,15
1058,2021,70,854,210,19,16
1058,2021,70,849,3,16,17
1058,2021,70,853,210,20,18
1058,2021,70,847,3,10,19
1058,2021,70,842,213,6,20
1060,2021,70,830,9,1,1
1060,2021,70,822,131,5,2
1060,2021,70,846,1,2,3
1060,2021,70,1,131,4,4
1060,2021,70,832,6,10,5
1060,2021,70,815,9,3,6
1060,2021,70,817,1,13,7
1060,2021,70,844,6,12,8
1060,2021,70,842,213,6,9
1060,2021,70,4,214,14,10
1060,2021,70,847,3,8,11
1060,2021,70,852,213,7,12
1060,2021,70,840,117,9,13
1060,2021,70,841,51,15,14
1060,2021,70,8,51,16,15
1060,2021,70,849,3,18,16
1060,2021,70,20,117,11,17
1060,2021,70,854,210,19,18
1060,2021,70,853,210,20,19
1060,2021,70,839,214,17,20
1061,2021,9,1,131,2,1
1061,2021,9,844,6,4,2
1061,2021,9,822,131,3,3
1061,2021,9,846,1,5,4
1061,2021,9,817,1,6,5
1061,2021,9,832,6,10,6
1061,2021,9,4,214,7,7
1061,2021,9,840,117,14,8
1061,2021,9,839,214,9,9
1061,2021,9,852,213,16,10
1061,2021,9,842,213,11,11
1061,2021,9,847,3,12,12
1061,2021,9,841,51,15,13
1061,2021,9,849,3,17,14
1061,2021,9,8,51,13,15
1061,2021,9,815,9,0,16
1061,2021,9,853,210,19,17
1061,2021,9,854,210,18,18
1061,2021,9,20,117,8,19
1061,2021,9,830,9,1,20
1062,2021,11,839,214,8,1
1062,2021,11,1,131,1,2
1062,2021,11,832,6,15,3
1062,2021,11,4,214,9,4
1062,2021,11,842,213,5,5
1062,2021,11,852,213,16,6
1062,2021,11,849,3,18,7
1062,2021,11,847,3,17,8
1062,2021,11,830,9,3,9
1062,2021,11,8,51,13,10
1062,2021,11,817,1,11,11
1062,2021,11,854,210,20,12
1062,2021,11,841,51,0,13
1062,2021,11,853,210,19,14
1062,2021,11,846,1,6,15
1062,2021,11,822,131,2,16
1062,2021,11,815,9,4,17
1062,2021,11,844,6,7,18
1062,2021,11,840,117,12,19
1062,2021,11,20,117,10,20
1063,2021,13,830,9,1,1
1063,2021,13,847,3,2,2
1063,2021,13,1,131,3,3
1063,2021,13,817,1,4,4
1063,2021,13,20,117,5,5
1063,2021,13,842,213,6,6
1063,2021,13,839,214,8,7
1063,2021,13,844,6,9,8
1063,2021,13,849,3,10,9
1063,2021,13,832,6,11,10
1063,2021,13,4,214,12,11
1063,2021,13,822,131,13,12
1063,2021,13,841,51,14,13
1063,2021,13,846,1,15,14
1063,2021,13,852,213,16,15
1063,2021,13,854,210,17,16
1063,2021,13,853,210,18,17
1063,2021,13,8,51,0,18
1063,2021,13,815,9,0,19
1063,2021,13,840,117,19,20
1064,2021,39,830,9,1,1
1064,2021,39,1,131,2,2
1064,2021,39,822,131,3,3
1064,2021,39,842,213,4,4
1064,2021,39,844,6,5,5
1064,2021,39,4,214,9,6
1064,2021,39,832,6,6,7
1064,2021,39,815,9,0,8
1064,2021,39,839,214,8,9
1064,2021,39,846,1,13,10
1064,2021,39,817,1,10,11
1064,2021,39,840,117,12,12
1064,2021,39,20,117,15,13
1064,2021,39,841,51,7,14
1064,2021,39,9,51,16,15
1064,2021,39,849,3,0,16
1064,2021,39,847,3,11,17
1064,2021,39,854,210,17,18
1064,2021,39,852,213,14,19
1064,2021,39,853,210,18,20
1065,2021,14,817,1,2,1
1065,2021,14,846,1,3,2
1065,2021,14,822,131,19,3
1065,2021,14,844,6,5,4
1065,2021,14,815,9,8,5
1065,2021,14,832,6,6,6
1065,2021,14,840,117,9,7
1065,2021,14,4,214,10,8
1065,2021,14,847,3,14,9
1065,2021,14,839,214,12,10
1065,2021,14,849,3,13,11
1065,2021,14,20,117,11,12
1065,2021,14,841,51,7,13
1065,2021,14,9,51,17,14
1065,2021,14,854,210,18,15
1065,2021,14,853,210,16,16
1065,2021,14,1,131,4,17
1065,2021,14,830,9,1,18
1065,2021,14,842,213,0,19
1065,2021,14,852,213,0,20
1066,2021,71,1,131,4,1
1066,2021,71,830,9,20,2
1066,2021,71,832,6,2,3
1066,2021,71,817,1,5,4
1066,2021,71,822,131,16,5
1066,2021,71,4,214,6,6
1066,2021,71,846,1,1,7
1066,2021,71,8,51,13,8
1066,2021,71,815,9,8,9
1066,2021,71,847,3,3,10
1066,2021,71,840,117,7,11
1066,2021,71,20,117,10,12
1066,2021,71,842,213,11,13
1066,2021,71,839,214,9,14
1066,2021,71,844,6,19,15
1066,2021,71,841,51,17,16
1066,2021,71,852,213,12,17
1066,2021,71,853,210,15,18
1066,2021,71,849,3,18,19
1066,2021,71,854,210,14,20
1067,2021,5,822,131,1,1
1067,2021,5,830,9,2,2
1067,2021,5,815,9,6,3
1067,2021,5,844,6,3,4
1067,2021,5,1,131,11,5
1067,2021,5,842,213,4,6
1067,2021,5,846,1,7,7
1067,2021,5,832,6,19,8
1067,2021,5,840,117,8,9
1067,2021,5,839,214,12,10
1067,2021,5,841,51,16,11
1067,2021,5,8,51,17,12
1067,2021,5,817,1,20,13
1067,2021,5,852,213,9,14
1067,2021,5,847,3,13,15
1067,2021,5,4,214,5,16
1067,2021,5,849,3,15,17
1067,2021,5,20,117,10,18
1067,2021,5,854,210,14,19
1067,2021,5,853,210,18,20
1069,2021,69,830,9,1,1
1069,2021,69,1,131,2,2
1069,2021,69,815,9,3,3
1069,2021,69,844,6,4,4
1069,2021,69,817,1,6,5
1069,2021,69,822,131,9,6
1069,2021,69,832,6,5,7
1069,2021,69,846,1,7,8
1069,2021,69,852,213,10,9
1069,2021,69,20,117,18,10
1069,2021,69,841,51,12,11
1069,2021,69,840,117,13,12
1069,2021,69,8,51,15,13
1069,2021,69,847,3,20,14
1069,2021,69,849,3,14,15
1069,2021,69,854,210,16,16
1069,2021,69,853,210,17,17
1069,2021,69,4,214,19,18
1069,2021,69,839,214,11,19
1069,2021,69,842,213,8,20
1070,2021,32,830,9,3,1
1070,2021,32,1,131,2,2
1070,2021,32,815,9,4,3
1070,2021,32,842,213,5,4
1070,2021,32,844,6,8,5
1070,2021,32,832,6,6,6
1070,2021,32,20,117,9,7
1070,2021,32,8,51,10,8
1070,2021,32,4,214,12,9
1070,2021,32,846,1,18,10
1070,2021,32,841,51,11,11
1070,2021,32,817,1,7,12
1070,2021,32,839,214,19,13
1070,2021,32,840,117,20,14
1070,2021,32,822,131,1,15
1070,2021,32,847,3,16,16
1070,2021,32,849,3,13,17
1070,2021,32,853,210,15,18
1070,2021,32,854,210,14,19
1070,2021,32,852,213,17,20
1071,2021,18,1,131,10,1
1071,2021,18,830,9,2,2
1071,2021,18,822,131,1,3
1071,2021,18,815,9,4,4
1071,2021,18,844,6,6,5
1071,2021,18,832,6,3,6
1071,2021,18,842,213,7,7
1071,2021,18,839,214,8,8
1071,2021,18,4,214,12,9
1071,2021,18,846,1,5,10
1071,2021,18,20,117,9,11
1071,2021,18,8,51,0,12
1071,2021,18,847,3,17,13
1071,2021,18,841,51,13,14
1071,2021,18,852,213,15,15
1071,2021,18,849,3,16,16
1071,2021,18,853,210,19,17
1071,2021,18,854,210,18,18
1071,2021,18,817,1,11,19
1071,2021,18,840,117,14,20
1051,2021,78,1,131,1,1
1051,2021,78,830,9,7,2
1051,2021,78,4,214,3,3
1051,2021,78,815,9,11,4
1051,2021,78,839,214,9,5
1051,2021,78,840,117,12,6
1051,2021,78,832,6,5,7
1051,2021,78,844,6,13,8
1051,2021,78,846,1,4,9
1051,2021,78,20,117,10,10
1051,2021,78,842,213,2,11
1051,2021,78,817,1,14,12
1051,2021,78,852,213,8,13
1051,2021,78,8,51,16,14
1051,2021,78,841,51,18,15
1051,2021,78,854,210,19,16
1051,2021,78,847,3,15,17
1051,2021,78,853,210,20,18
1051,2021,78,849,3,17,19
1051,2021,78,822,131,6,20
1072,2021,77,1,131,1,1
1072,2021,77,830,9,3,2
1072,2021,77,822,131,2,3
1072,2021,77,839,214,9,4
1072,2021,77,817,1,11,5
1072,2021,77,842,213,6,6
1072,2021,77,844,6,4,7
1072,2021,77,832,6,15,8
1072,2021,77,841,51,10,9
1072,2021,77,846,1,7,10
1072,2021,77,840,117,18,11
1072,2021,77,849,3,16,12
1072,2021,77,4,214,13,13
1072,2021,77,852,213,8,14
1072,2021,77,8,51,12,15
1072,2021,77,20,117,17,16
1072,2021,77,815,9,5,17
1072,2021,77,853,210,20,18
1072,2021,77,847,3,14,19
1072,2021,77,854,210,19,20
1073,2021,24,830,9,1,1
1073,2021,24,1,131,2,2
1073,2021,24,832,6,5,3
1073,2021,24,852,213,8,4
1073,2021,24,842,213,12,5
1073,2021,24,822,131,6,6
1073,2021,24,846,1,3,7
1073,2021,24,4,214,11,8
1073,2021,24,839,214,9,9
1073,2021,24,844,6,7,10
1073,2021,24,20,117,15,11
1073,2021,24,817,1,10,12
1073,2021,24,840,117,13,13
1073,2021,24,854,210,19,14
1073,2021,24,815,9,4,15
1073,2021,24,849,3,16,16
1073,2021,24,841,51,14,17
1073,2021,24,847,3,17,18
1073,2021,24,8,51,18,19
1073,2021,24,853,210,20,20
1074,2022,3,844,6,1,1
1074,2022,3,832,6,3,2
1074,2022,3,1,131,5,3
1074,2022,3,847,131,9,4
1074,2022,3,825,210,7,5
1074,2022,3,822,51,6,6
1074,2022,3,839,214,11,7
1074,2022,3,852,213,16,8
1074,2022,3,4,214,8,9
1074,2022,3,855,51,15,10
1074,2022,3,854,210,12,11
1074,2022,3,840,117,19,12
1074,2022,3,848,3,14,13
1074,2022,3,817,1,18,14
1074,2022,3,846,1,13,15
1074,2022,3,849,3,20,16
1074,2022,3,807,117,17,17
1074,2022,3,815,9,4,18
1074,2022,3,830,9,2,19
1074,2022,3,842,213,10,20
1075,2022,77,830,9,4,1
1075,2022,77,844,6,2,2
1075,2022,77,832,6,3,3
1075,2022,77,815,9,1,4
1075,2022,77,847,131,6,5
1075,2022,77,839,214,5,6
1075,2022,77,846,1,11,7
1075,2022,77,842,213,9,8
1075,2022,77,825,210,10,9
1075,2022,77,1,131,15,10
1075,2022,77,855,51,12,11
1075,2022,77,807,117,17,12
1075,2022,77,840,117,13,13
1075,2022,77,848,3,16,14
1075,2022,77,822,51,8,15
1075,2022,77,4,214,7,16
1075,2022,77,817,1,14,17
1075,2022,77,849,3,18,18
1075,2022,77,852,213,19,19
1075,2022,77,854,210,0,20
1076,2022,1,844,6,1,1
1076,2022,1,815,9,3,2
1076,2022,1,847,131,6,3
1076,2022,1,1,131,5,4
1076,2022,1,846,1,4,5
1076,2022,1,817,1,7,6
1076,2022,1,839,214,8,7
1076,2022,1,822,51,12,8
1076,2022,1,842,213,11,9
1076,2022,1,848,3,20,10
1076,2022,1,855,51,14,11
1076,2022,1,840,117,19,12
1076,2022,1,854,210,15,13
1076,2022,1,825,210,16,14
1076,2022,1,852,213,13,15
1076,2022,1,849,3,18,16
1076,2022,1,4,214,10,17
1076,2022,1,830,9,2,18
1076,2022,1,20,117,17,19
1076,2022,1,832,6,9,20
1077,2022,21,830,9,1,1
1077,2022,21,815,9,3,2
1077,2022,21,846,1,5,3
1077,2022,21,847,131,11,4
1077,2022,21,822,51,7,5
1077,2022,21,844,6,2,6
1077,2022,21,852,213,12,7
1077,2022,21,20,117,13,8
1077,2022,21,825,210,8,9
1077,2022,21,840,117,15,10
1077,2022,21,848,3,18,11
1077,2022,21,842,213,17,12
1077,2022,21,1,131,14,13
1077,2022,21,839,214,16,14
1077,2022,21,855,51,0,15
1077,2022,21,849,3,19,16
1077,2022,21,854,210,10,17
1077,2022,21,817,1,6,18
1077,2022,21,4,214,9,19
1077,2022,21,832,6,4,20
1078,2022,79,830,9,3,1
1078,2022,79,844,6,1,2
1078,2022,79,832,6,2,3
1078,2022,79,815,9,4,4
1078,2022,79,847,131,12,5
1078,2022,79,1,131,6,6
1078,2022,79,822,51,5,7
1078,2022,79,839,214,20,8
1078,2022,79,848,3,18,9
1078,2022,79,840,117,0,10
1078,2022,79,4,214,11,11
1078,2022,79,852,213,9,12
1078,2022,79,817,1,14,13
1078,2022,79,849,3,19,14
1078,2022,79,854,210,15,15
1078,2022,79,825,210,16,16
1078,2022,79,20,117,0,17
1078,2022,79,842,213,7,18
1078,2022,79,846,1,8,19
1078,2022,79,855,51,17,20
1079,2022,4,830,9,2,1
1079,2022,4,815,9,5,2
1079,2022,4,847,131,4,3
1079,2022,4,832,6,3,4
1079,2022,4,1,131,6,5
1079,2022,4,822,51,7,6
1079,2022,4,839,214,12,7
1079,2022,4,846,1,11,8
1079,2022,4,4,214,20,9
1079,2022,4,852,213,13,10
1079,2022,4,20,117,16,11
1079,2022,4,817,1,9,12
1079,2022,4,842,213,14,13
1079,2022,4,854,210,10,14
1079,2022,4,840,117,17,15
1079,2022,4,849,3,19,16
1079,2022,4,825,210,8,17
1079,2022,4,848,3,18,18
1079,2022,4,855,51,15,19
1079,2022,4,844,6,1,20
1080,2022,6,815,9,3,1
1080,2022,6,832,6,2,2
1080,2022,6,830,9,4,3
1080,2022,6,844,6,1,4
1080,2022,6,847,131,6,5
1080,2022,6,846,1,5,6
1080,2022,6,4,214,7,7
1080,2022,6,1,131,8,8
1080,2022,6,822,51,12,9
1080,2022,6,20,117,9,10
1080,2022,6,842,213,17,11
1080,2022,6,839,214,10,12
1080,2022,6,817,1,14,13
1080,2022,6,840,117,18,14
1080,2022,6,849,3,19,15
1080,2022,6,855,51,20,16
1080,2022,6,852,213,11,17
1080,2022,6,848,3,16,18
1080,2022,6,854,210,15,19
1080,2022,6,825,210,13,20
1081,2022,73,830,9,3,1
1081,2022,73,815,9,2,2
1081,2022,73,847,131,5,3
1081,2022,73,1,131,7,4
1081,2022,73,842,213,6,5
1081,2022,73,20,117,9,6
1081,2022,73,4,214,10,7
1081,2022,73,817,1,12,8
1081,2022,73,846,1,11,9
1081,2022,73,839,214,13,10
1081,2022,73,822,51,15,11
1081,2022,73,848,3,17,12
1081,2022,73,852,213,8,13
1081,2022,73,854,210,20,14
1081,2022,73,849,3,18,15
1081,2022,73,840,117,19,16
1081,2022,73,825,210,16,17
1081,2022,73,855,51,14,18
1081,2022,73,844,6,1,19
1081,2022,73,832,6,4,20
1082,2022,7,830,9,1,1
1082,2022,7,832,6,3,2
1082,2022,7,1,131,4,3
1082,2022,7,847,131,8,4
1082,2022,7,844,6,19,5
1082,2022,7,839,214,7,6
1082,2022,7,822,51,11,7
1082,2022,7,855,51,10,8
1082,2022,7,4,214,2,9
1082,2022,7,840,117,17,10
1082,2022,7,817,1,9,11
1082,2022,7,20,117,16,12
1082,2022,7,848,3,12,13
1082,2022,7,842,213,15,14
1082,2022,7,846,1,14,15
1082,2022,7,849,3,18,16
1082,2022,7,825,210,5,17
1082,2022,7,852,213,20,18
1082,2022,7,854,210,6,19
1082,2022,7,815,9,13,20
1083,2022,9,832,6,1,1
1083,2022,9,815,9,4,2
1083,2022,9,1,131,5,3
1083,2022,9,844,6,3,4
1083,2022,9,4,214,7,5
1083,2022,9,846,1,6,6
1083,2022,9,830,9,2,7
1083,2022,9,854,210,19,8
1083,2022,9,20,117,18,9
1083,2022,9,825,210,17,10
1083,2022,9,840,117,20,11
1083,2022,9,849,3,10,12
1083,2022,9,817,1,14,13
1083,2022,9,852,213,13,14
1083,2022,9,839,214,15,15
1083,2022,9,842,213,11,16
1083,2022,9,822,51,12,17
1083,2022,9,847,131,8,18
1083,2022,9,855,51,9,19
1083,2022,9,848,3,16,20
1084,2022,70,844,6,2,1
1084,2022,70,830,9,1,2
1084,2022,70,1,131,8,3
1084,2022,70,847,131,4,4
1084,2022,70,839,214,6,5
1084,2022,70,854,210,9,6
1084,2022,70,846,1,10,7
1084,2022,70,825,210,7,8
1084,2022,70,817,1,11,9
1084,2022,70,4,214,19,10
1084,2022,70,822,51,0,11
1084,2022,70,848,3,15,12
1084,2022,70,840,117,12,13
1084,2022,70,855,51,13,14
1084,2022,70,842,213,14,15
1084,2022,70,852,213,16,16
1084,2022,70,20,117,18,17
1084,2022,70,832,6,3,18
1084,2022,70,849,3,17,19
1084,2022,70,815,9,5,20
1085,2022,34,830,9,2,1
1085,2022,34,1,131,4,2
1085,2022,34,847,131,6,3
1085,2022,34,815,9,3,4
1085,2022,34,832,6,19,5
1085,2022,34,4,214,7,6
1085,2022,34,846,1,5,7
1085,2022,34,839,214,10,8
1085,2022,34,817,1,9,9
1085,2022,34,840,117,15,10
1085,2022,34,20,117,12,11
1085,2022,34,842,213,14,12
1085,2022,34,848,3,13,13
1085,2022,34,822,51,11,14
1085,2022,34,854,210,17,15
1085,2022,34,855,51,16,16
1085,2022,34,849,3,18,17
1085,2022,34,825,210,20,18
1085,2022,34,844,6,1,19
1085,2022,34,852,213,8,20
1086,2022,11,830,9,10,1
1086,2022,11,1,131,7,2
1086,2022,11,847,131,1,3
1086,2022,11,832,6,2,4
1086,2022,11,815,9,11,5
1086,2022,11,844,6,3,6
1086,2022,11,846,1,4,7
1086,2022,11,4,214,6,8
1086,2022,11,839,214,5,9
1086,2022,11,20,117,18,10
1086,2022,11,840,117,14,11
1086,2022,11,842,213,0,12
1086,2022,11,855,51,12,13
1086,2022,11,854,210,15,14
1086,2022,11,817,1,9,15
1086,2022,11,825,210,13,16
1086,2022,11,848,3,17,17
1086,2022,11,849,3,19,18
1086,2022,11,852,213,16,19
1086,2022,11,822,51,8,20
1087,2022,13,830,9,14,1
1087,2022,13,815,9,2,2
1087,2022,13,832,6,1,3
1087,2022,13,847,131,5,4
1087,2022,13,4,214,3,5
1087,2022,13,844,6,15,6
1087,2022,13,839,214,16,7
1087,2022,13,20,117,10,8
1087,2022,13,842,213,0,9
1087,2022,13,848,3,6,10
1087,2022,13,840,117,9,11
1087,2022,13,846,1,17,12
1087,2022,13,852,213,0,13
1087,2022,13,855,51,18,14
1087,2022,13,817,1,7,15
1087,2022,13,825,210,12,16
1087,2022,13,854,210,19,17
1087,2022,13,849,3,11,18
1087,2022,13,822,51,13,19
1087,2022,13,1,131,4,20
1088,2022,39,830,9,1,1
1088,2022,39,847,131,6,2
1088,2022,39,844,6,2,3
1088,2022,39,1,131,4,4
1088,2022,39,815,9,5,5
1088,2022,39,4,214,13,6
1088,2022,39,846,1,7,7
1088,2022,39,832,6,3,8
1088,2022,39,839,214,12,9
1088,2022,39,840,117,10,10
1088,2022,39,842,213,11,11
1088,2022,39,848,3,15,12
1088,2022,39,854,210,8,13
1088,2022,39,20,117,19,14
1088,2022,39,825,210,18,15
1088,2022,39,855,51,14,16
1088,2022,39,817,1,17,17
1088,2022,39,849,3,20,18
1088,2022,39,822,51,16,19
1088,2022,39,852,213,9,20
1089,2022,14,830,9,7,1
1089,2022,14,844,6,1,2
1089,2022,14,847,131,2,3
1089,2022,14,832,6,18,4
1089,2022,14,1,131,19,5
1089,2022,14,815,9,13,6
1089,2022,14,846,1,3,7
1089,2022,14,842,213,5,8
1089,2022,14,856,3,8,9
1089,2022,14,855,51,9,10
1089,2022,14,839,214,14,11
1089,2022,14,854,210,17,12
1089,2022,14,822,51,15,13
1089,2022,14,852,213,20,14
1089,2022,14,849,3,10,15
1089,2022,14,825,210,16,16
1089,2022,14,817,1,4,17
1089,2022,14,840,117,12,18
1089,2022,14,4,214,6,19
1089,2022,14,20,117,11,20
1091,2022,15,815,9,2,1
1091,2022,15,844,6,1,2
1091,2022,15,832,6,4,3
1091,2022,15,846,1,6,4
1091,2022,15,817,1,16,5
1091,2022,15,840,117,11,6
1091,2022,15,830,9,8,7
1091,2022,15,20,117,13,8
1091,2022,15,1,131,3,9
1091,2022,15,842,213,7,10
1091,2022,15,822,51,15,11
1091,2022,15,825,210,9,12
1091,2022,15,854,210,12,13
1091,2022,15,847,131,0,14
1091,2022,15,852,213,10,15
1091,2022,15,839,214,17,16
1091,2022,15,848,3,18,17
1091,2022,15,4,214,5,18
1091,2022,15,849,3,19,19
1091,2022,15,855,51,14,20
1092,2022,22,830,9,1,1
1092,2022,22,815,9,4,2
1092,2022,22,844,6,2,3
1092,2022,22,839,214,5,4
1092,2022,22,1,131,6,5
1092,2022,22,20,117,9,6
1092,2022,22,4,214,7,7
1092,2022,22,847,131,8,8
1092,2022,22,849,3,20,9
1092,2022,22,846,1,10,10
1092,2022,22,817,1,11,11
1092,2022,22,840,117,19,12
1092,2022,22,852,213,13,13
1092,2022,22,825,210,18,14
1092,2022,22,822,51,12,15
1092,2022,22,855,51,14,16
1092,2022,22,854,210,15,17
1092,2022,22,842,213,17,18
1092,2022,22,832,6,3,19
1092,2022,22,848,3,16,20
1093,2022,69,830,9,2,1
1093,2022,69,1,131,3,2
1093,2022,69,844,6,12,3
1093,2022,69,815,9,9,4
1093,2022,69,847,131,4,5
1093,2022,69,846,1,6,6
1093,2022,69,4,214,14,7
1093,2022,69,20,117,10,8
1093,2022,69,825,210,13,9
1093,2022,69,852,213,19,10
1093,2022,69,839,214,0,11
1093,2022,69,855,51,18,12
1093,2022,69,848,3,8,13
1093,2022,69,842,213,11,14
1093,2022,69,854,210,16,15
1093,2022,69,817,1,15,16
1093,2022,69,849,3,17,17
1093,2022,69,840,117,5,18
1093,2022,69,822,51,7,19
1093,2022,69,832,6,1,20
1094,2022,32,830,9,1,1
1094,2022,32,1,131,3,2
1094,2022,32,815,9,4,3
1094,2022,32,847,131,2,4
1094,2022,32,832,6,5,5
1094,2022,32,844,6,7,6
1094,2022,32,817,1,11,7
1094,2022,32,839,214,10,8
1094,2022,32,846,1,8,9
1094,2022,32,822,51,6,10
1094,2022,32,842,213,14,11
1094,2022,32,848,3,17,12
1094,2022,32,855,51,12,13
1094,2022,32,20,117,16,14
1094,2022,32,840,117,20,15
1094,2022,32,854,210,15,16
1094,2022,32,825,210,19,17
1094,2022,32,849,3,18,18
1094,2022,32,4,214,9,19
1094,2022,32,852,213,13,20
1095,2022,18,847,131,1,1
1095,2022,18,1,131,2,2
1095,2022,18,832,6,7,3
1095,2022,18,844,6,5,4
1095,2022,18,4,214,17,5
1095,2022,18,830,9,3,6
1095,2022,18,815,9,4,7
1095,2022,18,839,214,16,8
1095,2022,18,822,51,14,9
1095,2022,18,840,117,15,10
1095,2022,18,20,117,9,11
1095,2022,18,855,51,13,12
1095,2022,18,854,210,12,13
1095,2022,18,842,213,10,14
1095,2022,18,848,3,19,15
1095,2022,18,849,3,18,16
1095,2022,18,852,213,0,17
1095,2022,18,846,1,6,18
1095,2022,18,825,210,8,19
1095,2022,18,817,1,11,20
1096,2022,24,830,9,1,1
1096,2022,24,844,6,3,2
1096,2022,24,815,9,2,3
1096,2022,24,832,6,4,4
1096,2022,24,847,131,6,5
1096,2022,24,846,1,7,6
1096,2022,24,839,214,8,7
1096,2022,24,840,117,14,8
1096,2022,24,817,1,13,9
1096,2022,24,20,117,9,10
1096,2022,24,852,213,11,11
1096,2022,24,855,51,15,12
1096,2022,24,848,3,19,13
1096,2022,24,842,213,17,14
1096,2022,24,822,51,18,15
1096,2022,24,854,210,12,16
1096,2022,24,825,210,16,17
1096,2022,24,1,131,5,18
1096,2022,24,849,3,20,19
1096,2022,24,4,214,10,20
1098,2023,3,830,9,1,1
1098,2023,3,815,9,2,2
1098,2023,3,4,117,5,3
1098,2023,3,832,6,4,4
1098,2023,3,1,131,7,5
1098,2023,3,840,117,8,6
1098,2023,3,847,131,6,7
1098,2023,3,822,51,12,8
1098,2023,3,842,214,20,9
1098,2023,3,848,3,15,10
1098,2023,3,852,213,14,11
1098,2023,3,858,3,16,12
1098,2023,3,825,210,17,13
1098,2023,3,856,213,19,14
1098,2023,3,807,210,10,15
1098,2023,3,855,51,13,16
1098,2023,3,846,1,11,17
1098,2023,3,839,214,9,18
1098,2023,3,844,6,3,19
1098,2023,3,857,1,18,20
1099,2023,77,815,9,1,1
1099,2023,77,830,9,15,2
1099,2023,77,4,117,2,3
1099,2023,77,847,131,3,4
1099,2023,77,1,131,7,5
1099,2023,77,832,6,4,6
1099,2023,77,844,6,12,7
1099,2023,77,839,214,6,8
1099,2023,77,842,214,9,9
1099,2023,77,825,210,13,10
1099,2023,77,852,213,16,11
1099,2023,77,807,210,10,12
1099,2023,77,855,51,11,13
1099,2023,77,856,213,18,14
1099,2023,77,857,1,8,15
1099,2023,77,858,3,20,16
1099,2023,77,846,1,19,17
1099,2023,77,822,51,14,18
1099,2023,77,848,3,17,19
1099,2023,77,840,117,5,20
1100,2023,1,830,9,1,1
1100,2023,1,1,131,3,2
1100,2023,1,4,117,4,3
1100,2023,1,840,117,6,4
1100,2023,1,815,9,0,5
1100,2023,1,846,1,13,6
1100,2023,1,807,210,10,7
1100,2023,1,857,1,16,8
1100,2023,1,855,51,17,9
1100,2023,1,852,213,12,10
1100,2023,1,822,51,0,11
1100,2023,1,832,6,5,12
1100,2023,1,842,214,9,13
1100,2023,1,839,214,11,14
1100,2023,1,856,213,15,15
1100,2023,1,858,3,18,16
1100,2023,1,825,210,14,17
1100,2023,1,847,131,2,18
1100,2023,1,848,3,8,19
1100,2023,1,844,6,7,20
1101,2023,73,815,9,3,1
1101,2023,73,830,9,2,2
1101,2023,73,844,6,1,3
1101,2023,73,4,117,6,4
1101,2023,73,832,6,4,5
1101,2023,73,1,131,5,6
1101,2023,73,840,117,9,7
1101,2023,73,847,131,11,8
1101,2023,73,846,1,7,9
1101,2023,73,852,213,8,10
1101,2023,73,857,1,10,11
1101,2023,73,848,3,12,12
1101,2023,73,825,210,16,13
1101,2023,73,842,214,17,14
1101,2023,73,839,214,0,15
1101,2023,73,858,3,14,16
1101,2023,73,807,210,0,17
1101,2023,73,822,51,13,18
1101,2023,73,855,51,15,19
1101,2023,73,856,213,18,20
1102,2023,79,830,9,9,1
1102,2023,79,815,9,1,2
1102,2023,79,4,117,2,3
1102,2023,79,847,131,6,4
1102,2023,79,832,6,3,5
1102,2023,79,1,131,13,6
1102,2023,79,844,6,7,7
1102,2023,79,842,214,5,8
1102,2023,79,839,214,8,9
1102,2023,79,825,210,4,10
1102,2023,79,852,213,17,11
1102,2023,79,840,117,18,12
1102,2023,79,822,51,10,13
1102,2023,79,848,3,11,14
1102,2023,79,807,210,12,15
1102,2023,79,855,51,14,16
1102,2023,79,846,1,16,17
1102,2023,79,856,213,15,18
1102,2023,79,857,1,19,19
1102,2023,79,858,3,20,20
1104,2023,6,830,9,1,1
1104,2023,6,4,117,2,2
1104,2023,6,839,214,3,3
1104,2023,6,1,131,5,4
1104,2023,6,847,131,8,5
1104,2023,6,844,6,6,6
1104,2023,6,842,214,7,7
1104,2023,6,832,6,4,8
1104,2023,6,846,1,10,9
1104,2023,6,857,1,11,10
1104,2023,6,822,51,15,11
1104,2023,6,856,213,12,12
1104,2023,6,855,51,19,13
1104,2023,6,848,3,13,14
1104,2023,6,852,213,9,15
1104,2023,6,815,9,20,16
1104,2023,6,807,210,18,17
1104,2023,6,858,3,16,18
1104,2023,6,825,210,17,19
1104,2023,6,840,117,14,20
1105,2023,4,830,9,1,1
1105,2023,4,1,131,4,2
1105,2023,4,847,131,12,3
1105,2023,4,815,9,11,4
1105,2023,4,832,6,2,5
1105,2023,4,840,117,5,6
1105,2023,4,4,117,8,7
1105,2023,4,839,214,6,8
1105,2023,4,855,51,13,9
1105,2023,4,842,214,10,10
1105,2023,4,844,6,19,11
1105,2023,4,852,213,15,12
1105,2023,4,857,1,9,13
1105,2023,4,856,213,14,14
1105,2023,4,807,210,7,15
1105,2023,4,848,3,18,16
1105,2023,4,846,1,3,17
1105,2023,4,825,210,17,18
1105,2023,4,822,51,16,19
1105,2023,4,858,3,20,20
1106,2023,7,830,9,1,1
1106,2023,7,4,117,2,2
1106,2023,7,1,131,3,3
1106,2023,7,844,6,10,4
1106,2023,7,832,6,11,5
1106,2023,7,815,9,12,6
1106,2023,7,848,3,9,7
1106,2023,7,839,214,6,8
1106,2023,7,840,117,16,9
1106,2023,7,822,51,14,10
1106,2023,7,857,1,8,11
1106,2023,7,842,214,15,12
1106,2023,7,846,1,7,13
1106,2023,7,852,213,19,14
1106,2023,7,807,210,5,15
1106,2023,7,855,51,20,16
1106,2023,7,825,210,13,17
1106,2023,7,856,213,17,18
1106,2023,7,847,131,4,19
1106,2023,7,858,3,18,20
1107,2023,70,830,9,1,1
1107,2023,70,844,6,2,2
1107,2023,70,815,9,15,3
1107,2023,70,846,1,4,4
1107,2023,70,4,117,7,5
1107,2023,70,832,6,3,6
1107,2023,70,847,131,11,7
1107,2023,70,1,131,5,8
1107,2023,70,840,117,6,9
1107,2023,70,842,214,9,10
1107,2023,70,848,3,10,11
1107,2023,70,855,51,17,12
1107,2023,70,858,3,18,13
1107,2023,70,839,214,12,14
1107,2023,70,822,51,14,15
1107,2023,70,857,1,13,16
1107,2023,70,856,213,0,17
1107,2023,70,825,210,0,18
1107,2023,70,852,213,16,19
1107,2023,70,807,210,8,20
1108,2023,9,830,9,1,1
1108,2023,9,846,1,2,2
1108,2023,9,1,131,7,3
1108,2023,9,857,1,3,4
1108,2023,9,847,131,6,5
1108,2023,9,815,9,15,6
1108,2023,9,4,117,9,7
1108,2023,9,848,3,8,8
1108,2023,9,844,6,4,9
1108,2023,9,832,6,5,10
1108,2023,9,858,3,14,11
1108,2023,9,822,51,20,12
1108,2023,9,807,210,11,13
1108,2023,9,840,117,12,14
1108,2023,9,855,51,17,15
1108,2023,9,852,213,16,16
1108,2023,9,856,213,18,17
1108,2023,9,842,214,10,18
1108,2023,9,825,210,19,19
1108,2023,9,839,214,13,20
1109,2023,11,830,9,2,1
1109,2023,11,846,1,3,2
1109,2023,11,815,9,9,3
1109,2023,11,1,131,1,4
1109,2023,11,857,1,4,5
1109,2023,11,847,131,18,6
1109,2023,11,844,6,6,7
1109,2023,11,832,6,11,8
1109,2023,11,4,117,8,9
1109,2023,11,840,117,14,10
1109,2023,11,848,3,16,11
1109,2023,11,822,51,7,12
1109,2023,11,817,213,13,13
1109,2023,11,807,210,10,14
1109,2023,11,852,213,17,15
1109,2023,11,855,51,5,16
1109,2023,11,825,210,19,17
1109,2023,11,858,3,20,18
1109,2023,11,839,214,12,19
1109,2023,11,842,214,15,20
1110,2023,13,830,9,6,1
1110,2023,13,815,9,2,2
1110,2023,13,844,6,1,3
1110,2023,13,1,131,3,4
1110,2023,13,4,117,9,5
1110,2023,13,847,131,8,6
1110,2023,13,846,1,7,7
1110,2023,13,839,214,14,8
1110,2023,13,840,117,10,9
1110,2023,13,852,213,11,10
1110,2023,13,842,214,12,11
1110,2023,13,822,51,13,12
1110,2023,13,855,51,17,13
1110,2023,13,848,3,15,14
1110,2023,13,825,210,16,15
1110,2023,13,817,213,19,16
1110,2023,13,858,3,18,17
1110,2023,13,807,210,0,18
1110,2023,13,832,6,4,19
1110,2023,13,857,1,5,20
1111,2023,39,830,9,1,1
1111,2023,39,4,117,5,2
1111,2023,39,842,214,12,3
1111,2023,39,815,9,7,4
1111,2023,39,832,6,6,5
1111,2023,39,1,131,13,6
1111,2023,39,846,1,2,7
1111,2023,39,848,3,4,8
1111,2023,39,857,1,8,9
1111,2023,39,839,214,16,10
1111,2023,39,840,117,11,11
1111,2023,39,807,210,14,12
1111,2023,39,859,213,19,13
1111,2023,39,822,51,18,14
1111,2023,39,852,213,17,15
1111,2023,39,825,210,0,16
1111,2023,39,847,131,3,17
1111,2023,39,855,51,15,18
1111,2023,39,844,6,9,19
1111,2023,39,858,3,10,20
1112,2023,14,830,9,2,1
1112,2023,14,815,9,5,2
1112,2023,14,832,6,1,3
1112,2023,14,844,6,3,4
1112,2023,14,847,131,4,5
1112,2023,14,1,131,8,6
1112,2023,14,848,3,6,7
1112,2023,14,846,1,9,8
1112,2023,14,4,117,10,9
1112,2023,14,822,51,14,10
1112,2023,14,859,213,12,11
1112,2023,14,857,1,7,12
1112,2023,14,858,3,15,13
1112,2023,14,855,51,16,14
1112,2023,14,842,214,17,15
1112,2023,14,840,117,20,16
1112,2023,14,807,210,13,17
1112,2023,14,825,210,19,18
1112,2023,14,839,214,18,19
1112,2023,14,852,213,11,20
1113,2023,15,832,6,1,1
1113,2023,15,846,1,4,2
1113,2023,15,1,131,5,3
1113,2023,15,844,6,3,4
1113,2023,15,830,9,11,5
1113,2023,15,842,214,12,6
1113,2023,15,857,1,17,7
1113,2023,15,815,9,13,8
1113,2023,15,859,213,10,9
1113,2023,15,825,210,6,10
1113,2023,15,848,3,14,11
1113,2023,15,855,51,0,12
1113,2023,15,807,210,9,13
1113,2023,15,858,3,18,14
1113,2023,15,4,117,7,15
1113,2023,15,847,131,2,16
1113,2023,15,822,51,16,17
1113,2023,15,839,214,8,18
1113,2023,15,852,213,15,19
1113,2023,15,840,117,0,20
1114,2023,22,830,9,1,1
1114,2023,22,846,1,3,2
1114,2023,22,857,1,2,3
1114,2023,22,844,6,4,4
1114,2023,22,1,131,7,5
1114,2023,22,832,6,6,6
1114,2023,22,847,131,8,7
1114,2023,22,4,117,10,8
1114,2023,22,839,214,14,9
1114,2023,22,842,214,12,10
1114,2023,22,859,213,11,11
1114,2023,22,852,213,9,12
1114,2023,22,855,51,19,13
1114,2023,22,807,210,18,14
1114,2023,22,825,210,15,15
1114,2023,22,848,3,13,16
1114,2023,22,858,3,0,17
1114,2023,22,840,117,17,18
1114,2023,22,815,9,5,19
1114,2023,22,822,51,16,20
1115,2023,78,830,9,1,1
1115,2023,78,857,1,6,2
1115,2023,78,846,1,10,3
1115,2023,78,847,131,2,4
1115,2023,78,844,6,5,5
1115,2023,78,4,117,4,6
1115,2023,78,839,214,8,7
1115,2023,78,822,51,9,8
1115,2023,78,855,51,19,9
1115,2023,78,815,9,0,10
1115,2023,78,840,117,16,11
1115,2023,78,842,214,7,12
1115,2023,78,848,3,13,13
1115,2023,78,825,210,18,14
1115,2023,78,852,213,11,15
1115,2023,78,807,210,14,16
1115,2023,78,859,213,17,17
1115,2023,78,858,3,15,18
1115,2023,78,1,131,3,19
1115,2023,78,832,6,12,20
1116,2023,69,830,9,6,1
1116,2023,69,846,1,2,2
1116,2023,69,832,6,4,3
1116,2023,69,815,9,9,4
1116,2023,69,847,131,5,5
1116,2023,69,842,214,7,6
1116,2023,69,840,117,0,7
1116,2023,69,852,213,11,8
1116,2023,69,848,3,15,9
1116,2023,69,858,3,16,10
1116,2023,69,807,210,0,11
1116,2023,69,822,51,13,12
1116,2023,69,855,51,12,13
1116,2023,69,825,210,0,14
1116,2023,69,817,213,14,15
1116,2023,69,4,117,0,16
1116,2023,69,857,1,10,17
1116,2023,69,839,214,8,18
1116,2023,69,1,131,3,19
1116,2023,69,844,6,1,20
1117,2023,32,830,9,3,1
1117,2023,32,1,131,6,2
1117,2023,32,844,6,1,3
1117,2023,32,832,6,2,4
1117,2023,32,846,1,17,5
1117,2023,32,847,131,8,6
1117,2023,32,817,213,4,7
1117,2023,32,857,1,7,8
1117,2023,32,848,3,14,9
1117,2023,32,839,214,15,10
1117,2023,32,842,214,11,11
1117,2023,32,852,213,18,12
1117,2023,32,807,210,12,13
1117,2023,32,855,51,10,14
1117,2023,32,822,51,9,15
1117,2023,32,858,3,19,16
1117,2023,32,840,117,0,17
1117,2023,32,4,117,13,18
1117,2023,32,825,210,16,19
1117,2023,32,815,9,5,20
1118,2023,18,830,9,1,1
1118,2023,18,846,1,6,2
1118,2023,18,4,117,4,3
1118,2023,18,815,9,9,4
1118,2023,18,840,117,3,5
1118,2023,18,832,6,7,6
1118,2023,18,842,214,15,7
1118,2023,18,1,131,5,8
1118,2023,18,852,213,16,9
1118,2023,18,839,214,14,10
1118,2023,18,858,3,19,11
1118,2023,18,807,210,11,12
1118,2023,18,817,213,17,13
1118,2023,18,857,1,10,14
1118,2023,18,847,131,8,15
1118,2023,18,822,51,18,16
1118,2023,18,855,51,20,17
1118,2023,18,825,210,12,18
1118,2023,18,848,3,13,19
1118,2023,18,844,6,0,20
1119,2023,80,830,9,2,1
1119,2023,80,844,6,1,2
1119,2023,80,815,9,11,3
1119,2023,80,839,214,16,4
1119,2023,80,840,117,19,5
1119,2023,80,832,6,12,6
1119,2023,80,1,131,10,7
1119,2023,80,847,131,3,8
1119,2023,80,4,117,9,9
1119,2023,80,857,1,18,10
1119,2023,80,842,214,4,11
1119,2023,80,848,3,5,12
1119,2023,80,825,210,8,13
1119,2023,80,817,213,14,14
1119,2023,80,855,51,17,15
1119,2023,80,858,3,6,16
1119,2023,80,822,51,7,17
1119,2023,80,852,213,20,18
1119,2023,80,807,210,13,19
1119,2023,80,846,1,15,20
1120,2023,24,830,9,1,1
1120,2023,24,844,6,2,2
1120,2023,24,847,131,4,3
1120,2023,24,815,9,9,4
1120,2023,24,846,1,5,5
1120,2023,24,857,1,3,6
1120,2023,24,4,117,7,7
1120,2023,24,852,213,6,8
1120,2023,24,1,131,11,9
1120,2023,24,840,117,13,10
1120,2023,24,817,213,15,11
1120,2023,24,839,214,12,12
1120,2023,24,842,214,10,13
1120,2023,24,848,3,14,14
1120,2023,24,807,210,8,15
1120,2023,24,858,3,20,16
1120,2023,24,855,51,19,17
1120,2023,24,832,6,16,18
1120,2023,24,822,51,18,19
1120,2023,24,825,210,17,20
1121,2024,3,830,9,1,1
1121,2024,3,815,9,5,2
1121,2024,3,832,6,4,3
1121,2024,3,844,6,2,4
1121,2024,3,847,131,3,5
1121,2024,3,846,1,7,6
1121,2024,3,1,131,9,7
1121,2024,3,857,1,8,8
1121,2024,3,4,117,6,9
1121,2024,3,840,117,12,10
1121,2024,3,855,15,17,11
1121,2024,3,825,210,15,12
1121,2024,3,817,215,14,13
1121,2024,3,852,215,11,14
1121,2024,3,848,3,13,15
1121,2024,3,807,210,10,16
1121,2024,3,839,214,19,17
1121,2024,3,842,214,20,18
1121,2024,3,822,15,16,19
1121,2024,3,858,3,18,20
1122,2024,77,830,9,1,1
1122,2024,77,815,9,3,2
1122,2024,77,844,6,2,3
1122,2024,77,857,1,5,4
1122,2024,77,4,117,4,5
1122,2024,77,847,131,7,6
1122,2024,77,860,6,11,7
1122,2024,77,846,1,6,8
1122,2024,77,1,131,8,9
1122,2024,77,807,210,15,10
1122,2024,77,848,3,12,11
1122,2024,77,825,210,13,12
1122,2024,77,839,214,17,13
1122,2024,77,858,3,19,14
1122,2024,77,852,215,9,15
1122,2024,77,817,215,14,16
1122,2024,77,822,15,16,17
1122,2024,77,855,15,20,18
1122,2024,77,840,117,10,19
1122,2024,77,842,214,18,20
1123,2024,1,832,6,2,1
1123,2024,1,844,6,4,2
1123,2024,1,846,1,3,3
1123,2024,1,857,1,5,4
1123,2024,1,815,9,6,5
1123,2024,1,840,117,9,6
1123,2024,1,852,215,8,7
1123,2024,1,4,117,10,8
1123,2024,1,807,210,16,9
1123,2024,1,825,210,14,10
1123,2024,1,848,3,12,11
1123,2024,1,817,215,18,12
1123,2024,1,842,214,17,13
1123,2024,1,822,15,13,14
1123,2024,1,855,15,19,15
1123,2024,1,839,214,15,16
1123,2024,1,847,131,7,17
1123,2024,1,1,131,11,18
1123,2024,1,830,9,1,19
1124,2024,22,830,9,1,1
1124,2024,22,815,9,2,2
1124,2024,22,832,6,4,3
1124,2024,22,844,6,8,4
1124,2024,22,846,1,3,5
1124,2024,22,4,117,5,6
1124,2024,22,847,131,9,7
1124,2024,22,857,1,6,8
1124,2024,22,1,131,7,9
1124,2024,22,852,215,10,10
1124,2024,22,807,210,12,11
1124,2024,22,840,117,16,12
1124,2024,22,825,210,18,13
1124,2024,22,822,15,13,14
1124,2024,22,839,214,15,15
1124,2024,22,842,214,17,16
1124,2024,22,858,3,19,17
1124,2024,22,855,15,20,18
1124,2024,22,817,215,11,19
1124,2024,22,848,3,14,20
1125,2024,17,830,9,1,1
1125,2024,17,846,1,4,2
1125,2024,17,815,9,2,3
1125,2024,17,844,6,6,4
1125,2024,17,832,6,7,5
1125,2024,17,847,131,8,6
1125,2024,17,4,117,3,7
1125,2024,17,857,1,5,8
1125,2024,17,1,131,18,9
1125,2024,17,807,210,9,10
1125,2024,17,839,214,13,11
1125,2024,17,848,3,14,12
1125,2024,17,842,214,15,13
1125,2024,17,855,15,16,14
1125,2024,17,840,117,11,15
1125,2024,17,825,210,17,16
1125,2024,17,858,3,20,17
1125,2024,17,817,215,12,18
1125,2024,17,852,215,19,19
1125,2024,17,822,15,10,20
1126,2024,79,846,1,5,1
1126,2024,79,830,9,1,2
1126,2024,79,844,6,2,3
1126,2024,79,815,9,4,4
1126,2024,79,832,6,3,5
1126,2024,79,1,131,8,6
1126,2024,79,852,215,10,7
1126,2024,79,847,131,7,8
1126,2024,79,4,117,15,9
1126,2024,79,839,214,13,10
1126,2024,79,807,210,9,11
1126,2024,79,842,214,12,12
1126,2024,79,857,1,6,13
1126,2024,79,855,15,19,14
1126,2024,79,817,215,20,15
1126,2024,79,822,15,16,16
1126,2024,79,840,117,11,17
1126,2024,79,848,3,14,18
1126,2024,79,825,210,18,19
1126,2024,79,858,3,17,20
1127,2024,21,830,9,1,1
1127,2024,21,846,1,2,2
1127,2024,21,844,6,3,3
1127,2024,21,857,1,5,4
1127,2024,21,832,6,4,5
1127,2024,21,1,131,8,6
1127,2024,21,847,131,6,7
1127,2024,21,815,9,11,8
1127,2024,21,840,117,13,9
1127,2024,21,852,215,7,10
1127,2024,21,807,210,10,11
1127,2024,21,825,210,18,12
1127,2024,21,817,215,9,13
1127,2024,21,839,214,12,14
1127,2024,21,855,15,17,15
1127,2024,21,842,214,15,16
1127,2024,21,858,3,19,17
1127,2024,21,822,15,16,18
1127,2024,21,4,117,20,19
1127,2024,21,848,3,14,20
1128,2024,6,844,6,1,1
1128,2024,6,857,1,2,2
1128,2024,6,832,6,3,3
1128,2024,6,846,1,4,4
1128,2024,6,847,131,5,5
1128,2024,6,830,9,6,6
1128,2024,6,1,131,7,7
1128,2024,6,852,215,8,8
1128,2024,6,848,3,9,9
1128,2024,6,842,214,10,10
1128,2024,6,4,117,14,11
1128,2024,6,817,215,12,12
1128,2024,6,822,15,17,13
1128,2024,6,840,117,13,14
1128,2024,6,858,3,15,15
1128,2024,6,855,15,18,16
1128,2024,6,839,214,11,17
1128,2024,6,815,9,16,18
1128,2024,6,807,210,19,19
1128,2024,6,825,210,20,20
1129,2024,7,830,9,2,1
1129,2024,7,846,1,3,2
1129,2024,7,847,131,1,3
1129,2024,7,1,131,7,4
1129,2024,7,857,1,4,5
1129,2024,7,4,117,6,6
1129,2024,7,840,117,9,7
1129,2024,7,817,215,5,8
1129,2024,7,842,214,15,9
1129,2024,7,839,214,18,10
1129,2024,7,807,210,17,11
1129,2024,7,825,210,14,12
1129,2024,7,822,15,0,13
1129,2024,7,852,215,8,14
1129,2024,7,855,15,0,15
1129,2024,7,832,6,12,16
1129,2024,7,848,3,10,17
1129,2024,7,815,9,16,18
1129,2024,7,844,6,11,19
1129,2024,7,858,3,13,20
1130,2024,4,830,9,2,1
1130,2024,4,846,1,1,2
1130,2024,4,1,131,3,3
1130,2024,4,847,131,4,4
1130,2024,4,844,6,5,5
1130,2024,4,832,6,6,6
1130,2024,4,857,1,9,7
1130,2024,4,815,9,11,8
1130,2024,4,842,214,7,9
1130,2024,4,839,214,8,10
1130,2024,4,807,210,13,11
1130,2024,4,4,117,10,12
1130,2024,4,855,15,15,13
1130,2024,4,840,117,14,14
1130,2024,4,817,215,18,15
1130,2024,4,822,15,12,16
1130,2024,4,825,210,16,17
1130,2024,4,848,3,0,18
1130,2024,4,852,215,17,19
1130,2024,4,858,3,19,20
1131,2024,70,847,131,3,1
1131,2024,70,857,1,7,2
1131,2024,70,832,6,4,3
1131,2024,70,1,131,5,4
1131,2024,70,830,9,1,5
1131,2024,70,807,210,9,6
1131,2024,70,815,9,8,7
1131,2024,70,825,210,12,8
1131,2024,70,817,215,11,9
1131,2024,70,842,214,13,10
1131,2024,70,844,6,6,11
1131,2024,70,839,214,10,12
1131,2024,70,840,117,17,13
1131,2024,70,852,215,14,14
1131,2024,70,848,3,16,15
1131,2024,70,822,15,18,16
1131,2024,70,855,15,20,17
1131,2024,70,4,117,15,18
1131,2024,70,858,3,19,19
1131,2024,70,846,1,2,20
1132,2024,9,1,131,2,1
1132,2024,9,830,9,4,2
1132,2024,9,846,1,3,3
1132,2024,9,857,1,5,4
1132,2024,9,832,6,7,5
1132,2024,9,807,210,6,6
1132,2024,9,840,117,8,7
1132,2024,9,4,117,10,8
1132,2024,9,848,3,9,9
1132,2024,9,852,215,13,10
1132,2024,9,858,3,12,11
1132,2024,9,825,210,17,12
1132,2024,9,817,215,15,13
1132,2024,9,844,6,11,14
1132,2024,9,822,15,16,15
1132,2024,9,839,214,18,16
1132,2024,9,815,9,0,17
1132,2024,9,855,15,14,18
1132,2024,9,847,131,1,19
1132,2024,9,842,214,19,20
1133,2024,11,857,1,2,1
1133,2024,11,846,1,1,2
1133,2024,11,1,131,5,3
1133,2024,11,844,6,6,4
1133,2024,11,830,9,3,5
1133,2024,11,832,6,4,6
1133,2024,11,815,9,16,7
1133,2024,11,847,131,17,8
1133,2024,11,852,215,10,9
1133,2024,11,840,117,8,10
1133,2024,11,4,117,7,11
1133,2024,11,817,215,9,12
1133,2024,11,807,210,11,13
1133,2024,11,848,3,13,14
1133,2024,11,825,210,15,15
1133,2024,11,822,15,12,16
1133,2024,11,858,3,14,17
1133,2024,11,839,214,19,18
1133,2024,11,855,15,18,19
1133,2024,11,842,214,0,20
1134,2024,13,1,131,3,1
1134,2024,13,857,1,5,2
1134,2024,13,844,6,1,3
1134,2024,13,830,9,11,4
1134,2024,13,846,1,4,5
1134,2024,13,832,6,7,6
1134,2024,13,815,9,2,7
1134,2024,13,4,117,8,8
1134,2024,13,839,214,9,9
1134,2024,13,817,215,13,10
1134,2024,13,840,117,15,11
1134,2024,13,848,3,10,12
1134,2024,13,842,214,12,13
1134,2024,13,825,210,17,14
1134,2024,13,822,15,14,15
1134,2024,13,852,215,20,16
1134,2024,13,858,3,18,17
1134,2024,13,807,210,16,18
1134,2024,13,855,15,19,19
1134,2024,13,847,131,6,20
1135,2024,39,846,1,1,1
1135,2024,39,830,9,2,2
1135,2024,39,844,6,6,3
1135,2024,39,857,1,3,4
1135,2024,39,832,6,10,5
1135,2024,39,815,9,5,6
1135,2024,39,847,131,4,7
1135,2024,39,1,131,14,8
1135,2024,39,842,214,9,9
1135,2024,39,4,117,7,10
1135,2024,39,807,210,12,11
1135,2024,39,817,215,13,12
1135,2024,39,840,117,8,13
1135,2024,39,848,3,19,14
1135,2024,39,839,214,15,15
1135,2024,39,858,3,18,16
1135,2024,39,852,215,11,17
1135,2024,39,825,210,0,18
1135,2024,39,822,15,16,19
1135,2024,39,855,15,17,20
1136,2024,14,844,6,4,1
1136,2024,14,857,1,2,2
1136,2024,14,846,1,1,3
1136,2024,14,832,6,5,4
1136,2024,14,1,131,6,5
1136,2024,14,830,9,7,6
1136,2024,14,847,131,3,7
1136,2024,14,815,9,8,8
1136,2024,14,848,3,9,9
1136,2024,14,825,210,13,10
1136,2024,14,4,117,11,11
1136,2024,14,861,3,18,12
1136,2024,14,817,215,12,13
1136,2024,14,839,214,15,14
1136,2024,14,842,214,14,15
1136,2024,14,822,15,19,16
1136,2024,14,807,210,10,17
1136,2024,14,855,15,20,18
1136,2024,14,840,117,17,19
1136,2024,14,852,215,16,20
1137,2024,73,857,1,2,1
1137,2024,73,844,6,1,2
1137,2024,73,847,131,5,3
1137,2024,73,846,1,15,4
1137,2024,73,830,9,6,5
1137,2024,73,4,117,7,6
1137,2024,73,848,3,9,7
1137,2024,73,861,3,8,8
1137,2024,73,1,131,0,9
1137,2024,73,860,210,10,10
1137,2024,73,807,210,12,11
1137,2024,73,842,214,18,12
1137,2024,73,817,215,14,13
1137,2024,73,855,15,17,14
1137,2024,73,839,214,0,15
1137,2024,73,822,15,16,16
1137,2024,73,815,9,4,17
1137,2024,73,832,6,3,18
1137,2024,73,840,117,13,19
1137,2024,73,852,215,11,20
1138,2024,15,846,1,1,1
1138,2024,15,830,9,2,2
1138,2024,15,857,1,5,3
1138,2024,15,847,131,4,4
1138,2024,15,844,6,9,5
1138,2024,15,1,131,3,6
1138,2024,15,832,6,10,7
1138,2024,15,4,117,7,8
1138,2024,15,807,210,6,9
1138,2024,15,815,9,13,10
1138,2024,15,861,3,12,11
1138,2024,15,852,215,8,12
1138,2024,15,839,214,15,13
1138,2024,15,840,117,17,14
1138,2024,15,855,15,20,15
1138,2024,15,822,15,19,16
1138,2024,15,842,214,18,17
1138,2024,15,817,215,16,18
1138,2024,15,825,210,14,19
1138,2024,15,848,3,11,20
1139,2024,69,844,6,4,1
1139,2024,69,832,6,3,2
1139,2024,69,830,9,2,3
1139,2024,69,846,1,1,4
1139,2024,69,857,1,5,5
1139,2024,69,847,131,20,6
1139,2024,69,815,9,9,7
1139,2024,69,807,210,11,8
1139,2024,69,859,215,19,9
1139,2024,69,861,3,15,10
1139,2024,69,825,210,8,11
1139,2024,69,842,214,6,12
1139,2024,69,4,117,7,13
1139,2024,69,852,215,10,14
1139,2024,69,840,117,13,15
1139,2024,69,848,3,14,16
1139,2024,69,822,15,16,17
1139,2024,69,839,214,12,18
1139,2024,69,855,15,18,19
1139,2024,69,1,131,17,20
1140,2024,32,832,6,1,1
1140,2024,32,846,1,3,2
1140,2024,32,844,6,4,3
1140,2024,32,1,131,6,4
1140,2024,32,847,131,5,5
1140,2024,32,830,9,2,6
1140,2024,32,825,210,7,7
1140,2024,32,857,1,17,8
1140,2024,32,807,210,10,9
1140,2024,32,842,214,8,10
1140,2024,32,840,117,14,11
1140,2024,32,861,3,16,12
1140,2024,32,839,214,0,13
1140,2024,32,822,15,15,14
1140,2024,32,855,15,19,15
1140,2024,32,859,215,12,16
1140,2024,32,815,9,18,17
1140,2024,32,4,117,13,18
1140,2024,32,848,3,9,19
1140,2024,32,852,215,11,20
1141,2024,18,830,9,17,1
1141,2024,18,839,214,4,2
1141,2024,18,842,214,13,3
1141,2024,18,847,131,2,4
1141,2024,18,844,6,6,5
1141,2024,18,846,1,1,6
1141,2024,18,852,215,3,7
1141,2024,18,857,1,8,8
1141,2024,18,859,215,5,9
1141,2024,18,1,131,14,10
1141,2024,18,815,9,12,11
1141,2024,18,860,210,15,12
1141,2024,18,822,15,11,13
1141,2024,18,4,117,9,14
1141,2024,18,855,15,19,15
1141,2024,18,832,6,0,16
1141,2024,18,861,3,16,17
1141,2024,18,848,3,7,18
1141,2024,18,840,117,10,19
1141,2024,18,807,210,17,20
1142,2024,80,847,131,1,1
1142,2024,80,1,131,10,2
1142,2024,80,832,6,2,3
1142,2024,80,844,6,4,4
1142,2024,80,830,9,5,5
1142,2024,80,846,1,6,6
1142,2024,80,857,1,8,7
1142,2024,80,807,210,9,8
1142,2024,80,852,215,7,9
1142,2024,80,815,9,15,10
1142,2024,80,4,117,16,11
1142,2024,80,825,210,12,12
1142,2024,80,855,15,13,13
1142,2024,80,861,3,0,14
1142,2024,80,840,117,18,15
1142,2024,80,859,215,14,16
1142,2024,80,839,214,11,17
1142,2024,80,822,15,19,18
1142,2024,80,848,3,17,19
1142,2024,80,842,214,3,20
1143,2024,78,830,9,2,1
1143,2024,78,844,6,5,2
1143,2024,78,857,1,4,3
1143,2024,78,847,131,1,4
1143,2024,78,842,214,11,5
1143,2024,78,832,6,7,6
1143,2024,78,4,117,8,7
1143,2024,78,855,15,12,8
1143,2024,78,825,210,10,9
1143,2024,78,846,1,3,10
1143,2024,78,822,15,13,11
1143,2024,78,1,131,6,12
1143,2024,78,852,215,14,13
1143,2024,78,859,215,17,14
1143,2024,78,848,3,16,15
1143,2024,78,807,210,18,16
1143,2024,78,815,9,9,17
1143,2024,78,840,117,15,18
1143,2024,78,861,3,19,19
1143,2024,78,839,214,20,20
1144,2024,24,846,1,1,1
1144,2024,24,832,6,3,2
1144,2024,24,844,6,19,3
1144,2024,24,1,131,16,4
1144,2024,24,847,131,6,5
1144,2024,24,830,9,4,6
1144,2024,24,842,214,5,7
1144,2024,24,807,210,7,8
1144,2024,24,4,117,8,9
1144,2024,24,857,1,2,10
1144,2024,24,848,3,18,11
1144,2024,24,852,215,11,12
1144,2024,24,855,15,15,13
1144,2024,24,840,117,13,14
1144,2024,24,862,214,17,15
1144,2024,24,825,210,14,16
1144,2024,24,859,215,12,17
1144,2024,24,822,15,9,18
1144,2024,24,861,3,20,19
1144,2024,24,815,9,10,20
